63,/sftp/sftp_unr/uploads/Historic_Aerial_Photos/14-25.tif
89,/sftp/sftp_unr/uploads/Historic_Aerial_Photos/14-26.tif
90,/sftp/sftp_unr/uploads/Historic_Aerial_Photos/14-27.tif
91,/sftp/sftp_unr/uploads/Historic_Aerial_Photos/14-60.tif
92,/sftp/sftp_unr/uploads/Historic_Aerial_Photos/14-61.tif
93,/sftp/sftp_unr/uploads/Historic_Aerial_Photos/14-62.tif
94,/sftp/sftp_unr/uploads/Historic_Aerial_Photos/14-63.tif
95,/sftp/sftp_unr/uploads/Historic_Aerial_Photos/14-64.tif
96,/sftp/sftp_unr/uploads/Historic_Aerial_Photos/14-65.tif
97,/sftp/sftp_unr/uploads/Historic_Aerial_Photos/14-66.tif
98,/sftp/sftp_unr/uploads/Historic_Aerial_Photos/14-67.tif
99,/sftp/sftp_unr/uploads/Historic_Aerial_Photos/14-68.tif
100,/sftp/sftp_unr/uploads/Historic_Aerial_Photos/14-69.tif
101,/sftp/sftp_unr/uploads/Historic_Aerial_Photos/14-70.tif
102,/sftp/sftp_unr/uploads/Historic_Aerial_Photos/14-96.tif
103,/sftp/sftp_unr/uploads/Historic_Aerial_Photos/14-97.tif
104,/sftp/sftp_unr/uploads/Historic_Aerial_Photos/14-98.tif
105,/sftp/sftp_unr/uploads/Historic_Aerial_Photos/14-99.tif
106,/sftp/sftp_unr/uploads/Historic_Aerial_Photos/16-042.tif
107,/sftp/sftp_unr/uploads/Historic_Aerial_Photos/16-043.tif
108,/sftp/sftp_unr/uploads/Historic_Aerial_Photos/16-044.tif
109,/sftp/sftp_unr/uploads/Historic_Aerial_Photos/16-047.tif
110,/sftp/sftp_unr/uploads/Historic_Aerial_Photos/16-048.tif
123,/sftp/sftp_unr/uploads/Historic_Aerial_Photos/16-049.tif
124,/sftp/sftp_unr/uploads/Historic_Aerial_Photos/16-050.tif
125,/sftp/sftp_unr/uploads/Historic_Aerial_Photos/16-051.tif
122,/sftp/sftp_unr/uploads/Historic_Aerial_Photos/16-110.tif
111,/sftp/sftp_unr/uploads/Historic_Aerial_Photos/16-111.tif
112,/sftp/sftp_unr/uploads/Historic_Aerial_Photos/16-112.tif
113,/sftp/sftp_unr/uploads/Historic_Aerial_Photos/17-001.tif
114,/sftp/sftp_unr/uploads/Historic_Aerial_Photos/17-002.tif
115,/sftp/sftp_unr/uploads/Historic_Aerial_Photos/17-003.tif
116,/sftp/sftp_unr/uploads/Historic_Aerial_Photos/17-008.tif
117,/sftp/sftp_unr/uploads/Historic_Aerial_Photos/17-009.tif
118,/sftp/sftp_unr/uploads/Historic_Aerial_Photos/17-010.tif
119,/sftp/sftp_unr/uploads/Historic_Aerial_Photos/17-011.tif
120,/sftp/sftp_unr/uploads/Historic_Aerial_Photos/17-012.tif
121,/sftp/sftp_unr/uploads/Historic_Aerial_Photos/17-013.tif
66,/sftp/sftp_unr/uploads/Historic_Aerial_Photos/17-014.tif
67,/sftp/sftp_unr/uploads/Historic_Aerial_Photos/17-015.tif
68,/sftp/sftp_unr/uploads/Historic_Aerial_Photos/17-016.tif
69,/sftp/sftp_unr/uploads/Historic_Aerial_Photos/17-017.tif
70,/sftp/sftp_unr/uploads/Historic_Aerial_Photos/17-018.tif
71,/sftp/sftp_unr/uploads/Historic_Aerial_Photos/17-019.tif
72,/sftp/sftp_unr/uploads/Historic_Aerial_Photos/17-020.tif
73,/sftp/sftp_unr/uploads/Historic_Aerial_Photos/17-021.tif
74,/sftp/sftp_unr/uploads/Historic_Aerial_Photos/17-022.tif
75,/sftp/sftp_unr/uploads/Historic_Aerial_Photos/17-023.tif
76,/sftp/sftp_unr/uploads/Historic_Aerial_Photos/17-071.tif
77,/sftp/sftp_unr/uploads/Historic_Aerial_Photos/17-072.tif
78,/sftp/sftp_unr/uploads/Historic_Aerial_Photos/17-073.tif
79,/sftp/sftp_unr/uploads/Historic_Aerial_Photos/17-074.tif
80,/sftp/sftp_unr/uploads/Historic_Aerial_Photos/17-106.tif
81,/sftp/sftp_unr/uploads/Historic_Aerial_Photos/17-107.tif
82,/sftp/sftp_unr/uploads/Historic_Aerial_Photos/17-108.tif
83,/sftp/sftp_unr/uploads/Historic_Aerial_Photos/17-109.tif
84,/sftp/sftp_unr/uploads/Historic_Aerial_Photos/17-110.tif
85,/sftp/sftp_unr/uploads/Historic_Aerial_Photos/18-034.tif
86,/sftp/sftp_unr/uploads/Historic_Aerial_Photos/18-035.tif
87,/sftp/sftp_unr/uploads/Historic_Aerial_Photos/18-077.tif
88,/sftp/sftp_unr/uploads/Historic_Aerial_Photos/18-078.tif