448,/sftp/sftp_unr/uploads/Olga_Reifschneider_Botanical_Images/NC528.001.tif
432,/sftp/sftp_unr/uploads/Olga_Reifschneider_Botanical_Images/NC528.002.tif
409,/sftp/sftp_unr/uploads/Olga_Reifschneider_Botanical_Images/NC528.003.tif
430,/sftp/sftp_unr/uploads/Olga_Reifschneider_Botanical_Images/NC528.004.tif
431,/sftp/sftp_unr/uploads/Olga_Reifschneider_Botanical_Images/NC528.005.tif
403,/sftp/sftp_unr/uploads/Olga_Reifschneider_Botanical_Images/NC528.018.tif
406,/sftp/sftp_unr/uploads/Olga_Reifschneider_Botanical_Images/NC528.019.tif
404,/sftp/sftp_unr/uploads/Olga_Reifschneider_Botanical_Images/NC528.020.tif
417,/sftp/sftp_unr/uploads/Olga_Reifschneider_Botanical_Images/NC528.021.tif
438,/sftp/sftp_unr/uploads/Olga_Reifschneider_Botanical_Images/NC528.026.tif
413,/sftp/sftp_unr/uploads/Olga_Reifschneider_Botanical_Images/NC528.027.tif
415,/sftp/sftp_unr/uploads/Olga_Reifschneider_Botanical_Images/NC528.028.tif
436,/sftp/sftp_unr/uploads/Olga_Reifschneider_Botanical_Images/NC528.030.tif
437,/sftp/sftp_unr/uploads/Olga_Reifschneider_Botanical_Images/NC528.031.tif
441,/sftp/sftp_unr/uploads/Olga_Reifschneider_Botanical_Images/NC528.032.tif
443,/sftp/sftp_unr/uploads/Olga_Reifschneider_Botanical_Images/NC528.033.tif
394,/sftp/sftp_unr/uploads/Olga_Reifschneider_Botanical_Images/NC528.034.tif
400,/sftp/sftp_unr/uploads/Olga_Reifschneider_Botanical_Images/NC528.035.tif
405,/sftp/sftp_unr/uploads/Olga_Reifschneider_Botanical_Images/NC528.036.tif
422,/sftp/sftp_unr/uploads/Olga_Reifschneider_Botanical_Images/NC528.037.tif
402,/sftp/sftp_unr/uploads/Olga_Reifschneider_Botanical_Images/NC528.038.tif
420,/sftp/sftp_unr/uploads/Olga_Reifschneider_Botanical_Images/NC528.039.tif
447,/sftp/sftp_unr/uploads/Olga_Reifschneider_Botanical_Images/NC528.040.tif
450,/sftp/sftp_unr/uploads/Olga_Reifschneider_Botanical_Images/NC528.041.tif
492,/sftp/sftp_unr/uploads/Olga_Reifschneider_Botanical_Images/NC528.063.tif
473,/sftp/sftp_unr/uploads/Olga_Reifschneider_Botanical_Images/NC528.068.tif
469,/sftp/sftp_unr/uploads/Olga_Reifschneider_Botanical_Images/NC528.069.tif
464,/sftp/sftp_unr/uploads/Olga_Reifschneider_Botanical_Images/NC528.070.tif
466,/sftp/sftp_unr/uploads/Olga_Reifschneider_Botanical_Images/NC528.071.tif
105,/sftp/sftp_unr/uploads/Olga_Reifschneider_Botanical_Images/NC528.101.tif
106,/sftp/sftp_unr/uploads/Olga_Reifschneider_Botanical_Images/NC528.102.tif
465,/sftp/sftp_unr/uploads/Olga_Reifschneider_Botanical_Images/NC528.104.tif
108,/sftp/sftp_unr/uploads/Olga_Reifschneider_Botanical_Images/NC528.105.tif
109,/sftp/sftp_unr/uploads/Olga_Reifschneider_Botanical_Images/NC528.106.tif
110,/sftp/sftp_unr/uploads/Olga_Reifschneider_Botanical_Images/NC528.107.tif
111,/sftp/sftp_unr/uploads/Olga_Reifschneider_Botanical_Images/NC528.108.tif
112,/sftp/sftp_unr/uploads/Olga_Reifschneider_Botanical_Images/NC528.109.tif
113,/sftp/sftp_unr/uploads/Olga_Reifschneider_Botanical_Images/NC528.110.tif
114,/sftp/sftp_unr/uploads/Olga_Reifschneider_Botanical_Images/NC528.111.tif
115,/sftp/sftp_unr/uploads/Olga_Reifschneider_Botanical_Images/NC528.112.tif
116,/sftp/sftp_unr/uploads/Olga_Reifschneider_Botanical_Images/NC528.113.tif
117,/sftp/sftp_unr/uploads/Olga_Reifschneider_Botanical_Images/NC528.114.tif
118,/sftp/sftp_unr/uploads/Olga_Reifschneider_Botanical_Images/NC528.116.tif
119,/sftp/sftp_unr/uploads/Olga_Reifschneider_Botanical_Images/NC528.117.tif
120,/sftp/sftp_unr/uploads/Olga_Reifschneider_Botanical_Images/NC528.118.tif
121,/sftp/sftp_unr/uploads/Olga_Reifschneider_Botanical_Images/NC528.119.tif
122,/sftp/sftp_unr/uploads/Olga_Reifschneider_Botanical_Images/NC528.121.tif
123,/sftp/sftp_unr/uploads/Olga_Reifschneider_Botanical_Images/NC528.122.tif
124,/sftp/sftp_unr/uploads/Olga_Reifschneider_Botanical_Images/NC528.123.tif
480,/sftp/sftp_unr/uploads/Olga_Reifschneider_Botanical_Images/NC528.124.tif
476,/sftp/sftp_unr/uploads/Olga_Reifschneider_Botanical_Images/NC528.125.tif
481,/sftp/sftp_unr/uploads/Olga_Reifschneider_Botanical_Images/NC528.126.tif
477,/sftp/sftp_unr/uploads/Olga_Reifschneider_Botanical_Images/NC528.127.tif
129,/sftp/sftp_unr/uploads/Olga_Reifschneider_Botanical_Images/NC528.131.tif
130,/sftp/sftp_unr/uploads/Olga_Reifschneider_Botanical_Images/NC528.132.tif
131,/sftp/sftp_unr/uploads/Olga_Reifschneider_Botanical_Images/NC528.133.tif
72,/sftp/sftp_unr/uploads/Olga_Reifschneider_Botanical_Images/NC528.134.tif
73,/sftp/sftp_unr/uploads/Olga_Reifschneider_Botanical_Images/NC528.139.tif
479,/sftp/sftp_unr/uploads/Olga_Reifschneider_Botanical_Images/NC528.140.tif
75,/sftp/sftp_unr/uploads/Olga_Reifschneider_Botanical_Images/NC528.141.tif
76,/sftp/sftp_unr/uploads/Olga_Reifschneider_Botanical_Images/NC528.142.tif
77,/sftp/sftp_unr/uploads/Olga_Reifschneider_Botanical_Images/NC528.143.tif
485,/sftp/sftp_unr/uploads/Olga_Reifschneider_Botanical_Images/NC528.144.tif
79,/sftp/sftp_unr/uploads/Olga_Reifschneider_Botanical_Images/NC528.145.tif
80,/sftp/sftp_unr/uploads/Olga_Reifschneider_Botanical_Images/NC528.146.tif
81,/sftp/sftp_unr/uploads/Olga_Reifschneider_Botanical_Images/NC528.147.tif
486,/sftp/sftp_unr/uploads/Olga_Reifschneider_Botanical_Images/NC528.148.tif
483,/sftp/sftp_unr/uploads/Olga_Reifschneider_Botanical_Images/NC528.149.tif
84,/sftp/sftp_unr/uploads/Olga_Reifschneider_Botanical_Images/NC528.150.tif
478,/sftp/sftp_unr/uploads/Olga_Reifschneider_Botanical_Images/NC528.151.tif
133,/sftp/sftp_unr/uploads/Olga_Reifschneider_Botanical_Images/NC528.153.tif
134,/sftp/sftp_unr/uploads/Olga_Reifschneider_Botanical_Images/NC528.154.tif
135,/sftp/sftp_unr/uploads/Olga_Reifschneider_Botanical_Images/NC528.155.tif
136,/sftp/sftp_unr/uploads/Olga_Reifschneider_Botanical_Images/NC528.159.tif
452,/sftp/sftp_unr/uploads/Olga_Reifschneider_Botanical_Images/NC528.161.tif
138,/sftp/sftp_unr/uploads/Olga_Reifschneider_Botanical_Images/NC528.163.tif
139,/sftp/sftp_unr/uploads/Olga_Reifschneider_Botanical_Images/NC528.164.tif
140,/sftp/sftp_unr/uploads/Olga_Reifschneider_Botanical_Images/NC528.165.tif
141,/sftp/sftp_unr/uploads/Olga_Reifschneider_Botanical_Images/NC528.167.tif
142,/sftp/sftp_unr/uploads/Olga_Reifschneider_Botanical_Images/NC528.168.tif
143,/sftp/sftp_unr/uploads/Olga_Reifschneider_Botanical_Images/NC528.169.tif
488,/sftp/sftp_unr/uploads/Olga_Reifschneider_Botanical_Images/NC528.170.tif
493,/sftp/sftp_unr/uploads/Olga_Reifschneider_Botanical_Images/NC528.171.tif
146,/sftp/sftp_unr/uploads/Olga_Reifschneider_Botanical_Images/NC528.172.tif
147,/sftp/sftp_unr/uploads/Olga_Reifschneider_Botanical_Images/NC528.173.tif
148,/sftp/sftp_unr/uploads/Olga_Reifschneider_Botanical_Images/NC528.178.tif
149,/sftp/sftp_unr/uploads/Olga_Reifschneider_Botanical_Images/NC528.179.tif
150,/sftp/sftp_unr/uploads/Olga_Reifschneider_Botanical_Images/NC528.180.tif
151,/sftp/sftp_unr/uploads/Olga_Reifschneider_Botanical_Images/NC528.181.tif
152,/sftp/sftp_unr/uploads/Olga_Reifschneider_Botanical_Images/NC528.182.tif
153,/sftp/sftp_unr/uploads/Olga_Reifschneider_Botanical_Images/NC528.183.tif
154,/sftp/sftp_unr/uploads/Olga_Reifschneider_Botanical_Images/NC528.184.tif
155,/sftp/sftp_unr/uploads/Olga_Reifschneider_Botanical_Images/NC528.186.tif
156,/sftp/sftp_unr/uploads/Olga_Reifschneider_Botanical_Images/NC528.192.tif
157,/sftp/sftp_unr/uploads/Olga_Reifschneider_Botanical_Images/NC528.193.tif
158,/sftp/sftp_unr/uploads/Olga_Reifschneider_Botanical_Images/NC528.195.tif
159,/sftp/sftp_unr/uploads/Olga_Reifschneider_Botanical_Images/NC528.196.tif
160,/sftp/sftp_unr/uploads/Olga_Reifschneider_Botanical_Images/NC528.197.tif
161,/sftp/sftp_unr/uploads/Olga_Reifschneider_Botanical_Images/NC528.198.tif
162,/sftp/sftp_unr/uploads/Olga_Reifschneider_Botanical_Images/NC528.199.tif
487,/sftp/sftp_unr/uploads/Olga_Reifschneider_Botanical_Images/NC528.203.tif
495,/sftp/sftp_unr/uploads/Olga_Reifschneider_Botanical_Images/NC528.204.tif
165,/sftp/sftp_unr/uploads/Olga_Reifschneider_Botanical_Images/NC528.205.tif
463,/sftp/sftp_unr/uploads/Olga_Reifschneider_Botanical_Images/NC528.206.tif
167,/sftp/sftp_unr/uploads/Olga_Reifschneider_Botanical_Images/NC528.208.tif
168,/sftp/sftp_unr/uploads/Olga_Reifschneider_Botanical_Images/NC528.209.tif
169,/sftp/sftp_unr/uploads/Olga_Reifschneider_Botanical_Images/NC528.210.tif
170,/sftp/sftp_unr/uploads/Olga_Reifschneider_Botanical_Images/NC528.211.tif
484,/sftp/sftp_unr/uploads/Olga_Reifschneider_Botanical_Images/NC528.212.tif
172,/sftp/sftp_unr/uploads/Olga_Reifschneider_Botanical_Images/NC528.213.tif
468,/sftp/sftp_unr/uploads/Olga_Reifschneider_Botanical_Images/NC528.214.tif
470,/sftp/sftp_unr/uploads/Olga_Reifschneider_Botanical_Images/NC528.215.tif
471,/sftp/sftp_unr/uploads/Olga_Reifschneider_Botanical_Images/NC528.217.tif
176,/sftp/sftp_unr/uploads/Olga_Reifschneider_Botanical_Images/NC528.218.tif
177,/sftp/sftp_unr/uploads/Olga_Reifschneider_Botanical_Images/NC528.219.tif
496,/sftp/sftp_unr/uploads/Olga_Reifschneider_Botanical_Images/NC528.220.tif
179,/sftp/sftp_unr/uploads/Olga_Reifschneider_Botanical_Images/NC528.223.tif
180,/sftp/sftp_unr/uploads/Olga_Reifschneider_Botanical_Images/NC528.224.tif
181,/sftp/sftp_unr/uploads/Olga_Reifschneider_Botanical_Images/NC528.225.tif
182,/sftp/sftp_unr/uploads/Olga_Reifschneider_Botanical_Images/NC528.227.tif
183,/sftp/sftp_unr/uploads/Olga_Reifschneider_Botanical_Images/NC528.230.tif
184,/sftp/sftp_unr/uploads/Olga_Reifschneider_Botanical_Images/NC528.231.tif
185,/sftp/sftp_unr/uploads/Olga_Reifschneider_Botanical_Images/NC528.233.tif
186,/sftp/sftp_unr/uploads/Olga_Reifschneider_Botanical_Images/NC528.234.tif
187,/sftp/sftp_unr/uploads/Olga_Reifschneider_Botanical_Images/NC528.235.tif
188,/sftp/sftp_unr/uploads/Olga_Reifschneider_Botanical_Images/NC528.240.tif
189,/sftp/sftp_unr/uploads/Olga_Reifschneider_Botanical_Images/NC528.241.tif
190,/sftp/sftp_unr/uploads/Olga_Reifschneider_Botanical_Images/NC528.242.tif
191,/sftp/sftp_unr/uploads/Olga_Reifschneider_Botanical_Images/NC528.243.tif
192,/sftp/sftp_unr/uploads/Olga_Reifschneider_Botanical_Images/NC528.244.tif
287,/sftp/sftp_unr/uploads/Olga_Reifschneider_Botanical_Images/NC528.245.tif
194,/sftp/sftp_unr/uploads/Olga_Reifschneider_Botanical_Images/NC528.246.tif
195,/sftp/sftp_unr/uploads/Olga_Reifschneider_Botanical_Images/NC528.249.tif
439,/sftp/sftp_unr/uploads/Olga_Reifschneider_Botanical_Images/NC528.250.tif
197,/sftp/sftp_unr/uploads/Olga_Reifschneider_Botanical_Images/NC528.251.tif
198,/sftp/sftp_unr/uploads/Olga_Reifschneider_Botanical_Images/NC528.252.tif
442,/sftp/sftp_unr/uploads/Olga_Reifschneider_Botanical_Images/NC528.254.tif
200,/sftp/sftp_unr/uploads/Olga_Reifschneider_Botanical_Images/NC528.255.tif
201,/sftp/sftp_unr/uploads/Olga_Reifschneider_Botanical_Images/NC528.256.tif
411,/sftp/sftp_unr/uploads/Olga_Reifschneider_Botanical_Images/NC528.257.tif
412,/sftp/sftp_unr/uploads/Olga_Reifschneider_Botanical_Images/NC528.258.tif
433,/sftp/sftp_unr/uploads/Olga_Reifschneider_Botanical_Images/NC528.260.tif
429,/sftp/sftp_unr/uploads/Olga_Reifschneider_Botanical_Images/NC528.261.tif
434,/sftp/sftp_unr/uploads/Olga_Reifschneider_Botanical_Images/NC528.271.tif
207,/sftp/sftp_unr/uploads/Olga_Reifschneider_Botanical_Images/NC528.272.tif
407,/sftp/sftp_unr/uploads/Olga_Reifschneider_Botanical_Images/NC528.273.tif
209,/sftp/sftp_unr/uploads/Olga_Reifschneider_Botanical_Images/NC528.277.tif
210,/sftp/sftp_unr/uploads/Olga_Reifschneider_Botanical_Images/NC528.278.tif
211,/sftp/sftp_unr/uploads/Olga_Reifschneider_Botanical_Images/NC528.302.tif
212,/sftp/sftp_unr/uploads/Olga_Reifschneider_Botanical_Images/NC528.303.tif
213,/sftp/sftp_unr/uploads/Olga_Reifschneider_Botanical_Images/NC528.304.tif
214,/sftp/sftp_unr/uploads/Olga_Reifschneider_Botanical_Images/NC528.312.tif
215,/sftp/sftp_unr/uploads/Olga_Reifschneider_Botanical_Images/NC528.313.tif
216,/sftp/sftp_unr/uploads/Olga_Reifschneider_Botanical_Images/NC528.314.tif
217,/sftp/sftp_unr/uploads/Olga_Reifschneider_Botanical_Images/NC528.315.tif
218,/sftp/sftp_unr/uploads/Olga_Reifschneider_Botanical_Images/NC528.316.tif
219,/sftp/sftp_unr/uploads/Olga_Reifschneider_Botanical_Images/NC528.317.tif
220,/sftp/sftp_unr/uploads/Olga_Reifschneider_Botanical_Images/NC528.318.tif
221,/sftp/sftp_unr/uploads/Olga_Reifschneider_Botanical_Images/NC528.319.tif
222,/sftp/sftp_unr/uploads/Olga_Reifschneider_Botanical_Images/NC528.320.tif
223,/sftp/sftp_unr/uploads/Olga_Reifschneider_Botanical_Images/NC528.321.tif
224,/sftp/sftp_unr/uploads/Olga_Reifschneider_Botanical_Images/NC528.322.tif
462,/sftp/sftp_unr/uploads/Olga_Reifschneider_Botanical_Images/NC528.323.tif
226,/sftp/sftp_unr/uploads/Olga_Reifschneider_Botanical_Images/NC528.335.tif
227,/sftp/sftp_unr/uploads/Olga_Reifschneider_Botanical_Images/NC528.345.tif
454,/sftp/sftp_unr/uploads/Olga_Reifschneider_Botanical_Images/NC528.360.tif
455,/sftp/sftp_unr/uploads/Olga_Reifschneider_Botanical_Images/NC528.361.tif
449,/sftp/sftp_unr/uploads/Olga_Reifschneider_Botanical_Images/NC528.362.tif
472,/sftp/sftp_unr/uploads/Olga_Reifschneider_Botanical_Images/NC528.367.tif
423,/sftp/sftp_unr/uploads/Olga_Reifschneider_Botanical_Images/NC528.368.tif
440,/sftp/sftp_unr/uploads/Olga_Reifschneider_Botanical_Images/NC528.369.tif
456,/sftp/sftp_unr/uploads/Olga_Reifschneider_Botanical_Images/NC528.370.tif
234,/sftp/sftp_unr/uploads/Olga_Reifschneider_Botanical_Images/NC528.371.tif
235,/sftp/sftp_unr/uploads/Olga_Reifschneider_Botanical_Images/NC528.372.tif
425,/sftp/sftp_unr/uploads/Olga_Reifschneider_Botanical_Images/NC528.375.tif
236,/sftp/sftp_unr/uploads/Olga_Reifschneider_Botanical_Images/NC528.376.tif
444,/sftp/sftp_unr/uploads/Olga_Reifschneider_Botanical_Images/NC528.377.tif
467,/sftp/sftp_unr/uploads/Olga_Reifschneider_Botanical_Images/NC528.379.tif
427,/sftp/sftp_unr/uploads/Olga_Reifschneider_Botanical_Images/NC528.381.tif
418,/sftp/sftp_unr/uploads/Olga_Reifschneider_Botanical_Images/NC528.382.tif
237,/sftp/sftp_unr/uploads/Olga_Reifschneider_Botanical_Images/NC528.404.tif
238,/sftp/sftp_unr/uploads/Olga_Reifschneider_Botanical_Images/NC528.405.tif
239,/sftp/sftp_unr/uploads/Olga_Reifschneider_Botanical_Images/NC528.407.tif
240,/sftp/sftp_unr/uploads/Olga_Reifschneider_Botanical_Images/NC528.408.tif
241,/sftp/sftp_unr/uploads/Olga_Reifschneider_Botanical_Images/NC528.410.tif
489,/sftp/sftp_unr/uploads/Olga_Reifschneider_Botanical_Images/NC528.411.tif
243,/sftp/sftp_unr/uploads/Olga_Reifschneider_Botanical_Images/NC528.422.tif
474,/sftp/sftp_unr/uploads/Olga_Reifschneider_Botanical_Images/NC528.423.tif
410,/sftp/sftp_unr/uploads/Olga_Reifschneider_Botanical_Images/NC528.424.tif
245,/sftp/sftp_unr/uploads/Olga_Reifschneider_Botanical_Images/NC528.425.tif
491,/sftp/sftp_unr/uploads/Olga_Reifschneider_Botanical_Images/NC528.427.tif
424,/sftp/sftp_unr/uploads/Olga_Reifschneider_Botanical_Images/NC528.428.tif
247,/sftp/sftp_unr/uploads/Olga_Reifschneider_Botanical_Images/NC528.430.tif
85,/sftp/sftp_unr/uploads/Olga_Reifschneider_Botanical_Images/NC528.45.tif
86,/sftp/sftp_unr/uploads/Olga_Reifschneider_Botanical_Images/NC528.465.tif
461,/sftp/sftp_unr/uploads/Olga_Reifschneider_Botanical_Images/NC528.466.tif
460,/sftp/sftp_unr/uploads/Olga_Reifschneider_Botanical_Images/NC528.46.tif
87,/sftp/sftp_unr/uploads/Olga_Reifschneider_Botanical_Images/NC528.47.tif
426,/sftp/sftp_unr/uploads/Olga_Reifschneider_Botanical_Images/NC528.482.tif
250,/sftp/sftp_unr/uploads/Olga_Reifschneider_Botanical_Images/NC528.483.tif
251,/sftp/sftp_unr/uploads/Olga_Reifschneider_Botanical_Images/NC528.485.tif
252,/sftp/sftp_unr/uploads/Olga_Reifschneider_Botanical_Images/NC528.486.tif
253,/sftp/sftp_unr/uploads/Olga_Reifschneider_Botanical_Images/NC528.487.tif
498,/sftp/sftp_unr/uploads/Olga_Reifschneider_Botanical_Images/NC528.491.tif
490,/sftp/sftp_unr/uploads/Olga_Reifschneider_Botanical_Images/NC528.492.tif
421,/sftp/sftp_unr/uploads/Olga_Reifschneider_Botanical_Images/NC528.499.tif
256,/sftp/sftp_unr/uploads/Olga_Reifschneider_Botanical_Images/NC528.500.tif
257,/sftp/sftp_unr/uploads/Olga_Reifschneider_Botanical_Images/NC528.501.tif
435,/sftp/sftp_unr/uploads/Olga_Reifschneider_Botanical_Images/NC528.507.tif
258,/sftp/sftp_unr/uploads/Olga_Reifschneider_Botanical_Images/NC528.508.tif
88,/sftp/sftp_unr/uploads/Olga_Reifschneider_Botanical_Images/NC528.510.tif
259,/sftp/sftp_unr/uploads/Olga_Reifschneider_Botanical_Images/NC528.511.tif
445,/sftp/sftp_unr/uploads/Olga_Reifschneider_Botanical_Images/NC528.512.tif
260,/sftp/sftp_unr/uploads/Olga_Reifschneider_Botanical_Images/NC528.513.tif
261,/sftp/sftp_unr/uploads/Olga_Reifschneider_Botanical_Images/NC528.51.tif
89,/sftp/sftp_unr/uploads/Olga_Reifschneider_Botanical_Images/NC528.52.tif
90,/sftp/sftp_unr/uploads/Olga_Reifschneider_Botanical_Images/NC528.53.tif
91,/sftp/sftp_unr/uploads/Olga_Reifschneider_Botanical_Images/NC528.549.tif
428,/sftp/sftp_unr/uploads/Olga_Reifschneider_Botanical_Images/NC528.54.tif
92,/sftp/sftp_unr/uploads/Olga_Reifschneider_Botanical_Images/NC528.550.tif
262,/sftp/sftp_unr/uploads/Olga_Reifschneider_Botanical_Images/NC528.551.tif
459,/sftp/sftp_unr/uploads/Olga_Reifschneider_Botanical_Images/NC528.553.tif
458,/sftp/sftp_unr/uploads/Olga_Reifschneider_Botanical_Images/NC528.556.tif
265,/sftp/sftp_unr/uploads/Olga_Reifschneider_Botanical_Images/NC528.557.tif
266,/sftp/sftp_unr/uploads/Olga_Reifschneider_Botanical_Images/NC528.558.tif
419,/sftp/sftp_unr/uploads/Olga_Reifschneider_Botanical_Images/NC528.559.tif
267,/sftp/sftp_unr/uploads/Olga_Reifschneider_Botanical_Images/NC528.55.tif
268,/sftp/sftp_unr/uploads/Olga_Reifschneider_Botanical_Images/NC528.560.tif
269,/sftp/sftp_unr/uploads/Olga_Reifschneider_Botanical_Images/NC528.561.tif
408,/sftp/sftp_unr/uploads/Olga_Reifschneider_Botanical_Images/NC528.562.tif
475,/sftp/sftp_unr/uploads/Olga_Reifschneider_Botanical_Images/NC528.563.tif
482,/sftp/sftp_unr/uploads/Olga_Reifschneider_Botanical_Images/NC528.564.tif
453,/sftp/sftp_unr/uploads/Olga_Reifschneider_Botanical_Images/NC528.565.tif
94,/sftp/sftp_unr/uploads/Olga_Reifschneider_Botanical_Images/NC528.57.tif
95,/sftp/sftp_unr/uploads/Olga_Reifschneider_Botanical_Images/NC528.583.tif
494,/sftp/sftp_unr/uploads/Olga_Reifschneider_Botanical_Images/NC528.585.tif
414,/sftp/sftp_unr/uploads/Olga_Reifschneider_Botanical_Images/NC528.586.tif
273,/sftp/sftp_unr/uploads/Olga_Reifschneider_Botanical_Images/NC528.588.tif
274,/sftp/sftp_unr/uploads/Olga_Reifschneider_Botanical_Images/NC528.589.tif
275,/sftp/sftp_unr/uploads/Olga_Reifschneider_Botanical_Images/NC528.58.tif
96,/sftp/sftp_unr/uploads/Olga_Reifschneider_Botanical_Images/NC528.592.tif
276,/sftp/sftp_unr/uploads/Olga_Reifschneider_Botanical_Images/NC528.59.tif
97,/sftp/sftp_unr/uploads/Olga_Reifschneider_Botanical_Images/NC528.60.tif
98,/sftp/sftp_unr/uploads/Olga_Reifschneider_Botanical_Images/NC528.616.tif
277,/sftp/sftp_unr/uploads/Olga_Reifschneider_Botanical_Images/NC528.618.tif
278,/sftp/sftp_unr/uploads/Olga_Reifschneider_Botanical_Images/NC528.619.tif
396,/sftp/sftp_unr/uploads/Olga_Reifschneider_Botanical_Images/NC528.61.tif
99,/sftp/sftp_unr/uploads/Olga_Reifschneider_Botanical_Images/NC528.620.tif
393,/sftp/sftp_unr/uploads/Olga_Reifschneider_Botanical_Images/NC528.622.tif
397,/sftp/sftp_unr/uploads/Olga_Reifschneider_Botanical_Images/NC528.624.tif
279,/sftp/sftp_unr/uploads/Olga_Reifschneider_Botanical_Images/NC528.625.tif
401,/sftp/sftp_unr/uploads/Olga_Reifschneider_Botanical_Images/NC528.626.tif
280,/sftp/sftp_unr/uploads/Olga_Reifschneider_Botanical_Images/NC528.627.tif
398,/sftp/sftp_unr/uploads/Olga_Reifschneider_Botanical_Images/NC528.628.tif
457,/sftp/sftp_unr/uploads/Olga_Reifschneider_Botanical_Images/NC528.62.tif
282,/sftp/sftp_unr/uploads/Olga_Reifschneider_Botanical_Images/NC528.636.tif
283,/sftp/sftp_unr/uploads/Olga_Reifschneider_Botanical_Images/NC528.637.tif
284,/sftp/sftp_unr/uploads/Olga_Reifschneider_Botanical_Images/NC528.638.tif
392,/sftp/sftp_unr/uploads/Olga_Reifschneider_Botanical_Images/NC528.639.tif
395,/sftp/sftp_unr/uploads/Olga_Reifschneider_Botanical_Images/NC528.641.tif
497,/sftp/sftp_unr/uploads/Olga_Reifschneider_Botanical_Images/NC528.642.tif