58,/sftp/sftp_unr/uploads/Margaret_Wheat/UNR100.sideA.mp3
59,/sftp/sftp_unr/uploads/Margaret_Wheat/UNR100.sideB.mp3
82,/sftp/sftp_unr/uploads/Margaret_Wheat/UNR101.sideA.mp3
60,/sftp/sftp_unr/uploads/Margaret_Wheat/UNR101.sideB.mp3
100,/sftp/sftp_unr/uploads/Margaret_Wheat/UNR102.sideA.mp3
80,/sftp/sftp_unr/uploads/Margaret_Wheat/UNR102.sideB.mp3
139,/sftp/sftp_unr/uploads/Margaret_Wheat/UNR104.mp3
117,/sftp/sftp_unr/uploads/Margaret_Wheat/UNR105.sideA.mp3
79,/sftp/sftp_unr/uploads/Margaret_Wheat/UNR105.sideB.mp3
88,/sftp/sftp_unr/uploads/Margaret_Wheat/UNR106.mp3
97,/sftp/sftp_unr/uploads/Margaret_Wheat/UNR107.sideA.mp3
89,/sftp/sftp_unr/uploads/Margaret_Wheat/UNR107.sideB.mp3
123,/sftp/sftp_unr/uploads/Margaret_Wheat/UNR110.mp3
92,/sftp/sftp_unr/uploads/Margaret_Wheat/UNR113.sideA.mp3
131,/sftp/sftp_unr/uploads/Margaret_Wheat/UNR113.sideB.mp3
74,/sftp/sftp_unr/uploads/Margaret_Wheat/UNR114.sideA.mp3
69,/sftp/sftp_unr/uploads/Margaret_Wheat/UNR114.sideB.mp3
113,/sftp/sftp_unr/uploads/Margaret_Wheat/UNR115.mp3
81,/sftp/sftp_unr/uploads/Margaret_Wheat/UNR117.sideA.mp3
64,/sftp/sftp_unr/uploads/Margaret_Wheat/UNR117.sideB.mp3
68,/sftp/sftp_unr/uploads/Margaret_Wheat/UNR121.sideA.mp3
116,/sftp/sftp_unr/uploads/Margaret_Wheat/UNR121.sideB.mp3
75,/sftp/sftp_unr/uploads/Margaret_Wheat/UNR131.sideA.mp3
135,/sftp/sftp_unr/uploads/Margaret_Wheat/UNR131.sideB.mp3
98,/sftp/sftp_unr/uploads/Margaret_Wheat/UNR132.mp3
83,/sftp/sftp_unr/uploads/Margaret_Wheat/UNR133.sideA.mp3
133,/sftp/sftp_unr/uploads/Margaret_Wheat/UNR133.sideB.mp3
70,/sftp/sftp_unr/uploads/Margaret_Wheat/UNR136.sideA.mp3
137,/sftp/sftp_unr/uploads/Margaret_Wheat/UNR136.sideB.mp3
109,/sftp/sftp_unr/uploads/Margaret_Wheat/UNR138.sideA.mp3
124,/sftp/sftp_unr/uploads/Margaret_Wheat/UNR138.sideB.mp3
72,/sftp/sftp_unr/uploads/Margaret_Wheat/UNR140.sideA.mp3
91,/sftp/sftp_unr/uploads/Margaret_Wheat/UNR140.sideB.mp3
63,/sftp/sftp_unr/uploads/Margaret_Wheat/UNR141.sideA.mp3
90,/sftp/sftp_unr/uploads/Margaret_Wheat/UNR141.sideB.mp3
105,/sftp/sftp_unr/uploads/Margaret_Wheat/UNR143.sideA.mp3
134,/sftp/sftp_unr/uploads/Margaret_Wheat/UNR143.sideB.mp3
121,/sftp/sftp_unr/uploads/Margaret_Wheat/UNR144.sideA.mp3
96,/sftp/sftp_unr/uploads/Margaret_Wheat/UNR144.sideB.mp3
110,/sftp/sftp_unr/uploads/Margaret_Wheat/UNR147.sideA.mp3
71,/sftp/sftp_unr/uploads/Margaret_Wheat/UNR147.sideB.mp3
128,/sftp/sftp_unr/uploads/Margaret_Wheat/UNR150.mp3
114,/sftp/sftp_unr/uploads/Margaret_Wheat/UNR151.sideA.mp3
62,/sftp/sftp_unr/uploads/Margaret_Wheat/UNR151.sideB.part1.mp3
132,/sftp/sftp_unr/uploads/Margaret_Wheat/UNR151.sideB.part2.mp3
76,/sftp/sftp_unr/uploads/Margaret_Wheat/UNR33.mp3
103,/sftp/sftp_unr/uploads/Margaret_Wheat/UNR35.mp3
112,/sftp/sftp_unr/uploads/Margaret_Wheat/UNR40.mp3
86,/sftp/sftp_unr/uploads/Margaret_Wheat/UNR41.mp3
106,/sftp/sftp_unr/uploads/Margaret_Wheat/UNR42.mp3
101,/sftp/sftp_unr/uploads/Margaret_Wheat/UNR43.sideA.mp3
119,/sftp/sftp_unr/uploads/Margaret_Wheat/UNR43.sideB.mp3
99,/sftp/sftp_unr/uploads/Margaret_Wheat/UNR45.mp3
94,/sftp/sftp_unr/uploads/Margaret_Wheat/UNR47.sideA.mp3
125,/sftp/sftp_unr/uploads/Margaret_Wheat/UNR47.sideB.mp3
108,/sftp/sftp_unr/uploads/Margaret_Wheat/UNR72.mp3
61,/sftp/sftp_unr/uploads/Margaret_Wheat/UNR74.sideA.mp3
127,/sftp/sftp_unr/uploads/Margaret_Wheat/UNR74.sideB.mp3
115,/sftp/sftp_unr/uploads/Margaret_Wheat/UNR77.sideA.mp3
66,/sftp/sftp_unr/uploads/Margaret_Wheat/UNR77.sideB.mp3
129,/sftp/sftp_unr/uploads/Margaret_Wheat/UNR78.sideA.mp3
84,/sftp/sftp_unr/uploads/Margaret_Wheat/UNR78.sideB.mp3
87,/sftp/sftp_unr/uploads/Margaret_Wheat/UNR82.sideA.mp3
104,/sftp/sftp_unr/uploads/Margaret_Wheat/UNR82.sideB.mp3
67,/sftp/sftp_unr/uploads/Margaret_Wheat/UNR83.sideA.mp3
138,/sftp/sftp_unr/uploads/Margaret_Wheat/UNR83.sideB.mp3
136,/sftp/sftp_unr/uploads/Margaret_Wheat/UNR85.mp3
143,/sftp/sftp_unr/uploads/Margaret_Wheat/UNR88.sideA.mp3
144,/sftp/sftp_unr/uploads/Margaret_Wheat/UNR88.sideB.mp3
65,/sftp/sftp_unr/uploads/Margaret_Wheat/UNR89.sideA.mp3
122,/sftp/sftp_unr/uploads/Margaret_Wheat/UNR89.sideB.mp3
118,/sftp/sftp_unr/uploads/Margaret_Wheat/UNR90.sideA.mp3
73,/sftp/sftp_unr/uploads/Margaret_Wheat/UNR90.sideB.mp3
111,/sftp/sftp_unr/uploads/Margaret_Wheat/UNR91.sideA.mp3
107,/sftp/sftp_unr/uploads/Margaret_Wheat/UNR91.sideB.mp3
126,/sftp/sftp_unr/uploads/Margaret_Wheat/UNR93.mp3
85,/sftp/sftp_unr/uploads/Margaret_Wheat/UNR95.sideA.mp3
93,/sftp/sftp_unr/uploads/Margaret_Wheat/UNR95.sideB.mp3
102,/sftp/sftp_unr/uploads/Margaret_Wheat/UNR96.mp3
78,/sftp/sftp_unr/uploads/Margaret_Wheat/UNR97.sideA.mp3
95,/sftp/sftp_unr/uploads/Margaret_Wheat/UNR97.sideB.mp3
140,/sftp/sftp_unr/uploads/Margaret_Wheat/UNR98.sideA.mp3
77,/sftp/sftp_unr/uploads/Margaret_Wheat/UNR98.sideB.mp3
130,/sftp/sftp_unr/uploads/Margaret_Wheat/UNR99.sideA.mp3
120,/sftp/sftp_unr/uploads/Margaret_Wheat/UNR99.sideB.mp3