2129,/sftp/sftp_unr/uploads/Images_of_Tahoe/ST_28-29c.tif
2522,/sftp/sftp_unr/uploads/Images_of_Tahoe/ST_56-57a.tif
2523,/sftp/sftp_unr/uploads/Images_of_Tahoe/ST_56-57b.tif
2240,/sftp/sftp_unr/uploads/Images_of_Tahoe/UNRS-P0009-2.tif
1512,/sftp/sftp_unr/uploads/Images_of_Tahoe/UNRS-P0078-2.tif
1503,/sftp/sftp_unr/uploads/Images_of_Tahoe/UNRS-P0082-2.tif
1671,/sftp/sftp_unr/uploads/Images_of_Tahoe/UNRS-P0198-1.tif
2236,/sftp/sftp_unr/uploads/Images_of_Tahoe/UNRS-P0474-3.tif
1573,/sftp/sftp_unr/uploads/Images_of_Tahoe/UNRS-P0514-1.tif
1695,/sftp/sftp_unr/uploads/Images_of_Tahoe/UNRS-P0514-2.tif
1989,/sftp/sftp_unr/uploads/Images_of_Tahoe/UNRS-P0514-3.tif
2501,/sftp/sftp_unr/uploads/Images_of_Tahoe/UNRS-P0515-1.tif
2392,/sftp/sftp_unr/uploads/Images_of_Tahoe/UNRS-P0515-3.tif
1663,/sftp/sftp_unr/uploads/Images_of_Tahoe/UNRS-P0515-4.tif
1638,/sftp/sftp_unr/uploads/Images_of_Tahoe/UNRS-P0515-5.tif
1567,/sftp/sftp_unr/uploads/Images_of_Tahoe/UNRS-P0516-1.tif
2334,/sftp/sftp_unr/uploads/Images_of_Tahoe/UNRS-P0516-2.tif
2411,/sftp/sftp_unr/uploads/Images_of_Tahoe/UNRS-P0516-3.tif
2184,/sftp/sftp_unr/uploads/Images_of_Tahoe/UNRS-P0517-2.tif
2461,/sftp/sftp_unr/uploads/Images_of_Tahoe/UNRS-P0517-3.tif
1856,/sftp/sftp_unr/uploads/Images_of_Tahoe/UNRS-P0517-4.tif
2163,/sftp/sftp_unr/uploads/Images_of_Tahoe/UNRS-P0518-3.tif
1607,/sftp/sftp_unr/uploads/Images_of_Tahoe/UNRS-P0518-4.tif
2249,/sftp/sftp_unr/uploads/Images_of_Tahoe/UNRS-P0560-1.tif
2170,/sftp/sftp_unr/uploads/Images_of_Tahoe/UNRS-P0656-1.tif
1723,/sftp/sftp_unr/uploads/Images_of_Tahoe/UNRS-P0717-1.tif
1852,/sftp/sftp_unr/uploads/Images_of_Tahoe/UNRS-P0818-1.tif
2359,/sftp/sftp_unr/uploads/Images_of_Tahoe/UNRS-P0820-1.tif
1906,/sftp/sftp_unr/uploads/Images_of_Tahoe/UNRS-P0836-1.tif
2264,/sftp/sftp_unr/uploads/Images_of_Tahoe/UNRS-P0838-1.tif
1806,/sftp/sftp_unr/uploads/Images_of_Tahoe/UNRS-P0887-1.tif
2310,/sftp/sftp_unr/uploads/Images_of_Tahoe/UNRS-P0911-1.tif
2152,/sftp/sftp_unr/uploads/Images_of_Tahoe/UNRS-P0911-2.tif
2111,/sftp/sftp_unr/uploads/Images_of_Tahoe/UNRS-P0951-1.tif
2217,/sftp/sftp_unr/uploads/Images_of_Tahoe/UNRS-P0953-1.tif
1608,/sftp/sftp_unr/uploads/Images_of_Tahoe/UNRS-P0953-2.tif
1644,/sftp/sftp_unr/uploads/Images_of_Tahoe/UNRS-P0954-1.tif
1594,/sftp/sftp_unr/uploads/Images_of_Tahoe/UNRS-P0954-2.tif
2007,/sftp/sftp_unr/uploads/Images_of_Tahoe/UNRS-P0957-1.tif
2487,/sftp/sftp_unr/uploads/Images_of_Tahoe/UNRS-P0957-2.tif
2154,/sftp/sftp_unr/uploads/Images_of_Tahoe/UNRS-P0957-3.tif
2234,/sftp/sftp_unr/uploads/Images_of_Tahoe/UNRS-P0958-1.tif
1500,/sftp/sftp_unr/uploads/Images_of_Tahoe/UNRS-P0959-1.tif
2026,/sftp/sftp_unr/uploads/Images_of_Tahoe/UNRS-P0959-2.tif
1911,/sftp/sftp_unr/uploads/Images_of_Tahoe/UNRS-P0961-1.tif
1737,/sftp/sftp_unr/uploads/Images_of_Tahoe/UNRS-P0970-1.tif
2101,/sftp/sftp_unr/uploads/Images_of_Tahoe/UNRS-P0971-1.tif
2024,/sftp/sftp_unr/uploads/Images_of_Tahoe/UNRS-P0974-1.tif
2374,/sftp/sftp_unr/uploads/Images_of_Tahoe/UNRS-P0976-1.tif
1904,/sftp/sftp_unr/uploads/Images_of_Tahoe/UNRS-P0976-2.tif
1635,/sftp/sftp_unr/uploads/Images_of_Tahoe/UNRS-P0976-3.tif
2259,/sftp/sftp_unr/uploads/Images_of_Tahoe/UNRS-P0978-1.tif
1898,/sftp/sftp_unr/uploads/Images_of_Tahoe/UNRS-P0980-1.tif
2023,/sftp/sftp_unr/uploads/Images_of_Tahoe/UNRS-P0981-1.tif
1525,/sftp/sftp_unr/uploads/Images_of_Tahoe/UNRS-P0982-1.tif
2230,/sftp/sftp_unr/uploads/Images_of_Tahoe/UNRS-P0984-1.tif
1868,/sftp/sftp_unr/uploads/Images_of_Tahoe/UNRS-P0984-2.tif
2075,/sftp/sftp_unr/uploads/Images_of_Tahoe/UNRS-P0984-3.tif
1612,/sftp/sftp_unr/uploads/Images_of_Tahoe/UNRS-P0985-1.tif
1839,/sftp/sftp_unr/uploads/Images_of_Tahoe/UNRS-P0986-1.tif
2212,/sftp/sftp_unr/uploads/Images_of_Tahoe/UNRS-P1024-1.tif
1781,/sftp/sftp_unr/uploads/Images_of_Tahoe/UNRS-P1025-1.tif
2384,/sftp/sftp_unr/uploads/Images_of_Tahoe/UNRS-P1026-1.tif
2459,/sftp/sftp_unr/uploads/Images_of_Tahoe/UNRS-P1027-1.tif
1944,/sftp/sftp_unr/uploads/Images_of_Tahoe/UNRS-P1087-1.tif
2395,/sftp/sftp_unr/uploads/Images_of_Tahoe/UNRS-P1089-1.tif
2255,/sftp/sftp_unr/uploads/Images_of_Tahoe/UNRS-P1090-1.tif
2117,/sftp/sftp_unr/uploads/Images_of_Tahoe/UNRS-P1091-1.tif
2312,/sftp/sftp_unr/uploads/Images_of_Tahoe/UNRS-P1093-1.tif
1934,/sftp/sftp_unr/uploads/Images_of_Tahoe/UNRS-P1094-1.tif
2177,/sftp/sftp_unr/uploads/Images_of_Tahoe/UNRS-P1380-1.tif
2001,/sftp/sftp_unr/uploads/Images_of_Tahoe/UNRS-P1411-1.tif
1734,/sftp/sftp_unr/uploads/Images_of_Tahoe/UNRS-P1412-1.tif
1681,/sftp/sftp_unr/uploads/Images_of_Tahoe/UNRS-P1633-1.tif
1980,/sftp/sftp_unr/uploads/Images_of_Tahoe/UNRS-P1791-1.tif
1953,/sftp/sftp_unr/uploads/Images_of_Tahoe/UNRS-P1796-1.tif
2242,/sftp/sftp_unr/uploads/Images_of_Tahoe/UNRS-P1804-1.tif
2393,/sftp/sftp_unr/uploads/Images_of_Tahoe/UNRS-P1804-2.tif
1527,/sftp/sftp_unr/uploads/Images_of_Tahoe/UNRS-P1804-3.tif
1968,/sftp/sftp_unr/uploads/Images_of_Tahoe/UNRS-P1860-1.tif
1660,/sftp/sftp_unr/uploads/Images_of_Tahoe/UNRS-P1861-1.tif
1689,/sftp/sftp_unr/uploads/Images_of_Tahoe/UNRS-P1866-1.tif
2233,/sftp/sftp_unr/uploads/Images_of_Tahoe/UNRS-P1896-1.tif
1639,/sftp/sftp_unr/uploads/Images_of_Tahoe/UNRS-P1897-1.tif
2025,/sftp/sftp_unr/uploads/Images_of_Tahoe/UNRS-P1916-1.tif
2169,/sftp/sftp_unr/uploads/Images_of_Tahoe/UNRS-P1984-05-3.tif
1749,/sftp/sftp_unr/uploads/Images_of_Tahoe/UNRS-P1984-13-03.tif
1905,/sftp/sftp_unr/uploads/Images_of_Tahoe/UNRS-P1984-13-04.tif
2508,/sftp/sftp_unr/uploads/Images_of_Tahoe/UNRS-P1984-13-05.tif
1767,/sftp/sftp_unr/uploads/Images_of_Tahoe/UNRS-P1984-13-06.tif
1871,/sftp/sftp_unr/uploads/Images_of_Tahoe/UNRS-P1984-13-07.tif
1645,/sftp/sftp_unr/uploads/Images_of_Tahoe/UNRS-P1984-13-08.tif
2074,/sftp/sftp_unr/uploads/Images_of_Tahoe/UNRS-P1984-13-09.tif
2463,/sftp/sftp_unr/uploads/Images_of_Tahoe/UNRS-P1984-13-11.tif
2119,/sftp/sftp_unr/uploads/Images_of_Tahoe/UNRS-P1984-13-12.tif
1478,/sftp/sftp_unr/uploads/Images_of_Tahoe/UNRS-P1984-18-5.tif
1948,/sftp/sftp_unr/uploads/Images_of_Tahoe/UNRS-P1984-22-02.tif
1727,/sftp/sftp_unr/uploads/Images_of_Tahoe/UNRS-P1984-22-03.tif
1773,/sftp/sftp_unr/uploads/Images_of_Tahoe/UNRS-P1984-22-05.tif
1750,/sftp/sftp_unr/uploads/Images_of_Tahoe/UNRS-P1984-22-08.tif
1759,/sftp/sftp_unr/uploads/Images_of_Tahoe/UNRS-P1984-22-09.tif
2247,/sftp/sftp_unr/uploads/Images_of_Tahoe/UNRS-P1984-22-25.tif
1939,/sftp/sftp_unr/uploads/Images_of_Tahoe/UNRS-P1984-22-28.tif
1640,/sftp/sftp_unr/uploads/Images_of_Tahoe/UNRS-P1985-02-206.tif
1978,/sftp/sftp_unr/uploads/Images_of_Tahoe/UNRS-P1985-02-207.tif
1899,/sftp/sftp_unr/uploads/Images_of_Tahoe/UNRS-P1985-02-208.tif
2362,/sftp/sftp_unr/uploads/Images_of_Tahoe/UNRS-P1985-02-209.tif
1592,/sftp/sftp_unr/uploads/Images_of_Tahoe/UNRS-P1985-02-212.tif
2453,/sftp/sftp_unr/uploads/Images_of_Tahoe/UNRS-P1985-02-213.tif
2231,/sftp/sftp_unr/uploads/Images_of_Tahoe/UNRS-P1985-02-214.tif
2405,/sftp/sftp_unr/uploads/Images_of_Tahoe/UNRS-P1985-02-215.tif
1559,/sftp/sftp_unr/uploads/Images_of_Tahoe/UNRS-P1985-04-16.tif
2057,/sftp/sftp_unr/uploads/Images_of_Tahoe/UNRS-P1985-08-00123.tif
2084,/sftp/sftp_unr/uploads/Images_of_Tahoe/UNRS-P1985-08-00627.tif
2516,/sftp/sftp_unr/uploads/Images_of_Tahoe/UNRS-P1985-08-01959.tif
1829,/sftp/sftp_unr/uploads/Images_of_Tahoe/UNRS-P1985-08-01960.tif
2193,/sftp/sftp_unr/uploads/Images_of_Tahoe/UNRS-P1985-08-01963.tif
1920,/sftp/sftp_unr/uploads/Images_of_Tahoe/UNRS-P1985-08-01965.tif
1752,/sftp/sftp_unr/uploads/Images_of_Tahoe/UNRS-P1985-08-01967.tif
1928,/sftp/sftp_unr/uploads/Images_of_Tahoe/UNRS-P1985-08-04857.tif
1784,/sftp/sftp_unr/uploads/Images_of_Tahoe/UNRS-P1985-08-37489.tif
2292,/sftp/sftp_unr/uploads/Images_of_Tahoe/UNRS-P1986-02-1.tif
1952,/sftp/sftp_unr/uploads/Images_of_Tahoe/UNRS-P1986-02-3.tif
1550,/sftp/sftp_unr/uploads/Images_of_Tahoe/UNRS-P1986-13-05.tif
2080,/sftp/sftp_unr/uploads/Images_of_Tahoe/UNRS-P1986-13-19.tif
2079,/sftp/sftp_unr/uploads/Images_of_Tahoe/UNRS-P1986-16-10.tif
2153,/sftp/sftp_unr/uploads/Images_of_Tahoe/UNRS-P1986-20-11.tif
2214,/sftp/sftp_unr/uploads/Images_of_Tahoe/UNRS-P1986-20-13.tif
2266,/sftp/sftp_unr/uploads/Images_of_Tahoe/UNRS-P1986-23-08.tif
2490,/sftp/sftp_unr/uploads/Images_of_Tahoe/UNRS-P1987-04-1.tif
2346,/sftp/sftp_unr/uploads/Images_of_Tahoe/UNRS-P1987-09-03.tif
1755,/sftp/sftp_unr/uploads/Images_of_Tahoe/UNRS-P1987-09-04.tif
2091,/sftp/sftp_unr/uploads/Images_of_Tahoe/UNRS-P1987-09-05.tif
2350,/sftp/sftp_unr/uploads/Images_of_Tahoe/UNRS-P1987-09-06.tif
1728,/sftp/sftp_unr/uploads/Images_of_Tahoe/UNRS-P1987-09-07.tif
1918,/sftp/sftp_unr/uploads/Images_of_Tahoe/UNRS-P1987-09-08.tif
2364,/sftp/sftp_unr/uploads/Images_of_Tahoe/UNRS-P1987-09-18.tif
1493,/sftp/sftp_unr/uploads/Images_of_Tahoe/UNRS-P1987-15-5.tif
2278,/sftp/sftp_unr/uploads/Images_of_Tahoe/UNRS-P1987-15-6.tif
2356,/sftp/sftp_unr/uploads/Images_of_Tahoe/UNRS-P1987-16-04.tif
2504,/sftp/sftp_unr/uploads/Images_of_Tahoe/UNRS-P1988-03-096.tif
1705,/sftp/sftp_unr/uploads/Images_of_Tahoe/UNRS-P1988-17-16.tif
1715,/sftp/sftp_unr/uploads/Images_of_Tahoe/UNRS-P1989-10-215.tif
2248,/sftp/sftp_unr/uploads/Images_of_Tahoe/UNRS-P1989-11-15.tif
2180,/sftp/sftp_unr/uploads/Images_of_Tahoe/UNRS-P1989-51-437.tif
1713,/sftp/sftp_unr/uploads/Images_of_Tahoe/UNRS-P1989-51-583.tif
1756,/sftp/sftp_unr/uploads/Images_of_Tahoe/UNRS-P1989-51-584.tif
1880,/sftp/sftp_unr/uploads/Images_of_Tahoe/UNRS-P1989-51-585.tif
2302,/sftp/sftp_unr/uploads/Images_of_Tahoe/UNRS-P1989-51-586.tif
2365,/sftp/sftp_unr/uploads/Images_of_Tahoe/UNRS-P1989-51-587.tif
1542,/sftp/sftp_unr/uploads/Images_of_Tahoe/UNRS-P1989-52-219.tif
2186,/sftp/sftp_unr/uploads/Images_of_Tahoe/UNRS-P1990-02-0162.tif
1831,/sftp/sftp_unr/uploads/Images_of_Tahoe/UNRS-P1990-02-0169.tif
1661,/sftp/sftp_unr/uploads/Images_of_Tahoe/UNRS-P1990-02-0771.tif
2281,/sftp/sftp_unr/uploads/Images_of_Tahoe/UNRS-P1990-02-0872.tif
2198,/sftp/sftp_unr/uploads/Images_of_Tahoe/UNRS-P1990-04-0602.tif
1480,/sftp/sftp_unr/uploads/Images_of_Tahoe/UNRS-P1990-04-0603.tif
2104,/sftp/sftp_unr/uploads/Images_of_Tahoe/UNRS-P1992-01-0073.tif
1708,/sftp/sftp_unr/uploads/Images_of_Tahoe/UNRS-P1992-01-3269.tif
2068,/sftp/sftp_unr/uploads/Images_of_Tahoe/UNRS-P1992-01-3270.tif
1546,/sftp/sftp_unr/uploads/Images_of_Tahoe/UNRS-P1992-01-3271.tif
2137,/sftp/sftp_unr/uploads/Images_of_Tahoe/UNRS-P1992-01-3272.tif
2016,/sftp/sftp_unr/uploads/Images_of_Tahoe/UNRS-P1992-01-3273.tif
1954,/sftp/sftp_unr/uploads/Images_of_Tahoe/UNRS-P1992-01-3276.tif
2010,/sftp/sftp_unr/uploads/Images_of_Tahoe/UNRS-P1992-01-3277.tif
1653,/sftp/sftp_unr/uploads/Images_of_Tahoe/UNRS-P1992-01-3290.tif
2015,/sftp/sftp_unr/uploads/Images_of_Tahoe/UNRS-P1992-01-3291.tif
1590,/sftp/sftp_unr/uploads/Images_of_Tahoe/UNRS-P1992-01-3293.tif
2470,/sftp/sftp_unr/uploads/Images_of_Tahoe/UNRS-P1992-01-3294.tif
1513,/sftp/sftp_unr/uploads/Images_of_Tahoe/UNRS-P1992-01-3295.tif
1547,/sftp/sftp_unr/uploads/Images_of_Tahoe/UNRS-P1992-01-3296.tif
2477,/sftp/sftp_unr/uploads/Images_of_Tahoe/UNRS-P1992-01-3307.tif
1983,/sftp/sftp_unr/uploads/Images_of_Tahoe/UNRS-P1992-01-3310.tif
1762,/sftp/sftp_unr/uploads/Images_of_Tahoe/UNRS-P1992-01-3311.tif
1922,/sftp/sftp_unr/uploads/Images_of_Tahoe/UNRS-P1992-01-3312.tif
1768,/sftp/sftp_unr/uploads/Images_of_Tahoe/UNRS-P1992-01-3317.tif
1502,/sftp/sftp_unr/uploads/Images_of_Tahoe/UNRS-P1992-01-3321.tif
2150,/sftp/sftp_unr/uploads/Images_of_Tahoe/UNRS-P1992-01-3323.tif
1757,/sftp/sftp_unr/uploads/Images_of_Tahoe/UNRS-P1992-01-3326.tif
1794,/sftp/sftp_unr/uploads/Images_of_Tahoe/UNRS-P1992-01-3329.tif
1634,/sftp/sftp_unr/uploads/Images_of_Tahoe/UNRS-P1992-01-3330.tif
1475,/sftp/sftp_unr/uploads/Images_of_Tahoe/UNRS-P1992-01-3331.tif
1740,/sftp/sftp_unr/uploads/Images_of_Tahoe/UNRS-P1992-01-3333.tif
1706,/sftp/sftp_unr/uploads/Images_of_Tahoe/UNRS-P1992-01-3334.tif
1998,/sftp/sftp_unr/uploads/Images_of_Tahoe/UNRS-P1992-01-3336.tif
2053,/sftp/sftp_unr/uploads/Images_of_Tahoe/UNRS-P1992-01-3354.tif
2040,/sftp/sftp_unr/uploads/Images_of_Tahoe/UNRS-P1992-01-3380.tif
2366,/sftp/sftp_unr/uploads/Images_of_Tahoe/UNRS-P1992-01-3385.tif
2206,/sftp/sftp_unr/uploads/Images_of_Tahoe/UNRS-P1992-01-3386.tif
1724,/sftp/sftp_unr/uploads/Images_of_Tahoe/UNRS-P1992-01-3387.tif
1540,/sftp/sftp_unr/uploads/Images_of_Tahoe/UNRS-P1992-01-3388.tif
2306,/sftp/sftp_unr/uploads/Images_of_Tahoe/UNRS-P1992-01-3389.tif
1495,/sftp/sftp_unr/uploads/Images_of_Tahoe/UNRS-P1992-01-3390.tif
2036,/sftp/sftp_unr/uploads/Images_of_Tahoe/UNRS-P1992-01-3405.tif
1529,/sftp/sftp_unr/uploads/Images_of_Tahoe/UNRS-P1992-01-3406.tif
1765,/sftp/sftp_unr/uploads/Images_of_Tahoe/UNRS-P1992-01-4575.tif
1578,/sftp/sftp_unr/uploads/Images_of_Tahoe/UNRS-P1992-01-4874.tif
2388,/sftp/sftp_unr/uploads/Images_of_Tahoe/UNRS-P1992-01-4918.tif
1933,/sftp/sftp_unr/uploads/Images_of_Tahoe/UNRS-P1992-01-5285.tif
2323,/sftp/sftp_unr/uploads/Images_of_Tahoe/UNRS-P1992-01-5286.tif
2134,/sftp/sftp_unr/uploads/Images_of_Tahoe/UNRS-P1992-01-5287.tif
2491,/sftp/sftp_unr/uploads/Images_of_Tahoe/UNRS-P1992-01-5296.tif
1967,/sftp/sftp_unr/uploads/Images_of_Tahoe/UNRS-P1992-01-5320.tif
2416,/sftp/sftp_unr/uploads/Images_of_Tahoe/UNRS-P1992-01-6549.tif
2047,/sftp/sftp_unr/uploads/Images_of_Tahoe/UNRS-P1992-01-6550.tif
1536,/sftp/sftp_unr/uploads/Images_of_Tahoe/UNRS-P1992-01-6551.tif
2054,/sftp/sftp_unr/uploads/Images_of_Tahoe/UNRS-P1992-01-7325.tif
1497,/sftp/sftp_unr/uploads/Images_of_Tahoe/UNRS-P1992-01-7327.tif
1642,/sftp/sftp_unr/uploads/Images_of_Tahoe/UNRS-P1992-01-7328.tif
1544,/sftp/sftp_unr/uploads/Images_of_Tahoe/UNRS-P1992-01-7330.tif
2288,/sftp/sftp_unr/uploads/Images_of_Tahoe/UNRS-P1992-01-7332.tif
1657,/sftp/sftp_unr/uploads/Images_of_Tahoe/UNRS-P1992-01-7334.tif
2328,/sftp/sftp_unr/uploads/Images_of_Tahoe/UNRS-P1992-01-7366.tif
1988,/sftp/sftp_unr/uploads/Images_of_Tahoe/UNRS-P1992-01-7393.tif
1900,/sftp/sftp_unr/uploads/Images_of_Tahoe/UNRS-P1992-01-7412.tif
2497,/sftp/sftp_unr/uploads/Images_of_Tahoe/UNRS-P1992-01-7414.tif
1864,/sftp/sftp_unr/uploads/Images_of_Tahoe/UNRS-P1992-01-7415.tif
2450,/sftp/sftp_unr/uploads/Images_of_Tahoe/UNRS-P1992-01-7419.tif
2444,/sftp/sftp_unr/uploads/Images_of_Tahoe/UNRS-P1992-01-7432.tif
1987,/sftp/sftp_unr/uploads/Images_of_Tahoe/UNRS-P1992-01-7439.tif
2304,/sftp/sftp_unr/uploads/Images_of_Tahoe/UNRS-P1992-01-8319.tif
2275,/sftp/sftp_unr/uploads/Images_of_Tahoe/UNRS-P1992-01-8330.tif
2238,/sftp/sftp_unr/uploads/Images_of_Tahoe/UNRS-P1992-01-8331.tif
1766,/sftp/sftp_unr/uploads/Images_of_Tahoe/UNRS-P1992-01-8333.tif
2432,/sftp/sftp_unr/uploads/Images_of_Tahoe/UNRS-P1992-01-8334.tif
2447,/sftp/sftp_unr/uploads/Images_of_Tahoe/UNRS-P1992-01-8364.tif
1677,/sftp/sftp_unr/uploads/Images_of_Tahoe/UNRS-P1992-01-8365.tif
2219,/sftp/sftp_unr/uploads/Images_of_Tahoe/UNRS-P1992-01-8412.tif
2482,/sftp/sftp_unr/uploads/Images_of_Tahoe/UNRS-P1992-01-8414.tif
2041,/sftp/sftp_unr/uploads/Images_of_Tahoe/UNRS-P1992-01-9160.tif
1951,/sftp/sftp_unr/uploads/Images_of_Tahoe/UNRS-P1992-03-0065.tif
2095,/sftp/sftp_unr/uploads/Images_of_Tahoe/UNRS-P1992-03-0066.tif
2438,/sftp/sftp_unr/uploads/Images_of_Tahoe/UNRS-P1992-03-0067.tif
2076,/sftp/sftp_unr/uploads/Images_of_Tahoe/UNRS-P1992-03-0068.tif
2029,/sftp/sftp_unr/uploads/Images_of_Tahoe/UNRS-P1992-03-0069.tif
2425,/sftp/sftp_unr/uploads/Images_of_Tahoe/UNRS-P1992-03-0070.tif
1861,/sftp/sftp_unr/uploads/Images_of_Tahoe/UNRS-P1992-03-0071.tif
2486,/sftp/sftp_unr/uploads/Images_of_Tahoe/UNRS-P1992-03-0072.tif
2257,/sftp/sftp_unr/uploads/Images_of_Tahoe/UNRS-P1992-03-0073.tif
2427,/sftp/sftp_unr/uploads/Images_of_Tahoe/UNRS-P1992-03-0074.tif
1903,/sftp/sftp_unr/uploads/Images_of_Tahoe/UNRS-P1992-03-0075.tif
2301,/sftp/sftp_unr/uploads/Images_of_Tahoe/UNRS-P1992-03-0082.tif
2164,/sftp/sftp_unr/uploads/Images_of_Tahoe/UNRS-P1992-03-0083.tif
2369,/sftp/sftp_unr/uploads/Images_of_Tahoe/UNRS-P1992-03-0085.tif
1507,/sftp/sftp_unr/uploads/Images_of_Tahoe/UNRS-P1992-03-0086.tif
2481,/sftp/sftp_unr/uploads/Images_of_Tahoe/UNRS-P1992-03-0087.tif
1518,/sftp/sftp_unr/uploads/Images_of_Tahoe/UNRS-P1992-03-0088.tif
1790,/sftp/sftp_unr/uploads/Images_of_Tahoe/UNRS-P1992-03-0089.tif
2313,/sftp/sftp_unr/uploads/Images_of_Tahoe/UNRS-P1992-03-0090.tif
1835,/sftp/sftp_unr/uploads/Images_of_Tahoe/UNRS-P1992-03-0091.tif
1763,/sftp/sftp_unr/uploads/Images_of_Tahoe/UNRS-P1992-03-0093.tif
2218,/sftp/sftp_unr/uploads/Images_of_Tahoe/UNRS-P1992-03-0094.tif
1555,/sftp/sftp_unr/uploads/Images_of_Tahoe/UNRS-P1992-03-0095.tif
2495,/sftp/sftp_unr/uploads/Images_of_Tahoe/UNRS-P1992-03-0096.tif
2156,/sftp/sftp_unr/uploads/Images_of_Tahoe/UNRS-P1992-03-0097.tif
2059,/sftp/sftp_unr/uploads/Images_of_Tahoe/UNRS-P1992-03-0098-1.tif
1840,/sftp/sftp_unr/uploads/Images_of_Tahoe/UNRS-P1992-03-0098-2.tif
2191,/sftp/sftp_unr/uploads/Images_of_Tahoe/UNRS-P1992-03-0098.tif
2006,/sftp/sftp_unr/uploads/Images_of_Tahoe/UNRS-P1992-03-0364.tif
2162,/sftp/sftp_unr/uploads/Images_of_Tahoe/UNRS-P1992-03-0365.tif
1553,/sftp/sftp_unr/uploads/Images_of_Tahoe/UNRS-P1992-03-0366.tif
1667,/sftp/sftp_unr/uploads/Images_of_Tahoe/UNRS-P1992-03-0367.tif
2262,/sftp/sftp_unr/uploads/Images_of_Tahoe/UNRS-P1992-03-0368.tif
1857,/sftp/sftp_unr/uploads/Images_of_Tahoe/UNRS-P1992-03-0369.tif
2202,/sftp/sftp_unr/uploads/Images_of_Tahoe/UNRS-P1992-03-0370.tif
2406,/sftp/sftp_unr/uploads/Images_of_Tahoe/UNRS-P1992-03-0371.tif
2159,/sftp/sftp_unr/uploads/Images_of_Tahoe/UNRS-P1992-03-0372.tif
2375,/sftp/sftp_unr/uploads/Images_of_Tahoe/UNRS-P1992-03-0373.tif
2034,/sftp/sftp_unr/uploads/Images_of_Tahoe/UNRS-P1992-03-0644.tif
2027,/sftp/sftp_unr/uploads/Images_of_Tahoe/UNRS-P1993-03-1891.tif
2171,/sftp/sftp_unr/uploads/Images_of_Tahoe/UNRS-P1993-05-0002.tif
2188,/sftp/sftp_unr/uploads/Images_of_Tahoe/UNRS-P1993-05-0011.tif
2505,/sftp/sftp_unr/uploads/Images_of_Tahoe/UNRS-P1993-05-0083.tif
2114,/sftp/sftp_unr/uploads/Images_of_Tahoe/UNRS-P1993-05-0084.tif
2300,/sftp/sftp_unr/uploads/Images_of_Tahoe/UNRS-P1993-05-0154.tif
2376,/sftp/sftp_unr/uploads/Images_of_Tahoe/UNRS-P1993-05-0156.tif
2322,/sftp/sftp_unr/uploads/Images_of_Tahoe/UNRS-P1993-05-0201.tif
2046,/sftp/sftp_unr/uploads/Images_of_Tahoe/UNRS-P1993-05-0206.tif
1874,/sftp/sftp_unr/uploads/Images_of_Tahoe/UNRS-P1993-05-0216.tif
2426,/sftp/sftp_unr/uploads/Images_of_Tahoe/UNRS-P1993-05-0242.tif
2083,/sftp/sftp_unr/uploads/Images_of_Tahoe/UNRS-P1993-05-0255.tif
2161,/sftp/sftp_unr/uploads/Images_of_Tahoe/UNRS-P1993-05-0292.tif
1787,/sftp/sftp_unr/uploads/Images_of_Tahoe/UNRS-P1993-05-0344.tif
1810,/sftp/sftp_unr/uploads/Images_of_Tahoe/UNRS-P1993-05-0350.tif
1818,/sftp/sftp_unr/uploads/Images_of_Tahoe/UNRS-P1993-05-0408.tif
2331,/sftp/sftp_unr/uploads/Images_of_Tahoe/UNRS-P1993-05-0426.tif
1501,/sftp/sftp_unr/uploads/Images_of_Tahoe/UNRS-P1993-05-0428.tif
1498,/sftp/sftp_unr/uploads/Images_of_Tahoe/UNRS-P1993-05-0445.tif
2058,/sftp/sftp_unr/uploads/Images_of_Tahoe/UNRS-P1993-05-0453.tif
1522,/sftp/sftp_unr/uploads/Images_of_Tahoe/UNRS-P1993-05-0485.tif
2100,/sftp/sftp_unr/uploads/Images_of_Tahoe/UNRS-P1993-05-0494.tif
1822,/sftp/sftp_unr/uploads/Images_of_Tahoe/UNRS-P1993-05-0534.tif
2342,/sftp/sftp_unr/uploads/Images_of_Tahoe/UNRS-P1993-05-0542.tif
1843,/sftp/sftp_unr/uploads/Images_of_Tahoe/UNRS-P1993-05-0545.tif
2507,/sftp/sftp_unr/uploads/Images_of_Tahoe/UNRS-P1993-05-0550.tif
2272,/sftp/sftp_unr/uploads/Images_of_Tahoe/UNRS-P1993-05-0555.tif
2436,/sftp/sftp_unr/uploads/Images_of_Tahoe/UNRS-P1993-05-0559.tif
2417,/sftp/sftp_unr/uploads/Images_of_Tahoe/UNRS-P1993-05-0560.tif
2192,/sftp/sftp_unr/uploads/Images_of_Tahoe/UNRS-P1993-05-0561.tif
1543,/sftp/sftp_unr/uploads/Images_of_Tahoe/UNRS-P1993-05-0562.tif
1976,/sftp/sftp_unr/uploads/Images_of_Tahoe/UNRS-P1993-05-0565.tif
1659,/sftp/sftp_unr/uploads/Images_of_Tahoe/UNRS-P1993-05-0566.tif
2185,/sftp/sftp_unr/uploads/Images_of_Tahoe/UNRS-P1993-05-0571.tif
2051,/sftp/sftp_unr/uploads/Images_of_Tahoe/UNRS-P1993-05-0575.tif
1611,/sftp/sftp_unr/uploads/Images_of_Tahoe/UNRS-P1993-05-0576.tif
1927,/sftp/sftp_unr/uploads/Images_of_Tahoe/UNRS-P1993-05-0585.tif
1902,/sftp/sftp_unr/uploads/Images_of_Tahoe/UNRS-P1993-05-0610.tif
2285,/sftp/sftp_unr/uploads/Images_of_Tahoe/UNRS-P1993-05-0628.tif
2276,/sftp/sftp_unr/uploads/Images_of_Tahoe/UNRS-P1993-05-0633.tif
2253,/sftp/sftp_unr/uploads/Images_of_Tahoe/UNRS-P1993-05-0635.tif
1606,/sftp/sftp_unr/uploads/Images_of_Tahoe/UNRS-P1993-05-0641.tif
1736,/sftp/sftp_unr/uploads/Images_of_Tahoe/UNRS-P1993-05-0655.tif
2176,/sftp/sftp_unr/uploads/Images_of_Tahoe/UNRS-P1993-05-0671.tif
2267,/sftp/sftp_unr/uploads/Images_of_Tahoe/UNRS-P1993-05-0675.tif
1745,/sftp/sftp_unr/uploads/Images_of_Tahoe/UNRS-P1993-05-0677.tif
2195,/sftp/sftp_unr/uploads/Images_of_Tahoe/UNRS-P1993-05-0680.tif
2354,/sftp/sftp_unr/uploads/Images_of_Tahoe/UNRS-P1993-05-0682.tif
1788,/sftp/sftp_unr/uploads/Images_of_Tahoe/UNRS-P1993-05-0700.tif
1889,/sftp/sftp_unr/uploads/Images_of_Tahoe/UNRS-P1993-05-0701.tif
1910,/sftp/sftp_unr/uploads/Images_of_Tahoe/UNRS-P1993-05-0706.tif
2042,/sftp/sftp_unr/uploads/Images_of_Tahoe/UNRS-P1993-05-0716.tif
2452,/sftp/sftp_unr/uploads/Images_of_Tahoe/UNRS-P1993-05-0723.tif
2109,/sftp/sftp_unr/uploads/Images_of_Tahoe/UNRS-P1993-05-0727.tif
2434,/sftp/sftp_unr/uploads/Images_of_Tahoe/UNRS-P1993-05-0749.tif
2014,/sftp/sftp_unr/uploads/Images_of_Tahoe/UNRS-P1993-05-0750.tif
2254,/sftp/sftp_unr/uploads/Images_of_Tahoe/UNRS-P1993-05-0782.tif
2258,/sftp/sftp_unr/uploads/Images_of_Tahoe/UNRS-P1993-05-0787.tif
2494,/sftp/sftp_unr/uploads/Images_of_Tahoe/UNRS-P1993-05-0826.tif
1860,/sftp/sftp_unr/uploads/Images_of_Tahoe/UNRS-P1993-05-0829.tif
2096,/sftp/sftp_unr/uploads/Images_of_Tahoe/UNRS-P1993-05-0832.tif
1710,/sftp/sftp_unr/uploads/Images_of_Tahoe/UNRS-P1993-05-0844.tif
2317,/sftp/sftp_unr/uploads/Images_of_Tahoe/UNRS-P1993-05-0850.tif
1625,/sftp/sftp_unr/uploads/Images_of_Tahoe/UNRS-P1993-05-0862.tif
1520,/sftp/sftp_unr/uploads/Images_of_Tahoe/UNRS-P1993-05-0866.tif
1772,/sftp/sftp_unr/uploads/Images_of_Tahoe/UNRS-P1993-05-0870.tif
2050,/sftp/sftp_unr/uploads/Images_of_Tahoe/UNRS-P1993-05-0897.tif
1811,/sftp/sftp_unr/uploads/Images_of_Tahoe/UNRS-P1993-05-0905.tif
1605,/sftp/sftp_unr/uploads/Images_of_Tahoe/UNRS-P1993-05-0906.tif
2144,/sftp/sftp_unr/uploads/Images_of_Tahoe/UNRS-P1993-05-0992.tif
1804,/sftp/sftp_unr/uploads/Images_of_Tahoe/UNRS-P1993-05-0993.tif
2033,/sftp/sftp_unr/uploads/Images_of_Tahoe/UNRS-P1993-05-1018.tif
1716,/sftp/sftp_unr/uploads/Images_of_Tahoe/UNRS-P1993-05-1046.tif
2265,/sftp/sftp_unr/uploads/Images_of_Tahoe/UNRS-P1993-05-1050.tif
1489,/sftp/sftp_unr/uploads/Images_of_Tahoe/UNRS-P1993-05-1053.tif
1629,/sftp/sftp_unr/uploads/Images_of_Tahoe/UNRS-P1993-05-1058.tif
2274,/sftp/sftp_unr/uploads/Images_of_Tahoe/UNRS-P1993-05-1059.tif
2140,/sftp/sftp_unr/uploads/Images_of_Tahoe/UNRS-P1993-05-1061.tif
1901,/sftp/sftp_unr/uploads/Images_of_Tahoe/UNRS-P1993-05-1062.tif
2141,/sftp/sftp_unr/uploads/Images_of_Tahoe/UNRS-P1993-05-1063.tif
2138,/sftp/sftp_unr/uploads/Images_of_Tahoe/UNRS-P1993-05-1078.tif
1565,/sftp/sftp_unr/uploads/Images_of_Tahoe/UNRS-P1993-05-1079.tif
2130,/sftp/sftp_unr/uploads/Images_of_Tahoe/UNRS-P1993-05-1168.tif
2475,/sftp/sftp_unr/uploads/Images_of_Tahoe/UNRS-P1993-05-1170.tif
2513,/sftp/sftp_unr/uploads/Images_of_Tahoe/UNRS-P1993-05-1181.tif
2381,/sftp/sftp_unr/uploads/Images_of_Tahoe/UNRS-P1993-05-1182.tif
1630,/sftp/sftp_unr/uploads/Images_of_Tahoe/UNRS-P1993-05-2010.tif
2448,/sftp/sftp_unr/uploads/Images_of_Tahoe/UNRS-P1993-05-2011.tif
1691,/sftp/sftp_unr/uploads/Images_of_Tahoe/UNRS-P1993-05-2012.tif
2355,/sftp/sftp_unr/uploads/Images_of_Tahoe/UNRS-P1993-05-2013.tif
1924,/sftp/sftp_unr/uploads/Images_of_Tahoe/UNRS-P1993-05-2034.tif
2500,/sftp/sftp_unr/uploads/Images_of_Tahoe/UNRS-P1993-05-2036.tif
1704,/sftp/sftp_unr/uploads/Images_of_Tahoe/UNRS-P1993-05-2037.tif
1774,/sftp/sftp_unr/uploads/Images_of_Tahoe/UNRS-P1993-05-2040.tif
1672,/sftp/sftp_unr/uploads/Images_of_Tahoe/UNRS-P1993-05-2042.tif
1873,/sftp/sftp_unr/uploads/Images_of_Tahoe/UNRS-P1993-05-2062.tif
1579,/sftp/sftp_unr/uploads/Images_of_Tahoe/UNRS-P1993-05-2064.tif
1808,/sftp/sftp_unr/uploads/Images_of_Tahoe/UNRS-P1993-05-2123.tif
1488,/sftp/sftp_unr/uploads/Images_of_Tahoe/UNRS-P1993-05-2124.tif
2455,/sftp/sftp_unr/uploads/Images_of_Tahoe/UNRS-P1993-05-2198.tif
1919,/sftp/sftp_unr/uploads/Images_of_Tahoe/UNRS-P1993-05-2322.tif
2358,/sftp/sftp_unr/uploads/Images_of_Tahoe/UNRS-P1993-05-2354.tif
1970,/sftp/sftp_unr/uploads/Images_of_Tahoe/UNRS-P1993-05-2732.tif
1851,/sftp/sftp_unr/uploads/Images_of_Tahoe/UNRS-P1993-05-2736.tif
1516,/sftp/sftp_unr/uploads/Images_of_Tahoe/UNRS-P1993-05-2737.tif
2008,/sftp/sftp_unr/uploads/Images_of_Tahoe/UNRS-P1993-05-2738.tif
1711,/sftp/sftp_unr/uploads/Images_of_Tahoe/UNRS-P1993-05-2739.tif
2022,/sftp/sftp_unr/uploads/Images_of_Tahoe/UNRS-P1993-05-2888.tif
2520,/sftp/sftp_unr/uploads/Images_of_Tahoe/UNRS-P1993-05-2889.tif
1809,/sftp/sftp_unr/uploads/Images_of_Tahoe/UNRS-P1993-05-3039.tif
1732,/sftp/sftp_unr/uploads/Images_of_Tahoe/UNRS-P1993-05-3074.tif
2379,/sftp/sftp_unr/uploads/Images_of_Tahoe/UNRS-P1993-05-3101.tif
1826,/sftp/sftp_unr/uploads/Images_of_Tahoe/UNRS-P1993-05-3102.tif
2002,/sftp/sftp_unr/uploads/Images_of_Tahoe/UNRS-P1993-05-3104.tif
2345,/sftp/sftp_unr/uploads/Images_of_Tahoe/UNRS-P1993-05-3111.tif
2268,/sftp/sftp_unr/uploads/Images_of_Tahoe/UNRS-P1993-05-3112.tif
1849,/sftp/sftp_unr/uploads/Images_of_Tahoe/UNRS-P1993-39-09.tif
1875,/sftp/sftp_unr/uploads/Images_of_Tahoe/UNRS-P1993-39-10.tif
1769,/sftp/sftp_unr/uploads/Images_of_Tahoe/UNRS-P1993-39-12.tif
1738,/sftp/sftp_unr/uploads/Images_of_Tahoe/UNRS-P1994-03-15.tif
1650,/sftp/sftp_unr/uploads/Images_of_Tahoe/UNRS-P1994-03-16.tif
2201,/sftp/sftp_unr/uploads/Images_of_Tahoe/UNRS-P1994-03-17.tif
1586,/sftp/sftp_unr/uploads/Images_of_Tahoe/UNRS-P1994-05-1.tif
2343,/sftp/sftp_unr/uploads/Images_of_Tahoe/UNRS-P1995-01-163.tif
2319,/sftp/sftp_unr/uploads/Images_of_Tahoe/UNRS-P1995-01-166.tif
1698,/sftp/sftp_unr/uploads/Images_of_Tahoe/UNRS-P1995-01-169.tif
2419,/sftp/sftp_unr/uploads/Images_of_Tahoe/UNRS-P1995-01-170.tif
1758,/sftp/sftp_unr/uploads/Images_of_Tahoe/UNRS-P1995-01-176.tif
2404,/sftp/sftp_unr/uploads/Images_of_Tahoe/UNRS-P1995-24-53.tif
1999,/sftp/sftp_unr/uploads/Images_of_Tahoe/UNRS-P1995-27-13.tif
1707,/sftp/sftp_unr/uploads/Images_of_Tahoe/UNRS-P1997-01-006a.tif
2297,/sftp/sftp_unr/uploads/Images_of_Tahoe/UNRS-P1997-01-024.tif
2309,/sftp/sftp_unr/uploads/Images_of_Tahoe/UNRS-P1997-01-026.tif
2305,/sftp/sftp_unr/uploads/Images_of_Tahoe/UNRS-P1997-01-027.tif
2012,/sftp/sftp_unr/uploads/Images_of_Tahoe/UNRS-P1997-01-028.tif
2372,/sftp/sftp_unr/uploads/Images_of_Tahoe/UNRS-P1997-01-029.tif
1568,/sftp/sftp_unr/uploads/Images_of_Tahoe/UNRS-P1997-01-030.tif
2462,/sftp/sftp_unr/uploads/Images_of_Tahoe/UNRS-P1997-01-031.tif
2338,/sftp/sftp_unr/uploads/Images_of_Tahoe/UNRS-P1997-01-032.tif
2039,/sftp/sftp_unr/uploads/Images_of_Tahoe/UNRS-P1997-01-033.tif
1917,/sftp/sftp_unr/uploads/Images_of_Tahoe/UNRS-P1997-01-034.tif
2298,/sftp/sftp_unr/uploads/Images_of_Tahoe/UNRS-P1997-01-035.tif
2099,/sftp/sftp_unr/uploads/Images_of_Tahoe/UNRS-P1997-01-036.tif
1692,/sftp/sftp_unr/uploads/Images_of_Tahoe/UNRS-P1997-01-062.tif
1854,/sftp/sftp_unr/uploads/Images_of_Tahoe/UNRS-P1997-01-063.tif
2363,/sftp/sftp_unr/uploads/Images_of_Tahoe/UNRS-P1997-01-064.tif
2239,/sftp/sftp_unr/uploads/Images_of_Tahoe/UNRS-P1997-01-065.tif
2289,/sftp/sftp_unr/uploads/Images_of_Tahoe/UNRS-P1997-01-066.tif
1617,/sftp/sftp_unr/uploads/Images_of_Tahoe/UNRS-P1997-01-067.tif
2397,/sftp/sftp_unr/uploads/Images_of_Tahoe/UNRS-P1997-01-068.tif
2256,/sftp/sftp_unr/uploads/Images_of_Tahoe/UNRS-P1997-01-069.tif
1523,/sftp/sftp_unr/uploads/Images_of_Tahoe/UNRS-P1997-01-070.tif
2489,/sftp/sftp_unr/uploads/Images_of_Tahoe/UNRS-P1997-01-071.tif
2113,/sftp/sftp_unr/uploads/Images_of_Tahoe/UNRS-P1997-01-072.tif
1743,/sftp/sftp_unr/uploads/Images_of_Tahoe/UNRS-P1997-01-073.tif
2424,/sftp/sftp_unr/uploads/Images_of_Tahoe/UNRS-P1997-01-074.tif
1797,/sftp/sftp_unr/uploads/Images_of_Tahoe/UNRS-P1997-01-075.tif
1618,/sftp/sftp_unr/uploads/Images_of_Tahoe/UNRS-P1997-01-076.tif
2407,/sftp/sftp_unr/uploads/Images_of_Tahoe/UNRS-P1997-01-077.tif
1600,/sftp/sftp_unr/uploads/Images_of_Tahoe/UNRS-P1997-01-078.tif
2443,/sftp/sftp_unr/uploads/Images_of_Tahoe/UNRS-P1997-01-079.tif
1801,/sftp/sftp_unr/uploads/Images_of_Tahoe/UNRS-P1997-01-080.tif
1699,/sftp/sftp_unr/uploads/Images_of_Tahoe/UNRS-P1997-01-081.tif
1990,/sftp/sftp_unr/uploads/Images_of_Tahoe/UNRS-P1997-01-082.tif
2194,/sftp/sftp_unr/uploads/Images_of_Tahoe/UNRS-P1997-01-083.tif
1866,/sftp/sftp_unr/uploads/Images_of_Tahoe/UNRS-P1997-01-084.tif
1726,/sftp/sftp_unr/uploads/Images_of_Tahoe/UNRS-P1997-01-085.tif
1823,/sftp/sftp_unr/uploads/Images_of_Tahoe/UNRS-P1997-01-086.tif
1885,/sftp/sftp_unr/uploads/Images_of_Tahoe/UNRS-P1997-01-087.tif
1975,/sftp/sftp_unr/uploads/Images_of_Tahoe/UNRS-P1997-01-088.tif
2295,/sftp/sftp_unr/uploads/Images_of_Tahoe/UNRS-P1997-01-089.tif
1916,/sftp/sftp_unr/uploads/Images_of_Tahoe/UNRS-P1997-01-090.tif
2126,/sftp/sftp_unr/uploads/Images_of_Tahoe/UNRS-P1997-01-091.tif
1827,/sftp/sftp_unr/uploads/Images_of_Tahoe/UNRS-P1997-01-106.tif
1739,/sftp/sftp_unr/uploads/Images_of_Tahoe/UNRS-P1997-01-107.tif
1792,/sftp/sftp_unr/uploads/Images_of_Tahoe/UNRS-P1997-01-108.tif
2108,/sftp/sftp_unr/uploads/Images_of_Tahoe/UNRS-P1997-01-109.tif
2132,/sftp/sftp_unr/uploads/Images_of_Tahoe/UNRS-P1997-01-110.tif
1603,/sftp/sftp_unr/uploads/Images_of_Tahoe/UNRS-P1997-01-114.tif
2116,/sftp/sftp_unr/uploads/Images_of_Tahoe/UNRS-P1997-01-115.tif
2357,/sftp/sftp_unr/uploads/Images_of_Tahoe/UNRS-P1997-01-116.tif
1776,/sftp/sftp_unr/uploads/Images_of_Tahoe/UNRS-P1997-01-117.tif
2228,/sftp/sftp_unr/uploads/Images_of_Tahoe/UNRS-P1997-01-118.tif
2291,/sftp/sftp_unr/uploads/Images_of_Tahoe/UNRS-P1997-01-119.tif
1800,/sftp/sftp_unr/uploads/Images_of_Tahoe/UNRS-P1997-01-120.tif
1812,/sftp/sftp_unr/uploads/Images_of_Tahoe/UNRS-P1997-01-121.tif
2370,/sftp/sftp_unr/uploads/Images_of_Tahoe/UNRS-P1997-01-122.tif
1820,/sftp/sftp_unr/uploads/Images_of_Tahoe/UNRS-P1997-01-123.tif
1483,/sftp/sftp_unr/uploads/Images_of_Tahoe/UNRS-P1997-01-124.tif
2037,/sftp/sftp_unr/uploads/Images_of_Tahoe/UNRS-P1997-01-125.tif
1830,/sftp/sftp_unr/uploads/Images_of_Tahoe/UNRS-P1997-01-126.tif
2299,/sftp/sftp_unr/uploads/Images_of_Tahoe/UNRS-P1997-01-127.tif
1531,/sftp/sftp_unr/uploads/Images_of_Tahoe/UNRS-P1997-01-128.tif
2215,/sftp/sftp_unr/uploads/Images_of_Tahoe/UNRS-P1997-01-129.tif
1637,/sftp/sftp_unr/uploads/Images_of_Tahoe/UNRS-P1997-01-130.tif
1878,/sftp/sftp_unr/uploads/Images_of_Tahoe/UNRS-P1997-01-132.tif
1838,/sftp/sftp_unr/uploads/Images_of_Tahoe/UNRS-P1997-01-133.tif
1888,/sftp/sftp_unr/uploads/Images_of_Tahoe/UNRS-P1997-01-144.tif
1641,/sftp/sftp_unr/uploads/Images_of_Tahoe/UNRS-P1997-01-145.tif
1984,/sftp/sftp_unr/uploads/Images_of_Tahoe/UNRS-P1997-01-146.tif
1521,/sftp/sftp_unr/uploads/Images_of_Tahoe/UNRS-P1997-01-158.tif
1961,/sftp/sftp_unr/uploads/Images_of_Tahoe/UNRS-P1997-04-3.tif
1751,/sftp/sftp_unr/uploads/Images_of_Tahoe/UNRS-P1997-04-4.tif
1895,/sftp/sftp_unr/uploads/Images_of_Tahoe/UNRS-P1997-04-5.tif
1654,/sftp/sftp_unr/uploads/Images_of_Tahoe/UNRS-P1997-04-6.tif
2123,/sftp/sftp_unr/uploads/Images_of_Tahoe/UNRS-P1997-04-7.tif
2174,/sftp/sftp_unr/uploads/Images_of_Tahoe/UNRS-P1997-04-8.tif
2223,/sftp/sftp_unr/uploads/Images_of_Tahoe/UNRS-P1997-06-38.tif
1986,/sftp/sftp_unr/uploads/Images_of_Tahoe/UNRS-P1997-49-498.tif
2314,/sftp/sftp_unr/uploads/Images_of_Tahoe/UNRS-P1997-49-511.tif
2124,/sftp/sftp_unr/uploads/Images_of_Tahoe/UNRS-P1997-49-512.tif
1534,/sftp/sftp_unr/uploads/Images_of_Tahoe/UNRS-P1997-49-513.tif
2332,/sftp/sftp_unr/uploads/Images_of_Tahoe/UNRS-P1997-49-514.tif
1496,/sftp/sftp_unr/uploads/Images_of_Tahoe/UNRS-P1997-49-516.tif
1985,/sftp/sftp_unr/uploads/Images_of_Tahoe/UNRS-P1997-49-538.tif
1510,/sftp/sftp_unr/uploads/Images_of_Tahoe/UNRS-P1997-49-541.tif
2413,/sftp/sftp_unr/uploads/Images_of_Tahoe/UNRS-P1997-49-544.tif
2038,/sftp/sftp_unr/uploads/Images_of_Tahoe/UNRS-P1997-49-546.tif
2142,/sftp/sftp_unr/uploads/Images_of_Tahoe/UNRS-P1997-49-547.tif
1815,/sftp/sftp_unr/uploads/Images_of_Tahoe/UNRS-P1997-49-552.tif
1587,/sftp/sftp_unr/uploads/Images_of_Tahoe/UNRS-P1997-49-553.tif
1596,/sftp/sftp_unr/uploads/Images_of_Tahoe/UNRS-P1997-49-555.tif
2353,/sftp/sftp_unr/uploads/Images_of_Tahoe/UNRS-P1997-49-558.tif
1703,/sftp/sftp_unr/uploads/Images_of_Tahoe/UNRS-P1997-49-560.tif
1554,/sftp/sftp_unr/uploads/Images_of_Tahoe/UNRS-P1997-49-565.tif
2035,/sftp/sftp_unr/uploads/Images_of_Tahoe/UNRS-P1997-49-566.tif
2021,/sftp/sftp_unr/uploads/Images_of_Tahoe/UNRS-P1997-49-568.tif
1564,/sftp/sftp_unr/uploads/Images_of_Tahoe/UNRS-P1997-49-572.tif
2396,/sftp/sftp_unr/uploads/Images_of_Tahoe/UNRS-P1997-49-575.tif
2325,/sftp/sftp_unr/uploads/Images_of_Tahoe/UNRS-P1997-49-577.tif
1836,/sftp/sftp_unr/uploads/Images_of_Tahoe/UNRS-P1997-49-579.tif
2052,/sftp/sftp_unr/uploads/Images_of_Tahoe/UNRS-P1997-49-581.tif
1914,/sftp/sftp_unr/uploads/Images_of_Tahoe/UNRS-P1997-49-587.tif
1584,/sftp/sftp_unr/uploads/Images_of_Tahoe/UNRS-P1997-49-588.tif
2098,/sftp/sftp_unr/uploads/Images_of_Tahoe/UNRS-P1997-49-589.tif
1816,/sftp/sftp_unr/uploads/Images_of_Tahoe/UNRS-P1997-58-298.tif
1942,/sftp/sftp_unr/uploads/Images_of_Tahoe/UNRS-P1997-58-299.tif
2199,/sftp/sftp_unr/uploads/Images_of_Tahoe/UNRS-P1997-58-300.tif
1528,/sftp/sftp_unr/uploads/Images_of_Tahoe/UNRS-P1997-58-304.tif
1965,/sftp/sftp_unr/uploads/Images_of_Tahoe/UNRS-P1997-58-305.tif
2237,/sftp/sftp_unr/uploads/Images_of_Tahoe/UNRS-P1997-58-306.tif
2071,/sftp/sftp_unr/uploads/Images_of_Tahoe/UNRS-P1997-58-308.tif
1662,/sftp/sftp_unr/uploads/Images_of_Tahoe/UNRS-P1997-58-309.tif
2179,/sftp/sftp_unr/uploads/Images_of_Tahoe/UNRS-P1997-58-310.tif
2408,/sftp/sftp_unr/uploads/Images_of_Tahoe/UNRS-P1997-58-312.tif
1872,/sftp/sftp_unr/uploads/Images_of_Tahoe/UNRS-P1997-58-313.tif
2371,/sftp/sftp_unr/uploads/Images_of_Tahoe/UNRS-P1997-58-314.tif
1869,/sftp/sftp_unr/uploads/Images_of_Tahoe/UNRS-P1997-58-315.tif
2476,/sftp/sftp_unr/uploads/Images_of_Tahoe/UNRS-P1997-62-001.tif
1569,/sftp/sftp_unr/uploads/Images_of_Tahoe/UNRS-P1997-62-002.tif
2415,/sftp/sftp_unr/uploads/Images_of_Tahoe/UNRS-P1997-62-017.tif
2336,/sftp/sftp_unr/uploads/Images_of_Tahoe/UNRS-P1997-62-018.tif
2241,/sftp/sftp_unr/uploads/Images_of_Tahoe/UNRS-P1997-62-022.tif
1893,/sftp/sftp_unr/uploads/Images_of_Tahoe/UNRS-P1997-62-023.tif
1561,/sftp/sftp_unr/uploads/Images_of_Tahoe/UNRS-P1997-62-025.tif
2082,/sftp/sftp_unr/uploads/Images_of_Tahoe/UNRS-P1997-62-027.tif
2484,/sftp/sftp_unr/uploads/Images_of_Tahoe/UNRS-P1997-62-031.tif
2062,/sftp/sftp_unr/uploads/Images_of_Tahoe/UNRS-P1997-62-033.tif
1979,/sftp/sftp_unr/uploads/Images_of_Tahoe/UNRS-P1997-62-034.tif
1747,/sftp/sftp_unr/uploads/Images_of_Tahoe/UNRS-P1997-62-042.tif
2121,/sftp/sftp_unr/uploads/Images_of_Tahoe/UNRS-P1997-62-048.tif
1504,/sftp/sftp_unr/uploads/Images_of_Tahoe/UNRS-P1997-62-049.tif
2165,/sftp/sftp_unr/uploads/Images_of_Tahoe/UNRS-P1997-62-051.tif
1937,/sftp/sftp_unr/uploads/Images_of_Tahoe/UNRS-P1997-62-052.tif
1938,/sftp/sftp_unr/uploads/Images_of_Tahoe/UNRS-P1997-62-053.tif
1855,/sftp/sftp_unr/uploads/Images_of_Tahoe/UNRS-P1997-62-054.tif
2414,/sftp/sftp_unr/uploads/Images_of_Tahoe/UNRS-P1997-62-055.tif
2115,/sftp/sftp_unr/uploads/Images_of_Tahoe/UNRS-P1997-62-056.tif
1964,/sftp/sftp_unr/uploads/Images_of_Tahoe/UNRS-P1997-62-058.tif
2160,/sftp/sftp_unr/uploads/Images_of_Tahoe/UNRS-P1997-62-063.tif
2271,/sftp/sftp_unr/uploads/Images_of_Tahoe/UNRS-P1997-62-073.tif
1959,/sftp/sftp_unr/uploads/Images_of_Tahoe/UNRS-P1997-62-074.tif
1960,/sftp/sftp_unr/uploads/Images_of_Tahoe/UNRS-P1997-62-076.tif
1624,/sftp/sftp_unr/uploads/Images_of_Tahoe/UNRS-P1997-62-083.tif
1844,/sftp/sftp_unr/uploads/Images_of_Tahoe/UNRS-P1997-62-110.tif
2172,/sftp/sftp_unr/uploads/Images_of_Tahoe/UNRS-P1997-62-120.tif
1690,/sftp/sftp_unr/uploads/Images_of_Tahoe/UNRS-P1997-62-122.tif
1891,/sftp/sftp_unr/uploads/Images_of_Tahoe/UNRS-P1997-62-173.tif
2431,/sftp/sftp_unr/uploads/Images_of_Tahoe/UNRS-P2003-10-136.tif
1580,/sftp/sftp_unr/uploads/Images_of_Tahoe/UNRS-P2003-10-137.tif
1936,/sftp/sftp_unr/uploads/Images_of_Tahoe/UNRS-P2003-10-138.tif
2510,/sftp/sftp_unr/uploads/Images_of_Tahoe/UNRS-P2003-10-139.tif
2128,/sftp/sftp_unr/uploads/Images_of_Tahoe/UNRS-P2003-10-140.tif
1947,/sftp/sftp_unr/uploads/Images_of_Tahoe/UNRS-P2003-10-141.tif
1950,/sftp/sftp_unr/uploads/Images_of_Tahoe/UNRS-P2003-10-142.tif
1785,/sftp/sftp_unr/uploads/Images_of_Tahoe/UNRS-P2003-10-144.tif
2067,/sftp/sftp_unr/uploads/Images_of_Tahoe/UNRS-P2003-10-145.tif
1791,/sftp/sftp_unr/uploads/Images_of_Tahoe/UNRS-P2003-10-146.tif
2333,/sftp/sftp_unr/uploads/Images_of_Tahoe/UNRS-P2003-10-147.tif
2263,/sftp/sftp_unr/uploads/Images_of_Tahoe/UNRS-P2003-10-148.tif
1613,/sftp/sftp_unr/uploads/Images_of_Tahoe/UNRS-P2003-10-149.tif
1508,/sftp/sftp_unr/uploads/Images_of_Tahoe/UNRS-P2003-10-150.tif
1943,/sftp/sftp_unr/uploads/Images_of_Tahoe/UNRS-P2003-10-151.tif
1680,/sftp/sftp_unr/uploads/Images_of_Tahoe/UNRS-P2003-10-152.tif
2351,/sftp/sftp_unr/uploads/Images_of_Tahoe/UNRS-P2003-10-153.tif
2049,/sftp/sftp_unr/uploads/Images_of_Tahoe/UNRS-P2003-10-154.tif
2320,/sftp/sftp_unr/uploads/Images_of_Tahoe/UNRS-P2003-10-155.tif
1764,/sftp/sftp_unr/uploads/Images_of_Tahoe/UNRS-P2003-10-156.tif
2428,/sftp/sftp_unr/uploads/Images_of_Tahoe/UNRS-P2003-10-157.tif
1962,/sftp/sftp_unr/uploads/Images_of_Tahoe/UNRS-P2003-10-158.tif
1506,/sftp/sftp_unr/uploads/Images_of_Tahoe/UNRS-P2003-10-159.tif
1909,/sftp/sftp_unr/uploads/Images_of_Tahoe/UNRS-P2003-10-160.tif
1675,/sftp/sftp_unr/uploads/Images_of_Tahoe/UNRS-P2003-10-161.tif
1571,/sftp/sftp_unr/uploads/Images_of_Tahoe/UNRS-P2003-10-162.tif
1574,/sftp/sftp_unr/uploads/Images_of_Tahoe/UNRS-P2003-10-163.tif
2352,/sftp/sftp_unr/uploads/Images_of_Tahoe/UNRS-P2003-10-164.tif
1477,/sftp/sftp_unr/uploads/Images_of_Tahoe/UNRS-P2003-10-165.tif
2440,/sftp/sftp_unr/uploads/Images_of_Tahoe/UNRS-P2003-10-166.tif
2155,/sftp/sftp_unr/uploads/Images_of_Tahoe/UNRS-P2003-10-167.tif
1850,/sftp/sftp_unr/uploads/Images_of_Tahoe/UNRS-P2003-10-168.tif
2307,/sftp/sftp_unr/uploads/Images_of_Tahoe/UNRS-P2003-10-169.tif
1805,/sftp/sftp_unr/uploads/Images_of_Tahoe/UNRS-P2003-10-170.tif
2311,/sftp/sftp_unr/uploads/Images_of_Tahoe/UNRS-P2003-10-171.tif
2385,/sftp/sftp_unr/uploads/Images_of_Tahoe/UNRS-P2003-10-177.tif
2341,/sftp/sftp_unr/uploads/Images_of_Tahoe/UNRS-P2003-10-178.tif
1576,/sftp/sftp_unr/uploads/Images_of_Tahoe/UNRS-P2003-10-180.tif
2151,/sftp/sftp_unr/uploads/Images_of_Tahoe/UNRS-P2003-10-181.tif
1646,/sftp/sftp_unr/uploads/Images_of_Tahoe/UNRS-P2003-10-182.tif
2085,/sftp/sftp_unr/uploads/Images_of_Tahoe/UNRS-P2003-10-183.tif
1777,/sftp/sftp_unr/uploads/Images_of_Tahoe/UNRS-P2003-10-184.tif
1858,/sftp/sftp_unr/uploads/Images_of_Tahoe/UNRS-P2003-10-185.tif
2498,/sftp/sftp_unr/uploads/Images_of_Tahoe/UNRS-P2003-10-187.tif
2514,/sftp/sftp_unr/uploads/Images_of_Tahoe/UNRS-P2003-10-188.tif
1882,/sftp/sftp_unr/uploads/Images_of_Tahoe/UNRS-P2003-10-189.tif
2270,/sftp/sftp_unr/uploads/Images_of_Tahoe/UNRS-P2003-10-190.tif
1780,/sftp/sftp_unr/uploads/Images_of_Tahoe/UNRS-P2003-10-191.tif
2229,/sftp/sftp_unr/uploads/Images_of_Tahoe/UNRS-P2003-10-192.tif
1598,/sftp/sftp_unr/uploads/Images_of_Tahoe/UNRS-P2003-10-193.tif
1649,/sftp/sftp_unr/uploads/Images_of_Tahoe/UNRS-P2003-10-194.tif
1993,/sftp/sftp_unr/uploads/Images_of_Tahoe/UNRS-P2003-10-195.tif
2203,/sftp/sftp_unr/uploads/Images_of_Tahoe/UNRS-P2003-10-197.tif
1623,/sftp/sftp_unr/uploads/Images_of_Tahoe/UNRS-P2003-10-223.tif
1664,/sftp/sftp_unr/uploads/Images_of_Tahoe/UNRS-P2003-10-224.tif
2433,/sftp/sftp_unr/uploads/Images_of_Tahoe/UNRS-P2003-10-225.tif
1884,/sftp/sftp_unr/uploads/Images_of_Tahoe/UNRS-P2003-10-226.tif
2390,/sftp/sftp_unr/uploads/Images_of_Tahoe/UNRS-P2003-10-227.tif
1647,/sftp/sftp_unr/uploads/Images_of_Tahoe/UNRS-P2003-10-228.tif
2018,/sftp/sftp_unr/uploads/Images_of_Tahoe/UNRS-P2003-10-230.tif
1519,/sftp/sftp_unr/uploads/Images_of_Tahoe/UNRS-P2003-10-231.tif
1725,/sftp/sftp_unr/uploads/Images_of_Tahoe/UNRS-P2003-10-232.tif
1955,/sftp/sftp_unr/uploads/Images_of_Tahoe/UNRS-P2003-10-233.tif
1476,/sftp/sftp_unr/uploads/Images_of_Tahoe/UNRS-P2003-10-235.tif
2120,/sftp/sftp_unr/uploads/Images_of_Tahoe/UNRS-P2003-10-237.tif
1845,/sftp/sftp_unr/uploads/Images_of_Tahoe/UNRS-P2003-10-238.tif
1798,/sftp/sftp_unr/uploads/Images_of_Tahoe/UNRS-P2003-10-239.tif
2044,/sftp/sftp_unr/uploads/Images_of_Tahoe/UNRS-P2003-10-240.tif
2339,/sftp/sftp_unr/uploads/Images_of_Tahoe/UNRS-P2003-10-241.tif
1511,/sftp/sftp_unr/uploads/Images_of_Tahoe/UNRS-P2003-10-242.tif
1599,/sftp/sftp_unr/uploads/Images_of_Tahoe/UNRS-P2003-10-243.tif
2166,/sftp/sftp_unr/uploads/Images_of_Tahoe/UNRS-P2003-10-244.tif
2105,/sftp/sftp_unr/uploads/Images_of_Tahoe/UNRS-P2003-10-245.tif
2031,/sftp/sftp_unr/uploads/Images_of_Tahoe/UNRS-P2003-10-246.tif
2145,/sftp/sftp_unr/uploads/Images_of_Tahoe/UNRS-P2003-10-247.tif
1474,/sftp/sftp_unr/uploads/Images_of_Tahoe/UNRS-P2003-10-248.tif
1996,/sftp/sftp_unr/uploads/Images_of_Tahoe/UNRS-P2003-10-249.tif
2499,/sftp/sftp_unr/uploads/Images_of_Tahoe/UNRS-P2003-10-250.tif
2235,/sftp/sftp_unr/uploads/Images_of_Tahoe/UNRS-P2003-10-251.tif
1972,/sftp/sftp_unr/uploads/Images_of_Tahoe/UNRS-P2003-10-252.tif
1977,/sftp/sftp_unr/uploads/Images_of_Tahoe/UNRS-P2003-10-253.tif
2148,/sftp/sftp_unr/uploads/Images_of_Tahoe/UNRS-P2003-10-254.tif
2060,/sftp/sftp_unr/uploads/Images_of_Tahoe/UNRS-P2003-10-255.tif
1949,/sftp/sftp_unr/uploads/Images_of_Tahoe/UNRS-P2003-10-256.tif
2094,/sftp/sftp_unr/uploads/Images_of_Tahoe/UNRS-P2003-10-257.tif
2349,/sftp/sftp_unr/uploads/Images_of_Tahoe/UNRS-P2003-10-258.tif
1923,/sftp/sftp_unr/uploads/Images_of_Tahoe/UNRS-P2003-10-260.tif
2125,/sftp/sftp_unr/uploads/Images_of_Tahoe/UNRS-P2003-10-261.tif
2347,/sftp/sftp_unr/uploads/Images_of_Tahoe/UNRS-P2003-10-262.tif
2244,/sftp/sftp_unr/uploads/Images_of_Tahoe/UNRS-P2003-10-263.tif
1892,/sftp/sftp_unr/uploads/Images_of_Tahoe/UNRS-P2003-10-265.tif
1925,/sftp/sftp_unr/uploads/Images_of_Tahoe/UNRS-P2003-10-266.tif
2468,/sftp/sftp_unr/uploads/Images_of_Tahoe/UNRS-P2003-10-267.tif
1935,/sftp/sftp_unr/uploads/Images_of_Tahoe/UNRS-P2003-10-268.tif
1887,/sftp/sftp_unr/uploads/Images_of_Tahoe/UNRS-P2003-10-269.tif
1841,/sftp/sftp_unr/uploads/Images_of_Tahoe/UNRS-P2003-10-270.tif
2208,/sftp/sftp_unr/uploads/Images_of_Tahoe/UNRS-P2003-10-271.tif
2146,/sftp/sftp_unr/uploads/Images_of_Tahoe/UNRS-P2003-10-272.tif
1778,/sftp/sftp_unr/uploads/Images_of_Tahoe/UNRS-P2003-10-274.tif
1673,/sftp/sftp_unr/uploads/Images_of_Tahoe/UNRS-P2003-10-275.tif
1484,/sftp/sftp_unr/uploads/Images_of_Tahoe/UNRS-P2003-10-276.tif
1720,/sftp/sftp_unr/uploads/Images_of_Tahoe/UNRS-P2003-10-277.tif
1803,/sftp/sftp_unr/uploads/Images_of_Tahoe/UNRS-P2003-10-278.tif
2435,/sftp/sftp_unr/uploads/Images_of_Tahoe/UNRS-P2003-10-279.tif
1799,/sftp/sftp_unr/uploads/Images_of_Tahoe/UNRS-P2003-10-280.tif
2175,/sftp/sftp_unr/uploads/Images_of_Tahoe/UNRS-P2003-10-281.tif
2360,/sftp/sftp_unr/uploads/Images_of_Tahoe/UNRS-P2003-10-282.tif
1890,/sftp/sftp_unr/uploads/Images_of_Tahoe/UNRS-P2003-10-283.tif
2103,/sftp/sftp_unr/uploads/Images_of_Tahoe/UNRS-P2003-10-284.tif
2515,/sftp/sftp_unr/uploads/Images_of_Tahoe/UNRS-P2003-10-289.tif
2456,/sftp/sftp_unr/uploads/Images_of_Tahoe/UNRS-P2003-10-290.tif
1604,/sftp/sftp_unr/uploads/Images_of_Tahoe/UNRS-P2003-10-291.tif
1770,/sftp/sftp_unr/uploads/Images_of_Tahoe/UNRS-P2003-10-292.tif
1628,/sftp/sftp_unr/uploads/Images_of_Tahoe/UNRS-P2003-10-293.tif
1863,/sftp/sftp_unr/uploads/Images_of_Tahoe/UNRS-P2003-10-294.tif
1609,/sftp/sftp_unr/uploads/Images_of_Tahoe/UNRS-P2003-10-295.tif
2329,/sftp/sftp_unr/uploads/Images_of_Tahoe/UNRS-P2003-10-296.tif
2483,/sftp/sftp_unr/uploads/Images_of_Tahoe/UNRS-P2003-10-297.tif
1538,/sftp/sftp_unr/uploads/Images_of_Tahoe/UNRS-P2003-10-298.tif
1929,/sftp/sftp_unr/uploads/Images_of_Tahoe/UNRS-P2003-10-299.tif
2519,/sftp/sftp_unr/uploads/Images_of_Tahoe/UNRS-P2003-10-300.tif
1669,/sftp/sftp_unr/uploads/Images_of_Tahoe/UNRS-P2003-10-301.tif
1583,/sftp/sftp_unr/uploads/Images_of_Tahoe/UNRS-P2003-10-302.tif
1883,/sftp/sftp_unr/uploads/Images_of_Tahoe/UNRS-P2003-10-303.tif
2097,/sftp/sftp_unr/uploads/Images_of_Tahoe/UNRS-P2003-10-304.tif
1633,/sftp/sftp_unr/uploads/Images_of_Tahoe/UNRS-P2003-10-305.tif
1842,/sftp/sftp_unr/uploads/Images_of_Tahoe/UNRS-P2003-10-306.tif
2225,/sftp/sftp_unr/uploads/Images_of_Tahoe/UNRS-P2003-10-307.tif
1551,/sftp/sftp_unr/uploads/Images_of_Tahoe/UNRS-P2003-10-308.tif
1655,/sftp/sftp_unr/uploads/Images_of_Tahoe/UNRS-P2003-10-309.tif
2287,/sftp/sftp_unr/uploads/Images_of_Tahoe/UNRS-P2003-10-314.tif
1530,/sftp/sftp_unr/uploads/Images_of_Tahoe/UNRS-P2003-10-316.tif
1912,/sftp/sftp_unr/uploads/Images_of_Tahoe/UNRS-P2003-10-317.tif
1931,/sftp/sftp_unr/uploads/Images_of_Tahoe/UNRS-P2003-10-318.tif
1760,/sftp/sftp_unr/uploads/Images_of_Tahoe/UNRS-P2003-10-319.tif
1821,/sftp/sftp_unr/uploads/Images_of_Tahoe/UNRS-P2003-10-320.tif
1619,/sftp/sftp_unr/uploads/Images_of_Tahoe/UNRS-P2003-10-321.tif
1729,/sftp/sftp_unr/uploads/Images_of_Tahoe/UNRS-P2003-10-322.tif
2315,/sftp/sftp_unr/uploads/Images_of_Tahoe/UNRS-P2003-10-332.tif
2348,/sftp/sftp_unr/uploads/Images_of_Tahoe/UNRS-P2003-10-333.tif
1670,/sftp/sftp_unr/uploads/Images_of_Tahoe/UNRS-P2003-10-334.tif
2187,/sftp/sftp_unr/uploads/Images_of_Tahoe/UNRS-P2003-10-335.tif
2485,/sftp/sftp_unr/uploads/Images_of_Tahoe/UNRS-P2003-10-336.tif
2344,/sftp/sftp_unr/uploads/Images_of_Tahoe/UNRS-P2003-10-338.tif
1499,/sftp/sftp_unr/uploads/Images_of_Tahoe/UNRS-P2003-10-340.tif
2441,/sftp/sftp_unr/uploads/Images_of_Tahoe/UNRS-P2003-10-341.tif
1748,/sftp/sftp_unr/uploads/Images_of_Tahoe/UNRS-P2003-10-342.tif
2511,/sftp/sftp_unr/uploads/Images_of_Tahoe/UNRS-P2003-10-343.tif
2063,/sftp/sftp_unr/uploads/Images_of_Tahoe/UNRS-P2003-10-347.tif
2282,/sftp/sftp_unr/uploads/Images_of_Tahoe/UNRS-P2003-10-348.tif
1783,/sftp/sftp_unr/uploads/Images_of_Tahoe/UNRS-P2003-10-349.tif
2048,/sftp/sftp_unr/uploads/Images_of_Tahoe/UNRS-P2003-10-350.tif
2400,/sftp/sftp_unr/uploads/Images_of_Tahoe/UNRS-P2003-10-351.tif
2168,/sftp/sftp_unr/uploads/Images_of_Tahoe/UNRS-P2003-10-352.tif
2149,/sftp/sftp_unr/uploads/Images_of_Tahoe/UNRS-P2003-10-353.tif
2330,/sftp/sftp_unr/uploads/Images_of_Tahoe/UNRS-P2003-10-354.tif
1995,/sftp/sftp_unr/uploads/Images_of_Tahoe/UNRS-P2003-10-355.tif
2286,/sftp/sftp_unr/uploads/Images_of_Tahoe/UNRS-P2003-10-356.tif
1862,/sftp/sftp_unr/uploads/Images_of_Tahoe/UNRS-P2003-10-357.tif
1997,/sftp/sftp_unr/uploads/Images_of_Tahoe/UNRS-P2003-10-358.tif
2072,/sftp/sftp_unr/uploads/Images_of_Tahoe/UNRS-P2003-10-359.tif
1877,/sftp/sftp_unr/uploads/Images_of_Tahoe/UNRS-P2003-10-360.tif
2088,/sftp/sftp_unr/uploads/Images_of_Tahoe/UNRS-P2003-10-361.tif
1865,/sftp/sftp_unr/uploads/Images_of_Tahoe/UNRS-P2003-10-362.tif
1539,/sftp/sftp_unr/uploads/Images_of_Tahoe/UNRS-P2003-10-363.tif
2488,/sftp/sftp_unr/uploads/Images_of_Tahoe/UNRS-P2003-10-364.tif
1957,/sftp/sftp_unr/uploads/Images_of_Tahoe/UNRS-P2003-10-365.tif
1524,/sftp/sftp_unr/uploads/Images_of_Tahoe/UNRS-P2003-10-366.tif
2279,/sftp/sftp_unr/uploads/Images_of_Tahoe/UNRS-P2003-10-367.tif
1674,/sftp/sftp_unr/uploads/Images_of_Tahoe/UNRS-P2003-10-368.tif
1876,/sftp/sftp_unr/uploads/Images_of_Tahoe/UNRS-P2003-10-369.tif
2377,/sftp/sftp_unr/uploads/Images_of_Tahoe/UNRS-P2003-10-370.tif
1491,/sftp/sftp_unr/uploads/Images_of_Tahoe/UNRS-P2003-10-371.tif
1848,/sftp/sftp_unr/uploads/Images_of_Tahoe/UNRS-P2003-10-372.tif
2454,/sftp/sftp_unr/uploads/Images_of_Tahoe/UNRS-P2003-10-373.tif
1730,/sftp/sftp_unr/uploads/Images_of_Tahoe/UNRS-P2003-10-374.tif
2157,/sftp/sftp_unr/uploads/Images_of_Tahoe/UNRS-P2003-10-375.tif
2043,/sftp/sftp_unr/uploads/Images_of_Tahoe/UNRS-P2003-10-376.tif
1595,/sftp/sftp_unr/uploads/Images_of_Tahoe/UNRS-P2003-10-377.tif
1796,/sftp/sftp_unr/uploads/Images_of_Tahoe/UNRS-P2003-10-378.tif
2503,/sftp/sftp_unr/uploads/Images_of_Tahoe/UNRS-P2003-10-379.tif
1956,/sftp/sftp_unr/uploads/Images_of_Tahoe/UNRS-P2003-10-380.tif
2391,/sftp/sftp_unr/uploads/Images_of_Tahoe/UNRS-P2003-10-381.tif
1482,/sftp/sftp_unr/uploads/Images_of_Tahoe/UNRS-P2003-10-382.tif
1969,/sftp/sftp_unr/uploads/Images_of_Tahoe/UNRS-P2003-10-383.tif
2387,/sftp/sftp_unr/uploads/Images_of_Tahoe/UNRS-P2003-10-385.tif
1746,/sftp/sftp_unr/uploads/Images_of_Tahoe/UNRS-P2003-10-386.tif
2421,/sftp/sftp_unr/uploads/Images_of_Tahoe/UNRS-P2003-10-387.tif
2439,/sftp/sftp_unr/uploads/Images_of_Tahoe/UNRS-P2003-10-388.tif
2430,/sftp/sftp_unr/uploads/Images_of_Tahoe/UNRS-P2003-10-390.tif
1846,/sftp/sftp_unr/uploads/Images_of_Tahoe/UNRS-P2003-10-391.tif
2127,/sftp/sftp_unr/uploads/Images_of_Tahoe/UNRS-P2003-10-392.tif
1932,/sftp/sftp_unr/uploads/Images_of_Tahoe/UNRS-P2003-10-393.tif
2030,/sftp/sftp_unr/uploads/Images_of_Tahoe/UNRS-P2003-10-394.tif
2210,/sftp/sftp_unr/uploads/Images_of_Tahoe/UNRS-P2003-10-396.tif
2092,/sftp/sftp_unr/uploads/Images_of_Tahoe/UNRS-P2003-10-397.tif
1632,/sftp/sftp_unr/uploads/Images_of_Tahoe/UNRS-P2003-10-398.tif
1679,/sftp/sftp_unr/uploads/Images_of_Tahoe/UNRS-P2003-10-399.tif
2469,/sftp/sftp_unr/uploads/Images_of_Tahoe/UNRS-P2003-10-400.tif
2437,/sftp/sftp_unr/uploads/Images_of_Tahoe/UNRS-P2003-10-401.tif
2019,/sftp/sftp_unr/uploads/Images_of_Tahoe/UNRS-P2003-10-402.tif
1802,/sftp/sftp_unr/uploads/Images_of_Tahoe/UNRS-P2003-10-403.tif
2158,/sftp/sftp_unr/uploads/Images_of_Tahoe/UNRS-P2003-10-404.tif
2398,/sftp/sftp_unr/uploads/Images_of_Tahoe/UNRS-P2003-10-405.tif
2183,/sftp/sftp_unr/uploads/Images_of_Tahoe/UNRS-P2003-10-406.tif
1537,/sftp/sftp_unr/uploads/Images_of_Tahoe/UNRS-P2003-10-407.tif
2367,/sftp/sftp_unr/uploads/Images_of_Tahoe/UNRS-P2003-10-408.tif
1958,/sftp/sftp_unr/uploads/Images_of_Tahoe/UNRS-P2003-10-409.tif
2472,/sftp/sftp_unr/uploads/Images_of_Tahoe/UNRS-P2003-10-410.tif
2261,/sftp/sftp_unr/uploads/Images_of_Tahoe/UNRS-P2003-10-411.tif
1688,/sftp/sftp_unr/uploads/Images_of_Tahoe/UNRS-P2003-10-412.tif
2078,/sftp/sftp_unr/uploads/Images_of_Tahoe/UNRS-P2003-10-413.tif
1718,/sftp/sftp_unr/uploads/Images_of_Tahoe/UNRS-P2003-10-414.tif
2423,/sftp/sftp_unr/uploads/Images_of_Tahoe/UNRS-P2003-10-415.tif
1994,/sftp/sftp_unr/uploads/Images_of_Tahoe/UNRS-P2003-10-416.tif
1610,/sftp/sftp_unr/uploads/Images_of_Tahoe/UNRS-P2003-10-417.tif
1789,/sftp/sftp_unr/uploads/Images_of_Tahoe/UNRS-P2003-10-418.tif
2232,/sftp/sftp_unr/uploads/Images_of_Tahoe/UNRS-P2003-10-419.tif
2122,/sftp/sftp_unr/uploads/Images_of_Tahoe/UNRS-P2003-10-420.tif
1492,/sftp/sftp_unr/uploads/Images_of_Tahoe/UNRS-P2003-10-421.tif
1514,/sftp/sftp_unr/uploads/Images_of_Tahoe/UNRS-P2003-10-422.tif
2394,/sftp/sftp_unr/uploads/Images_of_Tahoe/UNRS-P2003-10-423.tif
1694,/sftp/sftp_unr/uploads/Images_of_Tahoe/UNRS-P2003-10-424.tif
1652,/sftp/sftp_unr/uploads/Images_of_Tahoe/UNRS-P2003-10-425.tif
2399,/sftp/sftp_unr/uploads/Images_of_Tahoe/UNRS-P2003-10-427.tif
1721,/sftp/sftp_unr/uploads/Images_of_Tahoe/UNRS-P2003-10-429.tif
1761,/sftp/sftp_unr/uploads/Images_of_Tahoe/UNRS-P2003-10-430.tif
2252,/sftp/sftp_unr/uploads/Images_of_Tahoe/UNRS-P2003-10-431.tif
1896,/sftp/sftp_unr/uploads/Images_of_Tahoe/UNRS-P2003-10-432.tif
2420,/sftp/sftp_unr/uploads/Images_of_Tahoe/UNRS-P2003-10-433.tif
1556,/sftp/sftp_unr/uploads/Images_of_Tahoe/UNRS-P2003-10-434.tif
1982,/sftp/sftp_unr/uploads/Images_of_Tahoe/UNRS-P2003-10-435.tif
2335,/sftp/sftp_unr/uploads/Images_of_Tahoe/UNRS-P2003-10-436.tif
2422,/sftp/sftp_unr/uploads/Images_of_Tahoe/UNRS-P2003-10-437.tif
2250,/sftp/sftp_unr/uploads/Images_of_Tahoe/UNRS-P2003-10-438.tif
2020,/sftp/sftp_unr/uploads/Images_of_Tahoe/UNRS-P2003-10-439.tif
2458,/sftp/sftp_unr/uploads/Images_of_Tahoe/UNRS-P2003-10-440.tif
1666,/sftp/sftp_unr/uploads/Images_of_Tahoe/UNRS-P2003-10-441.tif
1807,/sftp/sftp_unr/uploads/Images_of_Tahoe/UNRS-P2003-10-442.tif
2308,/sftp/sftp_unr/uploads/Images_of_Tahoe/UNRS-P2003-10-443.tif
1719,/sftp/sftp_unr/uploads/Images_of_Tahoe/UNRS-P2003-10-444.tif
2243,/sftp/sftp_unr/uploads/Images_of_Tahoe/UNRS-P2003-10-445.tif
2382,/sftp/sftp_unr/uploads/Images_of_Tahoe/UNRS-P2003-10-446.tif
2216,/sftp/sftp_unr/uploads/Images_of_Tahoe/UNRS-P2003-10-447.tif
2181,/sftp/sftp_unr/uploads/Images_of_Tahoe/UNRS-P2003-10-448.tif
1490,/sftp/sftp_unr/uploads/Images_of_Tahoe/UNRS-P2003-10-449.tif
2449,/sftp/sftp_unr/uploads/Images_of_Tahoe/UNRS-P2003-10-450.tif
2178,/sftp/sftp_unr/uploads/Images_of_Tahoe/UNRS-P2003-10-451.tif
1582,/sftp/sftp_unr/uploads/Images_of_Tahoe/UNRS-P2003-10-452.tif
2073,/sftp/sftp_unr/uploads/Images_of_Tahoe/UNRS-P2003-10-453.tif
2478,/sftp/sftp_unr/uploads/Images_of_Tahoe/UNRS-P2003-10-454.tif
2077,/sftp/sftp_unr/uploads/Images_of_Tahoe/UNRS-P2003-10-455.tif
1963,/sftp/sftp_unr/uploads/Images_of_Tahoe/UNRS-P2003-10-456.tif
1913,/sftp/sftp_unr/uploads/Images_of_Tahoe/UNRS-P2003-10-457.tif
1795,/sftp/sftp_unr/uploads/Images_of_Tahoe/UNRS-P2003-10-458.tif
2147,/sftp/sftp_unr/uploads/Images_of_Tahoe/UNRS-P2003-10-459.tif
1563,/sftp/sftp_unr/uploads/Images_of_Tahoe/UNRS-P2003-10-460.tif
1744,/sftp/sftp_unr/uploads/Images_of_Tahoe/UNRS-P2003-10-461.tif
2410,/sftp/sftp_unr/uploads/Images_of_Tahoe/UNRS-P2003-10-462.tif
1658,/sftp/sftp_unr/uploads/Images_of_Tahoe/UNRS-P2003-10-463.tif
1535,/sftp/sftp_unr/uploads/Images_of_Tahoe/UNRS-P2003-10-464.tif
1793,/sftp/sftp_unr/uploads/Images_of_Tahoe/UNRS-P2003-10-465.tif
1686,/sftp/sftp_unr/uploads/Images_of_Tahoe/UNRS-P2003-10-466.tif
2518,/sftp/sftp_unr/uploads/Images_of_Tahoe/UNRS-P2003-10-467.tif
2380,/sftp/sftp_unr/uploads/Images_of_Tahoe/UNRS-P2003-10-468.tif
1824,/sftp/sftp_unr/uploads/Images_of_Tahoe/UNRS-P2003-10-469.tif
2224,/sftp/sftp_unr/uploads/Images_of_Tahoe/UNRS-P2003-10-470.tif
1971,/sftp/sftp_unr/uploads/Images_of_Tahoe/UNRS-P2003-10-471.tif
1992,/sftp/sftp_unr/uploads/Images_of_Tahoe/UNRS-P2003-10-472.tif
2226,/sftp/sftp_unr/uploads/Images_of_Tahoe/UNRS-P2003-10-473.tif
2389,/sftp/sftp_unr/uploads/Images_of_Tahoe/UNRS-P2003-10-474.tif
2055,/sftp/sftp_unr/uploads/Images_of_Tahoe/UNRS-P2003-10-475.tif
2182,/sftp/sftp_unr/uploads/Images_of_Tahoe/UNRS-P2003-10-476.tif
1981,/sftp/sftp_unr/uploads/Images_of_Tahoe/UNRS-P2003-10-477.tif
2090,/sftp/sftp_unr/uploads/Images_of_Tahoe/UNRS-P2003-10-478.tif
1589,/sftp/sftp_unr/uploads/Images_of_Tahoe/UNRS-P2003-10-479.tif
1886,/sftp/sftp_unr/uploads/Images_of_Tahoe/UNRS-P2003-10-480.tif
2089,/sftp/sftp_unr/uploads/Images_of_Tahoe/UNRS-P2003-10-481.tif
1700,/sftp/sftp_unr/uploads/Images_of_Tahoe/UNRS-P2003-10-482.tif
2465,/sftp/sftp_unr/uploads/Images_of_Tahoe/UNRS-P2003-10-483.tif
2112,/sftp/sftp_unr/uploads/Images_of_Tahoe/UNRS-P2003-10-484.tif
2293,/sftp/sftp_unr/uploads/Images_of_Tahoe/UNRS-P2003-10-485.tif
1656,/sftp/sftp_unr/uploads/Images_of_Tahoe/UNRS-P2003-10-486.tif
1966,/sftp/sftp_unr/uploads/Images_of_Tahoe/UNRS-P2003-10-487.tif
2318,/sftp/sftp_unr/uploads/Images_of_Tahoe/UNRS-P2003-10-488.tif
2045,/sftp/sftp_unr/uploads/Images_of_Tahoe/UNRS-P2003-10-489.tif
1879,/sftp/sftp_unr/uploads/Images_of_Tahoe/UNRS-P2003-10-491.tif
1940,/sftp/sftp_unr/uploads/Images_of_Tahoe/UNRS-P2003-10-492.tif
2220,/sftp/sftp_unr/uploads/Images_of_Tahoe/UNRS-P2003-10-493.tif
1834,/sftp/sftp_unr/uploads/Images_of_Tahoe/UNRS-P2003-10-494.tif
1753,/sftp/sftp_unr/uploads/Images_of_Tahoe/UNRS-P2003-10-495.tif
1581,/sftp/sftp_unr/uploads/Images_of_Tahoe/UNRS-P2003-10-496.tif
2460,/sftp/sftp_unr/uploads/Images_of_Tahoe/UNRS-P2003-10-497.tif
1683,/sftp/sftp_unr/uploads/Images_of_Tahoe/UNRS-P2003-10-498.tif
1754,/sftp/sftp_unr/uploads/Images_of_Tahoe/UNRS-P2003-10-500.tif
2246,/sftp/sftp_unr/uploads/Images_of_Tahoe/UNRS-P2003-10-501.tif
1505,/sftp/sftp_unr/uploads/Images_of_Tahoe/UNRS-P2003-10-502.tif
2466,/sftp/sftp_unr/uploads/Images_of_Tahoe/UNRS-P2003-10-503.tif
2303,/sftp/sftp_unr/uploads/Images_of_Tahoe/UNRS-P2003-10-508.tif
2467,/sftp/sftp_unr/uploads/Images_of_Tahoe/UNRS-P2003-10-509.tif
2245,/sftp/sftp_unr/uploads/Images_of_Tahoe/UNRS-P2003-10-510.tif
2189,/sftp/sftp_unr/uploads/Images_of_Tahoe/UNRS-P2003-10-511.tif
2200,/sftp/sftp_unr/uploads/Images_of_Tahoe/UNRS-P2003-10-512.tif
2086,/sftp/sftp_unr/uploads/Images_of_Tahoe/UNRS-P2003-10-513.tif
1557,/sftp/sftp_unr/uploads/Images_of_Tahoe/UNRS-P2003-10-514.tif
2517,/sftp/sftp_unr/uploads/Images_of_Tahoe/UNRS-P2003-10-515.tif
1517,/sftp/sftp_unr/uploads/Images_of_Tahoe/UNRS-P2003-10-516.tif
1702,/sftp/sftp_unr/uploads/Images_of_Tahoe/UNRS-P2003-10-517.tif
2069,/sftp/sftp_unr/uploads/Images_of_Tahoe/UNRS-P2003-10-518.tif
2361,/sftp/sftp_unr/uploads/Images_of_Tahoe/UNRS-P2003-10-519.tif
1712,/sftp/sftp_unr/uploads/Images_of_Tahoe/UNRS-P2003-15-31.tif
1487,/sftp/sftp_unr/uploads/Images_of_Tahoe/UNRS-P2003-15-33.tif
1825,/sftp/sftp_unr/uploads/Images_of_Tahoe/UNRS-P2004-11-1.tif
1486,/sftp/sftp_unr/uploads/Images_of_Tahoe/UNRS-P2004-11-2.tif
1847,/sftp/sftp_unr/uploads/Images_of_Tahoe/UNRS-P2004-14-01.tif
2386,/sftp/sftp_unr/uploads/Images_of_Tahoe/UNRS-P2004-14-02.tif
2207,/sftp/sftp_unr/uploads/Images_of_Tahoe/UNRS-P2004-14-03.tif
1494,/sftp/sftp_unr/uploads/Images_of_Tahoe/UNRS-P2004-14-04.tif
1572,/sftp/sftp_unr/uploads/Images_of_Tahoe/UNRS-P2004-14-05.tif
2326,/sftp/sftp_unr/uploads/Images_of_Tahoe/UNRS-P2004-14-06.tif
1684,/sftp/sftp_unr/uploads/Images_of_Tahoe/UNRS-P2004-14-07.tif
2056,/sftp/sftp_unr/uploads/Images_of_Tahoe/UNRS-P2004-14-08.tif
2251,/sftp/sftp_unr/uploads/Images_of_Tahoe/UNRS-P2004-14-09.tif
1481,/sftp/sftp_unr/uploads/Images_of_Tahoe/UNRS-P2004-14-10.tif
2290,/sftp/sftp_unr/uploads/Images_of_Tahoe/UNRS-P2004-14-11.tif
2418,/sftp/sftp_unr/uploads/Images_of_Tahoe/UNRS-P2004-14-12.tif
2457,/sftp/sftp_unr/uploads/Images_of_Tahoe/UNRS-P2004-17-3.tif
1685,/sftp/sftp_unr/uploads/Images_of_Tahoe/UNRS-P2004-17-4.tif
1515,/sftp/sftp_unr/uploads/Images_of_Tahoe/UNRS-P2004-18-016.tif
2135,/sftp/sftp_unr/uploads/Images_of_Tahoe/UNRS-P2004-18-024.tif
1615,/sftp/sftp_unr/uploads/Images_of_Tahoe/UNRS-P2004-18-025.tif
2118,/sftp/sftp_unr/uploads/Images_of_Tahoe/UNRS-P2004-18-026.tif
1532,/sftp/sftp_unr/uploads/Images_of_Tahoe/UNRS-P2004-18-027.tif
1597,/sftp/sftp_unr/uploads/Images_of_Tahoe/UNRS-P2004-18-028.tif
2173,/sftp/sftp_unr/uploads/Images_of_Tahoe/UNRS-P2004-18-029.tif
1631,/sftp/sftp_unr/uploads/Images_of_Tahoe/UNRS-P2004-18-030.tif
2445,/sftp/sftp_unr/uploads/Images_of_Tahoe/UNRS-P2004-18-031.tif
1577,/sftp/sftp_unr/uploads/Images_of_Tahoe/UNRS-P2004-18-032.tif
1549,/sftp/sftp_unr/uploads/Images_of_Tahoe/UNRS-P2004-18-033.tif
1588,/sftp/sftp_unr/uploads/Images_of_Tahoe/UNRS-P2004-18-034.tif
1682,/sftp/sftp_unr/uploads/Images_of_Tahoe/UNRS-P2004-18-038.tif
2000,/sftp/sftp_unr/uploads/Images_of_Tahoe/UNRS-P2004-18-042.tif
2403,/sftp/sftp_unr/uploads/Images_of_Tahoe/UNRS-P2004-18-044.tif
1614,/sftp/sftp_unr/uploads/Images_of_Tahoe/UNRS-P2004-18-045.tif
1526,/sftp/sftp_unr/uploads/Images_of_Tahoe/UNRS-P2004-18-046.tif
1930,/sftp/sftp_unr/uploads/Images_of_Tahoe/UNRS-P2004-18-048.tif
1735,/sftp/sftp_unr/uploads/Images_of_Tahoe/UNRS-P2004-18-064.tif
1701,/sftp/sftp_unr/uploads/Images_of_Tahoe/UNRS-P2004-18-065.tif
2473,/sftp/sftp_unr/uploads/Images_of_Tahoe/UNRS-P2004-18-066.tif
2131,/sftp/sftp_unr/uploads/Images_of_Tahoe/UNRS-P2004-18-067.tif
1814,/sftp/sftp_unr/uploads/Images_of_Tahoe/UNRS-P2004-18-068.tif
2269,/sftp/sftp_unr/uploads/Images_of_Tahoe/UNRS-P2004-18-069.tif
1741,/sftp/sftp_unr/uploads/Images_of_Tahoe/UNRS-P2004-18-072.tif
2464,/sftp/sftp_unr/uploads/Images_of_Tahoe/UNRS-P2004-18-073.tif
2502,/sftp/sftp_unr/uploads/Images_of_Tahoe/UNRS-P2004-18-075.tif
2107,/sftp/sftp_unr/uploads/Images_of_Tahoe/UNRS-P2004-18-077.tif
1473,/sftp/sftp_unr/uploads/Images_of_Tahoe/UNRS-P2004-18-078.tif
1742,/sftp/sftp_unr/uploads/Images_of_Tahoe/UNRS-P2004-18-079.tif
1558,/sftp/sftp_unr/uploads/Images_of_Tahoe/UNRS-P2004-18-080.tif
2446,/sftp/sftp_unr/uploads/Images_of_Tahoe/UNRS-P2004-18-083.tif
1853,/sftp/sftp_unr/uploads/Images_of_Tahoe/UNRS-P2004-18-086.tif
1651,/sftp/sftp_unr/uploads/Images_of_Tahoe/UNRS-P2004-18-087.tif
1560,/sftp/sftp_unr/uploads/Images_of_Tahoe/UNRS-P2004-18-088.tif
1722,/sftp/sftp_unr/uploads/Images_of_Tahoe/UNRS-P2004-18-089.tif
2003,/sftp/sftp_unr/uploads/Images_of_Tahoe/UNRS-P2004-18-093.tif
1616,/sftp/sftp_unr/uploads/Images_of_Tahoe/UNRS-P2004-18-094.tif
1665,/sftp/sftp_unr/uploads/Images_of_Tahoe/UNRS-P2004-18-095.tif
2337,/sftp/sftp_unr/uploads/Images_of_Tahoe/UNRS-P2004-18-096.tif
1731,/sftp/sftp_unr/uploads/Images_of_Tahoe/UNRS-P2004-18-097.tif
1921,/sftp/sftp_unr/uploads/Images_of_Tahoe/UNRS-P2004-18-098.tif
1548,/sftp/sftp_unr/uploads/Images_of_Tahoe/UNRS-P2004-18-099.tif
2102,/sftp/sftp_unr/uploads/Images_of_Tahoe/UNRS-P2004-18-100.tif
1591,/sftp/sftp_unr/uploads/Images_of_Tahoe/UNRS-P2004-18-101.tif
1782,/sftp/sftp_unr/uploads/Images_of_Tahoe/UNRS-P2004-18-105.tif
2222,/sftp/sftp_unr/uploads/Images_of_Tahoe/UNRS-P2004-18-109.tif
1693,/sftp/sftp_unr/uploads/Images_of_Tahoe/UNRS-P2004-18-110.tif
2321,/sftp/sftp_unr/uploads/Images_of_Tahoe/UNRS-P2004-18-111.tif
1541,/sftp/sftp_unr/uploads/Images_of_Tahoe/UNRS-P2004-18-112.tif
1479,/sftp/sftp_unr/uploads/Images_of_Tahoe/UNRS-P2004-18-113.tif
2378,/sftp/sftp_unr/uploads/Images_of_Tahoe/UNRS-P2004-18-114.tif
2064,/sftp/sftp_unr/uploads/Images_of_Tahoe/UNRS-P2004-18-115.tif
1696,/sftp/sftp_unr/uploads/Images_of_Tahoe/UNRS-P2004-18-116.tif
2070,/sftp/sftp_unr/uploads/Images_of_Tahoe/UNRS-P2004-18-117.tif
1945,/sftp/sftp_unr/uploads/Images_of_Tahoe/UNRS-P2004-18-118.tif
2280,/sftp/sftp_unr/uploads/Images_of_Tahoe/UNRS-P2004-18-119.tif
2442,/sftp/sftp_unr/uploads/Images_of_Tahoe/UNRS-P2004-18-120.tif
1697,/sftp/sftp_unr/uploads/Images_of_Tahoe/UNRS-P2004-18-121.tif
1779,/sftp/sftp_unr/uploads/Images_of_Tahoe/UNRS-P2004-18-122.tif
1636,/sftp/sftp_unr/uploads/Images_of_Tahoe/UNRS-P2004-18-123.tif
2213,/sftp/sftp_unr/uploads/Images_of_Tahoe/UNRS-P2004-18-124.tif
2133,/sftp/sftp_unr/uploads/Images_of_Tahoe/UNRS-P2004-19-01.tif
2066,/sftp/sftp_unr/uploads/Images_of_Tahoe/UNRS-P2004-19-02.tif
2512,/sftp/sftp_unr/uploads/Images_of_Tahoe/UNRS-P2004-19-03.tif
2492,/sftp/sftp_unr/uploads/Images_of_Tahoe/UNRS-P2004-19-04.tif
1991,/sftp/sftp_unr/uploads/Images_of_Tahoe/UNRS-P2005-02-222.tif
2017,/sftp/sftp_unr/uploads/Images_of_Tahoe/UNRS-P2005-02-223.tif
1545,/sftp/sftp_unr/uploads/Images_of_Tahoe/UNRS-P2005-02-224.tif
1733,/sftp/sftp_unr/uploads/Images_of_Tahoe/UNRS-P2005-02-225.tif
1717,/sftp/sftp_unr/uploads/Images_of_Tahoe/UNRS-P2005-02-226.tif
2327,/sftp/sftp_unr/uploads/Images_of_Tahoe/UNRS-P2005-02-227.tif
2205,/sftp/sftp_unr/uploads/Images_of_Tahoe/UNRS-P2005-02-501.tif
2087,/sftp/sftp_unr/uploads/Images_of_Tahoe/UNRS-P2005-02-502.tif
1593,/sftp/sftp_unr/uploads/Images_of_Tahoe/UNRS-P2006-03-01.tif
1832,/sftp/sftp_unr/uploads/Images_of_Tahoe/UNRS-P2007-04-01.tif
1974,/sftp/sftp_unr/uploads/Images_of_Tahoe/UNRS-P2007-04-03.tif
1601,/sftp/sftp_unr/uploads/Images_of_Tahoe/UNRS-P2007-04-04.tif
1908,/sftp/sftp_unr/uploads/Images_of_Tahoe/UNRS-P2007-04-07.tif
1946,/sftp/sftp_unr/uploads/Images_of_Tahoe/UNRS-P2007-04-08.tif
2283,/sftp/sftp_unr/uploads/Images_of_Tahoe/UNRS-P2007-04-09.tif
1867,/sftp/sftp_unr/uploads/Images_of_Tahoe/UNRS-P2007-04-10.tif
2106,/sftp/sftp_unr/uploads/Images_of_Tahoe/UNRS-P2007-04-12.tif
2401,/sftp/sftp_unr/uploads/Images_of_Tahoe/UNRS-P2007-04-13.tif
1817,/sftp/sftp_unr/uploads/Images_of_Tahoe/UNRS-P2007-04-14.tif
1771,/sftp/sftp_unr/uploads/Images_of_Tahoe/UNRS-P2007-04-15.tif
2383,/sftp/sftp_unr/uploads/Images_of_Tahoe/UNRS-P2007-04-16.tif
1714,/sftp/sftp_unr/uploads/Images_of_Tahoe/UNRS-P2007-04-17.tif
2480,/sftp/sftp_unr/uploads/Images_of_Tahoe/UNRS-P2007-04-19.tif
1926,/sftp/sftp_unr/uploads/Images_of_Tahoe/UNRS-P2007-04-20.tif
2032,/sftp/sftp_unr/uploads/Images_of_Tahoe/UNRS-P2007-04-21.tif
1533,/sftp/sftp_unr/uploads/Images_of_Tahoe/UNRS-P2007-04-22.tif
2296,/sftp/sftp_unr/uploads/Images_of_Tahoe/UNRS-P2007-04-23.tif
1668,/sftp/sftp_unr/uploads/Images_of_Tahoe/UNRS-P2007-04-24.tif
1643,/sftp/sftp_unr/uploads/Images_of_Tahoe/UNRS-P2007-04-25.tif
2013,/sftp/sftp_unr/uploads/Images_of_Tahoe/UNRS-P2007-04-26.tif
2260,/sftp/sftp_unr/uploads/Images_of_Tahoe/UNRS-P2007-04-27.tif
2110,/sftp/sftp_unr/uploads/Images_of_Tahoe/UNRS-P2007-04-28.tif
1626,/sftp/sftp_unr/uploads/Images_of_Tahoe/UNRS-P2007-04-29.tif
2065,/sftp/sftp_unr/uploads/Images_of_Tahoe/UNRS-P2007-04-30.tif
1575,/sftp/sftp_unr/uploads/Images_of_Tahoe/UNRS-P2007-04-31.tif
2009,/sftp/sftp_unr/uploads/Images_of_Tahoe/UNRS-P2007-04-39.tif
1813,/sftp/sftp_unr/uploads/Images_of_Tahoe/UNRS-P2007-04-40.tif
2373,/sftp/sftp_unr/uploads/Images_of_Tahoe/UNRS-P2007-04-47.tif
2209,/sftp/sftp_unr/uploads/Images_of_Tahoe/UNRS-P2007-04-55.tif
1562,/sftp/sftp_unr/uploads/Images_of_Tahoe/UNRS-P2007-04-59.tif
2412,/sftp/sftp_unr/uploads/Images_of_Tahoe/UNRS-P2007-04-61.tif
1833,/sftp/sftp_unr/uploads/Images_of_Tahoe/UNRS-P2007-07-4.tif
1620,/sftp/sftp_unr/uploads/Images_of_Tahoe/UNRS-P2007-10-1.tif
2221,/sftp/sftp_unr/uploads/Images_of_Tahoe/UNRS-P2008-01-06.tif
1585,/sftp/sftp_unr/uploads/Images_of_Tahoe/UNRS-P2008-01-07.tif
2429,/sftp/sftp_unr/uploads/Images_of_Tahoe/UNRS-P2008-01-08.tif
1621,/sftp/sftp_unr/uploads/Images_of_Tahoe/UNRS-P2008-01-09.tif
1602,/sftp/sftp_unr/uploads/Images_of_Tahoe/UNRS-P2008-01-10.tif
2167,/sftp/sftp_unr/uploads/Images_of_Tahoe/UNRS-P2012-02-029.tif
2005,/sftp/sftp_unr/uploads/Images_of_Tahoe/UNRS-P2012-02-030.tif
1859,/sftp/sftp_unr/uploads/Images_of_Tahoe/UNRS-P2012-02-042.tif
2340,/sftp/sftp_unr/uploads/Images_of_Tahoe/UNRS-P2012-02-075.tif
1828,/sftp/sftp_unr/uploads/Images_of_Tahoe/UNRS-P2012-02-082-A.tif
1485,/sftp/sftp_unr/uploads/Images_of_Tahoe/UNRS-P2012-02-086.tif
1775,/sftp/sftp_unr/uploads/Images_of_Tahoe/UNRS-P2012-02-120.tif
1973,/sftp/sftp_unr/uploads/Images_of_Tahoe/UNRS-P2012-02-145.tif
2093,/sftp/sftp_unr/uploads/Images_of_Tahoe/UNRS-P2012-02-155.tif
1819,/sftp/sftp_unr/uploads/Images_of_Tahoe/UNRS-P2012-02-158.tif
1881,/sftp/sftp_unr/uploads/Images_of_Tahoe/UNRS-P2012-02-185.tif
1897,/sftp/sftp_unr/uploads/Images_of_Tahoe/UNRS-P2012-02-188.tif
2273,/sftp/sftp_unr/uploads/Images_of_Tahoe/UNRS-P2012-02-190.tif
2368,/sftp/sftp_unr/uploads/Images_of_Tahoe/UNRS-P2042-1.tif
1915,/sftp/sftp_unr/uploads/Images_of_Tahoe/UNRS-P2248-01.tif
2493,/sftp/sftp_unr/uploads/Images_of_Tahoe/UNRS-P2248-02.tif
2139,/sftp/sftp_unr/uploads/Images_of_Tahoe/UNRS-P2248-03.tif
2081,/sftp/sftp_unr/uploads/Images_of_Tahoe/UNRS-P2248-04.tif
1709,/sftp/sftp_unr/uploads/Images_of_Tahoe/UNRS-P2248-05.tif
1648,/sftp/sftp_unr/uploads/Images_of_Tahoe/UNRS-P2248-06.tif
1870,/sftp/sftp_unr/uploads/Images_of_Tahoe/UNRS-P2248-07.tif
2211,/sftp/sftp_unr/uploads/Images_of_Tahoe/UNRS-P2248-08.tif
2316,/sftp/sftp_unr/uploads/Images_of_Tahoe/UNRS-P2248-09.tif
2474,/sftp/sftp_unr/uploads/Images_of_Tahoe/UNRS-P2248-10.tif
2277,/sftp/sftp_unr/uploads/Images_of_Tahoe/UNRS-P2248-11.tif
2402,/sftp/sftp_unr/uploads/Images_of_Tahoe/UNRS-P2248-12.tif
2143,/sftp/sftp_unr/uploads/Images_of_Tahoe/UNRS-P2248-13.tif
2061,/sftp/sftp_unr/uploads/Images_of_Tahoe/UNRS-P2248-14.tif
2496,/sftp/sftp_unr/uploads/Images_of_Tahoe/UNRS-P2248-15.tif
1678,/sftp/sftp_unr/uploads/Images_of_Tahoe/UNRS-P2248-16.tif
1941,/sftp/sftp_unr/uploads/Images_of_Tahoe/UNRS-P2252-1.tif
2204,/sftp/sftp_unr/uploads/Images_of_Tahoe/UNRS-P2252-2.tif
1627,/sftp/sftp_unr/uploads/Images_of_Tahoe/UNRS-P2261-1.tif
1907,/sftp/sftp_unr/uploads/Images_of_Tahoe/UNRS-P2261-2.tif
2506,/sftp/sftp_unr/uploads/Images_of_Tahoe/UNRS-P2261-3.tif
2196,/sftp/sftp_unr/uploads/Images_of_Tahoe/UNRS-P2261-4.tif
1687,/sftp/sftp_unr/uploads/Images_of_Tahoe/UNRS-P2272-1.tif
2197,/sftp/sftp_unr/uploads/Images_of_Tahoe/UNRS-P2351-A.tif
1509,/sftp/sftp_unr/uploads/Images_of_Tahoe/UNRS-P2351-B.tif
2451,/sftp/sftp_unr/uploads/Images_of_Tahoe/UNRS-P2351-C.tif
2004,/sftp/sftp_unr/uploads/Images_of_Tahoe/UNRS-P2351-D.tif
2227,/sftp/sftp_unr/uploads/Images_of_Tahoe/UNRS-P2351-E.tif
2479,/sftp/sftp_unr/uploads/Images_of_Tahoe/UNRS-P2351-F.tif
1676,/sftp/sftp_unr/uploads/Images_of_Tahoe/UNRS-P2351-G.tif
2028,/sftp/sftp_unr/uploads/Images_of_Tahoe/UNRS-P2351-H.tif
1570,/sftp/sftp_unr/uploads/Images_of_Tahoe/UNRS-P2351-I.tif
2409,/sftp/sftp_unr/uploads/Images_of_Tahoe/UNRS-P2351-J.tif
2011,/sftp/sftp_unr/uploads/Images_of_Tahoe/UNRS-P2351-K.tif
1786,/sftp/sftp_unr/uploads/Images_of_Tahoe/UNRS-P2351-L.tif
1566,/sftp/sftp_unr/uploads/Images_of_Tahoe/UNRS-P2351-M.tif
2509,/sftp/sftp_unr/uploads/Images_of_Tahoe/UNRS-P2351-N.tif
2324,/sftp/sftp_unr/uploads/Images_of_Tahoe/UNRS-P2365-1.tif
2471,/sftp/sftp_unr/uploads/Images_of_Tahoe/UNRS-P2411-1.tif
2190,/sftp/sftp_unr/uploads/Images_of_Tahoe/UNRS-P2428-1.tif
1837,/sftp/sftp_unr/uploads/Images_of_Tahoe/UNRS-P2432-1.tif
2136,/sftp/sftp_unr/uploads/Images_of_Tahoe/UNRS-P2565-1.tif
1552,/sftp/sftp_unr/uploads/Images_of_Tahoe/UNRS-P2574-2.tif
2294,/sftp/sftp_unr/uploads/Images_of_Tahoe/UNRS-P2574-3.tif
1894,/sftp/sftp_unr/uploads/Images_of_Tahoe/UNRS-P2663-1.tif