8,/sftp/sftp_unr/uploads/Maya_Miller/Maya000001.pdf
3,/sftp/sftp_unr/uploads/Maya_Miller/Maya000002.tif
17,/sftp/sftp_unr/uploads/Maya_Miller/Maya000003.pdf
10,/sftp/sftp_unr/uploads/Maya_Miller/Maya000004.tif
18,/sftp/sftp_unr/uploads/Maya_Miller/Maya000005.tif
2,/sftp/sftp_unr/uploads/Maya_Miller/Maya000006.pdf
16,/sftp/sftp_unr/uploads/Maya_Miller/Maya000010.pdf
20,/sftp/sftp_unr/uploads/Maya_Miller/Maya000011.tif
13,/sftp/sftp_unr/uploads/Maya_Miller/Maya000012.pdf
6,/sftp/sftp_unr/uploads/Maya_Miller/Maya000014.pdf
24,/sftp/sftp_unr/uploads/Maya_Miller/Maya000015.pdf
11,/sftp/sftp_unr/uploads/Maya_Miller/Maya000024.tif
14,/sftp/sftp_unr/uploads/Maya_Miller/Maya000025.pdf
5,/sftp/sftp_unr/uploads/Maya_Miller/Maya000026.pdf
4,/sftp/sftp_unr/uploads/Maya_Miller/Maya000032.pdf
7,/sftp/sftp_unr/uploads/Maya_Miller/Maya000033.pdf
22,/sftp/sftp_unr/uploads/Maya_Miller/Maya000034.pdf
9,/sftp/sftp_unr/uploads/Maya_Miller/Maya000035.pdf
12,/sftp/sftp_unr/uploads/Maya_Miller/Maya000036.pdf
21,/sftp/sftp_unr/uploads/Maya_Miller/Maya000037.pdf
1,/sftp/sftp_unr/uploads/Maya_Miller/Maya000038.pdf
0,/sftp/sftp_unr/uploads/Maya_Miller/Maya000040.pdf
19,/sftp/sftp_unr/uploads/Maya_Miller/Maya000041.pdf
23,/sftp/sftp_unr/uploads/Maya_Miller/Maya000042.pdf
15,/sftp/sftp_unr/uploads/Maya_Miller/Maya000043.pdf
36,/sftp/sftp_unr/uploads/Maya_Miller/Maya000044.pdf
53,/sftp/sftp_unr/uploads/Maya_Miller/Maya000047.pdf
43,/sftp/sftp_unr/uploads/Maya_Miller/Maya000050.tif
50,/sftp/sftp_unr/uploads/Maya_Miller/Maya000051.pdf
34,/sftp/sftp_unr/uploads/Maya_Miller/Maya000052.pdf
48,/sftp/sftp_unr/uploads/Maya_Miller/Maya000053.pdf
41,/sftp/sftp_unr/uploads/Maya_Miller/Maya000055.pdf
51,/sftp/sftp_unr/uploads/Maya_Miller/Maya000056.tif
54,/sftp/sftp_unr/uploads/Maya_Miller/Maya000057.tif
39,/sftp/sftp_unr/uploads/Maya_Miller/Maya000058.tif
52,/sftp/sftp_unr/uploads/Maya_Miller/Maya000059.pdf
44,/sftp/sftp_unr/uploads/Maya_Miller/Maya000062.tif
42,/sftp/sftp_unr/uploads/Maya_Miller/Maya000063.tif
35,/sftp/sftp_unr/uploads/Maya_Miller/Maya000064.tif
40,/sftp/sftp_unr/uploads/Maya_Miller/Maya000065.pdf
49,/sftp/sftp_unr/uploads/Maya_Miller/Maya000066.tif
55,/sftp/sftp_unr/uploads/Maya_Miller/Maya000067.pdf
46,/sftp/sftp_unr/uploads/Maya_Miller/Maya000068.pdf
37,/sftp/sftp_unr/uploads/Maya_Miller/Maya000069.pdf
47,/sftp/sftp_unr/uploads/Maya_Miller/Maya000070.pdf
45,/sftp/sftp_unr/uploads/Maya_Miller/Maya000071.pdf
38,/sftp/sftp_unr/uploads/Maya_Miller/Maya000072.pdf
33,/sftp/sftp_unr/uploads/Maya_Miller/Maya000073.pdf
26,/sftp/sftp_unr/uploads/Maya_Miller/Maya000074.tif
30,/sftp/sftp_unr/uploads/Maya_Miller/Maya000075.tif
29,/sftp/sftp_unr/uploads/Maya_Miller/Maya000076.tif
27,/sftp/sftp_unr/uploads/Maya_Miller/Maya000077.tif
32,/sftp/sftp_unr/uploads/Maya_Miller/Maya000078.tif
28,/sftp/sftp_unr/uploads/Maya_Miller/Maya000079.tif
25,/sftp/sftp_unr/uploads/Maya_Miller/Maya000080.tif
31,/sftp/sftp_unr/uploads/Maya_Miller/Maya000081.tif
76,/sftp/sftp_unr/uploads/Maya_Miller/Maya000082.pdf
85,/sftp/sftp_unr/uploads/Maya_Miller/Maya000083.pdf
77,/sftp/sftp_unr/uploads/Maya_Miller/Maya000084.pdf
83,/sftp/sftp_unr/uploads/Maya_Miller/Maya000085.pdf
86,/sftp/sftp_unr/uploads/Maya_Miller/Maya000086.pdf
79,/sftp/sftp_unr/uploads/Maya_Miller/Maya000087.pdf
81,/sftp/sftp_unr/uploads/Maya_Miller/Maya000088.pdf
82,/sftp/sftp_unr/uploads/Maya_Miller/Maya000089.pdf
78,/sftp/sftp_unr/uploads/Maya_Miller/Maya000090.pdf
87,/sftp/sftp_unr/uploads/Maya_Miller/Maya000091.pdf
88,/sftp/sftp_unr/uploads/Maya_Miller/Maya000092.pdf
84,/sftp/sftp_unr/uploads/Maya_Miller/Maya000093.pdf
80,/sftp/sftp_unr/uploads/Maya_Miller/Maya000094.pdf
89,/sftp/sftp_unr/uploads/Maya_Miller/Maya000095.pdf
61,/sftp/sftp_unr/uploads/Maya_Miller/UNRS-P2015-06-00001.tif
68,/sftp/sftp_unr/uploads/Maya_Miller/UNRS-P2015-06-00006.tif
67,/sftp/sftp_unr/uploads/Maya_Miller/UNRS-P2015-06-00007.tif
73,/sftp/sftp_unr/uploads/Maya_Miller/UNRS-P2015-06-00008.tif
58,/sftp/sftp_unr/uploads/Maya_Miller/UNRS-P2015-06-00009.tif
59,/sftp/sftp_unr/uploads/Maya_Miller/UNRS-P2015-06-00010.tif
63,/sftp/sftp_unr/uploads/Maya_Miller/UNRS-P2015-06-00011.tif
62,/sftp/sftp_unr/uploads/Maya_Miller/UNRS-P2015-06-00012.tif
72,/sftp/sftp_unr/uploads/Maya_Miller/UNRS-P2015-06-00015.tif
65,/sftp/sftp_unr/uploads/Maya_Miller/UNRS-P2015-06-00017.tif
69,/sftp/sftp_unr/uploads/Maya_Miller/UNRS-P2015-06-00018.tif
75,/sftp/sftp_unr/uploads/Maya_Miller/UNRS-P2015-06-00019.tif
74,/sftp/sftp_unr/uploads/Maya_Miller/UNRS-P2015-06-00020.tif
70,/sftp/sftp_unr/uploads/Maya_Miller/UNRS-P2015-06-00021.tif
56,/sftp/sftp_unr/uploads/Maya_Miller/UNRS-P2015-06-00022.tif
57,/sftp/sftp_unr/uploads/Maya_Miller/UNRS-P2015-06-00024.tif
71,/sftp/sftp_unr/uploads/Maya_Miller/UNRS-P2015-06-00025.tif
66,/sftp/sftp_unr/uploads/Maya_Miller/UNRS-P2015-06-00028.tif
64,/sftp/sftp_unr/uploads/Maya_Miller/UNRS-P2015-06-00029.tif
60,/sftp/sftp_unr/uploads/Maya_Miller/UNRS-P2015-06-00030.tif