8,/sftp/sftp_unr/uploads/First_Friend_of_Ronald_Reagan/Laxalt000001.tif
80,/sftp/sftp_unr/uploads/First_Friend_of_Ronald_Reagan/Laxalt000002.pdf
30,/sftp/sftp_unr/uploads/First_Friend_of_Ronald_Reagan/Laxalt000003.pdf
144,/sftp/sftp_unr/uploads/First_Friend_of_Ronald_Reagan/Laxalt000004.pdf
103,/sftp/sftp_unr/uploads/First_Friend_of_Ronald_Reagan/Laxalt000005.pdf
36,/sftp/sftp_unr/uploads/First_Friend_of_Ronald_Reagan/Laxalt000006.pdf
37,/sftp/sftp_unr/uploads/First_Friend_of_Ronald_Reagan/Laxalt000007.pdf
23,/sftp/sftp_unr/uploads/First_Friend_of_Ronald_Reagan/Laxalt000008.pdf
91,/sftp/sftp_unr/uploads/First_Friend_of_Ronald_Reagan/Laxalt000009.tif
15,/sftp/sftp_unr/uploads/First_Friend_of_Ronald_Reagan/Laxalt000010.tif
22,/sftp/sftp_unr/uploads/First_Friend_of_Ronald_Reagan/Laxalt000011.pdf
32,/sftp/sftp_unr/uploads/First_Friend_of_Ronald_Reagan/Laxalt000012.pdf
77,/sftp/sftp_unr/uploads/First_Friend_of_Ronald_Reagan/Laxalt000013.pdf
25,/sftp/sftp_unr/uploads/First_Friend_of_Ronald_Reagan/Laxalt000014.pdf
59,/sftp/sftp_unr/uploads/First_Friend_of_Ronald_Reagan/Laxalt000015.pdf
21,/sftp/sftp_unr/uploads/First_Friend_of_Ronald_Reagan/Laxalt000016.pdf
140,/sftp/sftp_unr/uploads/First_Friend_of_Ronald_Reagan/Laxalt000017.pdf
126,/sftp/sftp_unr/uploads/First_Friend_of_Ronald_Reagan/Laxalt000018.pdf
75,/sftp/sftp_unr/uploads/First_Friend_of_Ronald_Reagan/Laxalt000019.pdf
73,/sftp/sftp_unr/uploads/First_Friend_of_Ronald_Reagan/Laxalt000020.pdf
38,/sftp/sftp_unr/uploads/First_Friend_of_Ronald_Reagan/Laxalt000021.pdf
145,/sftp/sftp_unr/uploads/First_Friend_of_Ronald_Reagan/Laxalt000022.pdf
5,/sftp/sftp_unr/uploads/First_Friend_of_Ronald_Reagan/Laxalt000023.tif
55,/sftp/sftp_unr/uploads/First_Friend_of_Ronald_Reagan/Laxalt000024.pdf
65,/sftp/sftp_unr/uploads/First_Friend_of_Ronald_Reagan/Laxalt000025.pdf
146,/sftp/sftp_unr/uploads/First_Friend_of_Ronald_Reagan/Laxalt000026.pdf
109,/sftp/sftp_unr/uploads/First_Friend_of_Ronald_Reagan/Laxalt000027.pdf
147,/sftp/sftp_unr/uploads/First_Friend_of_Ronald_Reagan/Laxalt000028.pdf
34,/sftp/sftp_unr/uploads/First_Friend_of_Ronald_Reagan/Laxalt000029.tif
107,/sftp/sftp_unr/uploads/First_Friend_of_Ronald_Reagan/Laxalt000030.jpg
123,/sftp/sftp_unr/uploads/First_Friend_of_Ronald_Reagan/Laxalt000031.pdf
150,/sftp/sftp_unr/uploads/First_Friend_of_Ronald_Reagan/Laxalt000032.pdf
35,/sftp/sftp_unr/uploads/First_Friend_of_Ronald_Reagan/Laxalt000033.pdf
119,/sftp/sftp_unr/uploads/First_Friend_of_Ronald_Reagan/Laxalt000034.pdf
76,/sftp/sftp_unr/uploads/First_Friend_of_Ronald_Reagan/Laxalt000035.pdf
156,/sftp/sftp_unr/uploads/First_Friend_of_Ronald_Reagan/Laxalt000036.tif
3,/sftp/sftp_unr/uploads/First_Friend_of_Ronald_Reagan/UNRS-P2015-12-00001.tif
53,/sftp/sftp_unr/uploads/First_Friend_of_Ronald_Reagan/UNRS-P2015-12-00002.tif
100,/sftp/sftp_unr/uploads/First_Friend_of_Ronald_Reagan/UNRS-P2015-12-00003.tif
130,/sftp/sftp_unr/uploads/First_Friend_of_Ronald_Reagan/UNRS-P2015-12-00004.tif
46,/sftp/sftp_unr/uploads/First_Friend_of_Ronald_Reagan/UNRS-P2015-12-00021.tif
88,/sftp/sftp_unr/uploads/First_Friend_of_Ronald_Reagan/UNRS-P2015-12-00022.tif
44,/sftp/sftp_unr/uploads/First_Friend_of_Ronald_Reagan/UNRS-P2015-12-00023.tif
110,/sftp/sftp_unr/uploads/First_Friend_of_Ronald_Reagan/UNRS-P2015-12-00024.tif
84,/sftp/sftp_unr/uploads/First_Friend_of_Ronald_Reagan/UNRS-P2015-12-00025.tif
2,/sftp/sftp_unr/uploads/First_Friend_of_Ronald_Reagan/UNRS-P2015-12-00026.tif
60,/sftp/sftp_unr/uploads/First_Friend_of_Ronald_Reagan/UNRS-P2015-12-00027.tif
78,/sftp/sftp_unr/uploads/First_Friend_of_Ronald_Reagan/UNRS-P2015-12-00028.tif
85,/sftp/sftp_unr/uploads/First_Friend_of_Ronald_Reagan/UNRS-P2015-12-00029.tif
19,/sftp/sftp_unr/uploads/First_Friend_of_Ronald_Reagan/UNRS-P2015-12-00032.tif
112,/sftp/sftp_unr/uploads/First_Friend_of_Ronald_Reagan/UNRS-P2015-12-00033.tif
86,/sftp/sftp_unr/uploads/First_Friend_of_Ronald_Reagan/UNRS-P2015-12-00034.tif
10,/sftp/sftp_unr/uploads/First_Friend_of_Ronald_Reagan/UNRS-P2015-12-00035.tif
45,/sftp/sftp_unr/uploads/First_Friend_of_Ronald_Reagan/UNRS-P2015-12-00036.tif
66,/sftp/sftp_unr/uploads/First_Friend_of_Ronald_Reagan/UNRS-P2015-12-00037.tif
92,/sftp/sftp_unr/uploads/First_Friend_of_Ronald_Reagan/UNRS-P2015-12-00038.tif
94,/sftp/sftp_unr/uploads/First_Friend_of_Ronald_Reagan/UNRS-P2015-12-00039.tif
125,/sftp/sftp_unr/uploads/First_Friend_of_Ronald_Reagan/UNRS-P2015-12-00040.tif
27,/sftp/sftp_unr/uploads/First_Friend_of_Ronald_Reagan/UNRS-P2015-12-00041.tif
69,/sftp/sftp_unr/uploads/First_Friend_of_Ronald_Reagan/UNRS-P2015-12-00042.tif
64,/sftp/sftp_unr/uploads/First_Friend_of_Ronald_Reagan/UNRS-P2015-12-00043.tif
20,/sftp/sftp_unr/uploads/First_Friend_of_Ronald_Reagan/UNRS-P2015-12-00044.tif
58,/sftp/sftp_unr/uploads/First_Friend_of_Ronald_Reagan/UNRS-P2015-12-00045.tif
105,/sftp/sftp_unr/uploads/First_Friend_of_Ronald_Reagan/UNRS-P2015-12-00046.tif
83,/sftp/sftp_unr/uploads/First_Friend_of_Ronald_Reagan/UNRS-P2015-12-00047.tif
63,/sftp/sftp_unr/uploads/First_Friend_of_Ronald_Reagan/UNRS-P2015-12-00048.tif
29,/sftp/sftp_unr/uploads/First_Friend_of_Ronald_Reagan/UNRS-P2015-12-00049.tif
26,/sftp/sftp_unr/uploads/First_Friend_of_Ronald_Reagan/UNRS-P2015-12-00050.tif
48,/sftp/sftp_unr/uploads/First_Friend_of_Ronald_Reagan/UNRS-P2015-12-00051.tif
57,/sftp/sftp_unr/uploads/First_Friend_of_Ronald_Reagan/UNRS-P2015-12-00052.tif
97,/sftp/sftp_unr/uploads/First_Friend_of_Ronald_Reagan/UNRS-P2015-12-00053.tif
101,/sftp/sftp_unr/uploads/First_Friend_of_Ronald_Reagan/UNRS-P2015-12-00054.tif
40,/sftp/sftp_unr/uploads/First_Friend_of_Ronald_Reagan/UNRS-P2015-12-00055.tif
106,/sftp/sftp_unr/uploads/First_Friend_of_Ronald_Reagan/UNRS-P2015-12-00056.tif
108,/sftp/sftp_unr/uploads/First_Friend_of_Ronald_Reagan/UNRS-P2015-12-00057.tif
142,/sftp/sftp_unr/uploads/First_Friend_of_Ronald_Reagan/UNRS-P2015-12-00058.tif
47,/sftp/sftp_unr/uploads/First_Friend_of_Ronald_Reagan/UNRS-P2015-12-00059.tif
148,/sftp/sftp_unr/uploads/First_Friend_of_Ronald_Reagan/UNRS-P2015-12-00060.tif
122,/sftp/sftp_unr/uploads/First_Friend_of_Ronald_Reagan/UNRS-P2015-12-00061.tif
81,/sftp/sftp_unr/uploads/First_Friend_of_Ronald_Reagan/UNRS-P2015-12-00062.tif
143,/sftp/sftp_unr/uploads/First_Friend_of_Ronald_Reagan/UNRS-P2015-12-00063.tif
9,/sftp/sftp_unr/uploads/First_Friend_of_Ronald_Reagan/UNRS-P2015-12-00064.tif
87,/sftp/sftp_unr/uploads/First_Friend_of_Ronald_Reagan/UNRS-P2015-12-00065.tif
116,/sftp/sftp_unr/uploads/First_Friend_of_Ronald_Reagan/UNRS-P2015-12-00066.tif
1,/sftp/sftp_unr/uploads/First_Friend_of_Ronald_Reagan/UNRS-P2015-12-00067.tif
41,/sftp/sftp_unr/uploads/First_Friend_of_Ronald_Reagan/UNRS-P2015-12-00068.tif
121,/sftp/sftp_unr/uploads/First_Friend_of_Ronald_Reagan/UNRS-P2015-12-00069.tif
56,/sftp/sftp_unr/uploads/First_Friend_of_Ronald_Reagan/UNRS-P2015-12-00070.tif
6,/sftp/sftp_unr/uploads/First_Friend_of_Ronald_Reagan/UNRS-P2015-12-00071.tif
117,/sftp/sftp_unr/uploads/First_Friend_of_Ronald_Reagan/UNRS-P2015-12-00075.tif
99,/sftp/sftp_unr/uploads/First_Friend_of_Ronald_Reagan/UNRS-P2015-12-00076.tif
7,/sftp/sftp_unr/uploads/First_Friend_of_Ronald_Reagan/UNRS-P2015-12-00077.tif
82,/sftp/sftp_unr/uploads/First_Friend_of_Ronald_Reagan/UNRS-P2015-12-00078.tif
139,/sftp/sftp_unr/uploads/First_Friend_of_Ronald_Reagan/UNRS-P2015-12-00082.tif
129,/sftp/sftp_unr/uploads/First_Friend_of_Ronald_Reagan/UNRS-P2015-12-00086.tif
134,/sftp/sftp_unr/uploads/First_Friend_of_Ronald_Reagan/UNRS-P2015-12-00087.tif
79,/sftp/sftp_unr/uploads/First_Friend_of_Ronald_Reagan/UNRS-P2015-12-00088.tif
12,/sftp/sftp_unr/uploads/First_Friend_of_Ronald_Reagan/UNRS-P2015-12-00089.tif
136,/sftp/sftp_unr/uploads/First_Friend_of_Ronald_Reagan/UNRS-P2015-12-00091.tif
89,/sftp/sftp_unr/uploads/First_Friend_of_Ronald_Reagan/UNRS-P2015-12-00101.tif
95,/sftp/sftp_unr/uploads/First_Friend_of_Ronald_Reagan/UNRS-P2015-12-00102.tif
111,/sftp/sftp_unr/uploads/First_Friend_of_Ronald_Reagan/UNRS-P2015-12-00103.tif
90,/sftp/sftp_unr/uploads/First_Friend_of_Ronald_Reagan/UNRS-P2015-12-00104.tif
68,/sftp/sftp_unr/uploads/First_Friend_of_Ronald_Reagan/UNRS-P2015-12-00105.tif
135,/sftp/sftp_unr/uploads/First_Friend_of_Ronald_Reagan/UNRS-P2015-12-00106.tif
120,/sftp/sftp_unr/uploads/First_Friend_of_Ronald_Reagan/UNRS-P2015-12-00107.tif
72,/sftp/sftp_unr/uploads/First_Friend_of_Ronald_Reagan/UNRS-P2015-12-00108.tif
138,/sftp/sftp_unr/uploads/First_Friend_of_Ronald_Reagan/UNRS-P2015-12-00109.tif
115,/sftp/sftp_unr/uploads/First_Friend_of_Ronald_Reagan/UNRS-P2015-12-00110.tif
93,/sftp/sftp_unr/uploads/First_Friend_of_Ronald_Reagan/UNRS-P2015-12-00111.tif
118,/sftp/sftp_unr/uploads/First_Friend_of_Ronald_Reagan/UNRS-P2015-12-00112.tif
132,/sftp/sftp_unr/uploads/First_Friend_of_Ronald_Reagan/UNRS-P2015-12-00113.tif
124,/sftp/sftp_unr/uploads/First_Friend_of_Ronald_Reagan/UNRS-P2015-12-00114.tif
127,/sftp/sftp_unr/uploads/First_Friend_of_Ronald_Reagan/UNRS-P2015-12-00115.tif
70,/sftp/sftp_unr/uploads/First_Friend_of_Ronald_Reagan/UNRS-P2015-12-00116.tif
33,/sftp/sftp_unr/uploads/First_Friend_of_Ronald_Reagan/UNRS-P2015-12-00117.tif
61,/sftp/sftp_unr/uploads/First_Friend_of_Ronald_Reagan/UNRS-P2015-12-00119.tif
137,/sftp/sftp_unr/uploads/First_Friend_of_Ronald_Reagan/UNRS-P2015-12-00120.tif
31,/sftp/sftp_unr/uploads/First_Friend_of_Ronald_Reagan/UNRS-P2015-12-00121.tif
114,/sftp/sftp_unr/uploads/First_Friend_of_Ronald_Reagan/UNRS-P2015-12-00122.tif
113,/sftp/sftp_unr/uploads/First_Friend_of_Ronald_Reagan/UNRS-P2015-12-00123.tif
52,/sftp/sftp_unr/uploads/First_Friend_of_Ronald_Reagan/UNRS-P2015-12-00124.tif
128,/sftp/sftp_unr/uploads/First_Friend_of_Ronald_Reagan/UNRS-P2015-12-00127.tif
43,/sftp/sftp_unr/uploads/First_Friend_of_Ronald_Reagan/UNRS-P2015-12-00132.tif
149,/sftp/sftp_unr/uploads/First_Friend_of_Ronald_Reagan/UNRS-P2015-12-00135.tif
17,/sftp/sftp_unr/uploads/First_Friend_of_Ronald_Reagan/UNRS-P2015-12-00136.tif
49,/sftp/sftp_unr/uploads/First_Friend_of_Ronald_Reagan/UNRS-P2015-12-00137.tif
67,/sftp/sftp_unr/uploads/First_Friend_of_Ronald_Reagan/UNRS-P2015-12-00138.tif
4,/sftp/sftp_unr/uploads/First_Friend_of_Ronald_Reagan/UNRS-P2015-12-00139.tif
133,/sftp/sftp_unr/uploads/First_Friend_of_Ronald_Reagan/UNRS-P2015-12-00140.tif
50,/sftp/sftp_unr/uploads/First_Friend_of_Ronald_Reagan/UNRS-P2015-12-00144.tif
11,/sftp/sftp_unr/uploads/First_Friend_of_Ronald_Reagan/UNRS-P2015-12-00145.tif
13,/sftp/sftp_unr/uploads/First_Friend_of_Ronald_Reagan/UNRS-P2015-12-00148.tif
0,/sftp/sftp_unr/uploads/First_Friend_of_Ronald_Reagan/UNRS-P2015-12-00149.tif
42,/sftp/sftp_unr/uploads/First_Friend_of_Ronald_Reagan/UNRS-P2015-12-00150.tif
16,/sftp/sftp_unr/uploads/First_Friend_of_Ronald_Reagan/UNRS-P2015-12-00151.tif
169,/sftp/sftp_unr/uploads/First_Friend_of_Ronald_Reagan/UNRS-P2015-12-00152.tif
155,/sftp/sftp_unr/uploads/First_Friend_of_Ronald_Reagan/UNRS-P2015-12-00164.tif
154,/sftp/sftp_unr/uploads/First_Friend_of_Ronald_Reagan/UNRS-P2015-12-00190.tif
28,/sftp/sftp_unr/uploads/First_Friend_of_Ronald_Reagan/UNRS-P2015-12-00196.tif
141,/sftp/sftp_unr/uploads/First_Friend_of_Ronald_Reagan/UNRS-P2015-12-00197.tif
71,/sftp/sftp_unr/uploads/First_Friend_of_Ronald_Reagan/UNRS-P2015-12-00198.tif
74,/sftp/sftp_unr/uploads/First_Friend_of_Ronald_Reagan/UNRS-P2015-12-00202.tif
131,/sftp/sftp_unr/uploads/First_Friend_of_Ronald_Reagan/UNRS-P2015-12-00227.tif
14,/sftp/sftp_unr/uploads/First_Friend_of_Ronald_Reagan/UNRS-P2015-12-00230.tif
102,/sftp/sftp_unr/uploads/First_Friend_of_Ronald_Reagan/UNRS-P2015-12-00231.tif
104,/sftp/sftp_unr/uploads/First_Friend_of_Ronald_Reagan/UNRS-P2015-12-00232.tif
54,/sftp/sftp_unr/uploads/First_Friend_of_Ronald_Reagan/UNRS-P2015-12-00233.tif
51,/sftp/sftp_unr/uploads/First_Friend_of_Ronald_Reagan/UNRS-P2015-12-00234.tif
18,/sftp/sftp_unr/uploads/First_Friend_of_Ronald_Reagan/UNRS-P2015-12-00235.tif
62,/sftp/sftp_unr/uploads/First_Friend_of_Ronald_Reagan/UNRS-P2015-12-00236.tif
39,/sftp/sftp_unr/uploads/First_Friend_of_Ronald_Reagan/UNRS-P2015-12-00240.tif
98,/sftp/sftp_unr/uploads/First_Friend_of_Ronald_Reagan/UNRS-P2015-12-00241.tif
160,/sftp/sftp_unr/uploads/First_Friend_of_Ronald_Reagan/UNRS-P2015-12-00275.tif
165,/sftp/sftp_unr/uploads/First_Friend_of_Ronald_Reagan/UNRS-P2015-12-00276.tif
161,/sftp/sftp_unr/uploads/First_Friend_of_Ronald_Reagan/UNRS-P2015-12-00277.tif
164,/sftp/sftp_unr/uploads/First_Friend_of_Ronald_Reagan/UNRS-P2015-12-00278.tif
153,/sftp/sftp_unr/uploads/First_Friend_of_Ronald_Reagan/UNRS-P2015-12-00279.tif
157,/sftp/sftp_unr/uploads/First_Friend_of_Ronald_Reagan/UNRS-P2015-12-00280.tif
162,/sftp/sftp_unr/uploads/First_Friend_of_Ronald_Reagan/UNRS-P2015-12-00281.tif
170,/sftp/sftp_unr/uploads/First_Friend_of_Ronald_Reagan/UNRS-P2015-12-00282.tif
168,/sftp/sftp_unr/uploads/First_Friend_of_Ronald_Reagan/UNRS-P2015-12-00283.tif
167,/sftp/sftp_unr/uploads/First_Friend_of_Ronald_Reagan/UNRS-P2015-12-00284.tif
158,/sftp/sftp_unr/uploads/First_Friend_of_Ronald_Reagan/UNRS-P2015-12-00285.tif
159,/sftp/sftp_unr/uploads/First_Friend_of_Ronald_Reagan/UNRS-P2015-12-00286.tif
166,/sftp/sftp_unr/uploads/First_Friend_of_Ronald_Reagan/UNRS-P2015-12-00287.tif
151,/sftp/sftp_unr/uploads/First_Friend_of_Ronald_Reagan/UNRS-P2015-12-00288.tif
163,/sftp/sftp_unr/uploads/First_Friend_of_Ronald_Reagan/UNRS-P2015-12-00289.tif
152,/sftp/sftp_unr/uploads/First_Friend_of_Ronald_Reagan/UNRS-P2015-12-00292.tif