0,/sftp/sftp_unr/uploads/Betty_Cole-Graham_Sheet_Music/BCG00001.pdf
1,/sftp/sftp_unr/uploads/Betty_Cole-Graham_Sheet_Music/BCG00002.pdf
4,/sftp/sftp_unr/uploads/Betty_Cole-Graham_Sheet_Music/BCG00003.pdf
6,/sftp/sftp_unr/uploads/Betty_Cole-Graham_Sheet_Music/BCG00004.pdf
5,/sftp/sftp_unr/uploads/Betty_Cole-Graham_Sheet_Music/BCG00005.pdf
7,/sftp/sftp_unr/uploads/Betty_Cole-Graham_Sheet_Music/BCG00006.pdf
3,/sftp/sftp_unr/uploads/Betty_Cole-Graham_Sheet_Music/BCG00007.pdf
2,/sftp/sftp_unr/uploads/Betty_Cole-Graham_Sheet_Music/BCG00008.pdf
9,/sftp/sftp_unr/uploads/Betty_Cole-Graham_Sheet_Music/BCG00009.pdf
16,/sftp/sftp_unr/uploads/Betty_Cole-Graham_Sheet_Music/BCG00010.pdf
13,/sftp/sftp_unr/uploads/Betty_Cole-Graham_Sheet_Music/BCG00011.pdf
17,/sftp/sftp_unr/uploads/Betty_Cole-Graham_Sheet_Music/BCG00012.pdf
20,/sftp/sftp_unr/uploads/Betty_Cole-Graham_Sheet_Music/BCG00013.pdf
15,/sftp/sftp_unr/uploads/Betty_Cole-Graham_Sheet_Music/BCG00014.pdf
18,/sftp/sftp_unr/uploads/Betty_Cole-Graham_Sheet_Music/BCG00015.pdf
14,/sftp/sftp_unr/uploads/Betty_Cole-Graham_Sheet_Music/BCG00016.pdf
12,/sftp/sftp_unr/uploads/Betty_Cole-Graham_Sheet_Music/BCG00017.pdf
19,/sftp/sftp_unr/uploads/Betty_Cole-Graham_Sheet_Music/BCG00018.pdf
10,/sftp/sftp_unr/uploads/Betty_Cole-Graham_Sheet_Music/BCG00019.pdf
21,/sftp/sftp_unr/uploads/Betty_Cole-Graham_Sheet_Music/BCG00020.pdf
11,/sftp/sftp_unr/uploads/Betty_Cole-Graham_Sheet_Music/BCG00021.pdf
8,/sftp/sftp_unr/uploads/Betty_Cole-Graham_Sheet_Music/BCG00022.pdf
22,/sftp/sftp_unr/uploads/Betty_Cole-Graham_Sheet_Music/BCG00023.pdf
28,/sftp/sftp_unr/uploads/Betty_Cole-Graham_Sheet_Music/BCG00024.pdf
30,/sftp/sftp_unr/uploads/Betty_Cole-Graham_Sheet_Music/BCG00025.pdf
29,/sftp/sftp_unr/uploads/Betty_Cole-Graham_Sheet_Music/BCG00026.pdf
26,/sftp/sftp_unr/uploads/Betty_Cole-Graham_Sheet_Music/BCG00027.pdf
24,/sftp/sftp_unr/uploads/Betty_Cole-Graham_Sheet_Music/BCG00028.pdf
25,/sftp/sftp_unr/uploads/Betty_Cole-Graham_Sheet_Music/BCG00029.pdf
23,/sftp/sftp_unr/uploads/Betty_Cole-Graham_Sheet_Music/BCG00030.pdf
27,/sftp/sftp_unr/uploads/Betty_Cole-Graham_Sheet_Music/BCG00031.pdf
73,/sftp/sftp_unr/uploads/Betty_Cole-Graham_Sheet_Music/BCG00032.pdf
68,/sftp/sftp_unr/uploads/Betty_Cole-Graham_Sheet_Music/BCG00033.pdf
69,/sftp/sftp_unr/uploads/Betty_Cole-Graham_Sheet_Music/BCG00034.pdf
65,/sftp/sftp_unr/uploads/Betty_Cole-Graham_Sheet_Music/BCG00035.pdf
75,/sftp/sftp_unr/uploads/Betty_Cole-Graham_Sheet_Music/BCG00036.pdf
71,/sftp/sftp_unr/uploads/Betty_Cole-Graham_Sheet_Music/BCG00037.pdf
70,/sftp/sftp_unr/uploads/Betty_Cole-Graham_Sheet_Music/BCG00038.pdf
77,/sftp/sftp_unr/uploads/Betty_Cole-Graham_Sheet_Music/BCG00039.pdf
74,/sftp/sftp_unr/uploads/Betty_Cole-Graham_Sheet_Music/BCG00040.pdf
66,/sftp/sftp_unr/uploads/Betty_Cole-Graham_Sheet_Music/BCG00041.pdf
63,/sftp/sftp_unr/uploads/Betty_Cole-Graham_Sheet_Music/BCG00042.pdf
62,/sftp/sftp_unr/uploads/Betty_Cole-Graham_Sheet_Music/BCG00043.pdf
61,/sftp/sftp_unr/uploads/Betty_Cole-Graham_Sheet_Music/BCG00044.pdf
76,/sftp/sftp_unr/uploads/Betty_Cole-Graham_Sheet_Music/BCG00045.pdf
67,/sftp/sftp_unr/uploads/Betty_Cole-Graham_Sheet_Music/BCG00046.pdf
72,/sftp/sftp_unr/uploads/Betty_Cole-Graham_Sheet_Music/BCG00047.pdf
78,/sftp/sftp_unr/uploads/Betty_Cole-Graham_Sheet_Music/BCG00048.pdf
60,/sftp/sftp_unr/uploads/Betty_Cole-Graham_Sheet_Music/BCG00049.pdf
64,/sftp/sftp_unr/uploads/Betty_Cole-Graham_Sheet_Music/BCG00050.pdf
55,/sftp/sftp_unr/uploads/Betty_Cole-Graham_Sheet_Music/BCG00051.pdf
59,/sftp/sftp_unr/uploads/Betty_Cole-Graham_Sheet_Music/BCG00052.pdf
50,/sftp/sftp_unr/uploads/Betty_Cole-Graham_Sheet_Music/BCG00053.pdf
56,/sftp/sftp_unr/uploads/Betty_Cole-Graham_Sheet_Music/BCG00054.pdf
39,/sftp/sftp_unr/uploads/Betty_Cole-Graham_Sheet_Music/BCG00055.pdf
35,/sftp/sftp_unr/uploads/Betty_Cole-Graham_Sheet_Music/BCG00056.pdf
52,/sftp/sftp_unr/uploads/Betty_Cole-Graham_Sheet_Music/BCG00057.pdf
47,/sftp/sftp_unr/uploads/Betty_Cole-Graham_Sheet_Music/BCG00058.pdf
44,/sftp/sftp_unr/uploads/Betty_Cole-Graham_Sheet_Music/BCG00059.pdf
38,/sftp/sftp_unr/uploads/Betty_Cole-Graham_Sheet_Music/BCG00060.pdf
53,/sftp/sftp_unr/uploads/Betty_Cole-Graham_Sheet_Music/BCG00061.pdf
42,/sftp/sftp_unr/uploads/Betty_Cole-Graham_Sheet_Music/BCG00062.pdf
45,/sftp/sftp_unr/uploads/Betty_Cole-Graham_Sheet_Music/BCG00063.pdf
46,/sftp/sftp_unr/uploads/Betty_Cole-Graham_Sheet_Music/BCG00064.pdf
40,/sftp/sftp_unr/uploads/Betty_Cole-Graham_Sheet_Music/BCG00065.pdf
33,/sftp/sftp_unr/uploads/Betty_Cole-Graham_Sheet_Music/BCG00066.pdf
48,/sftp/sftp_unr/uploads/Betty_Cole-Graham_Sheet_Music/BCG00067.pdf
34,/sftp/sftp_unr/uploads/Betty_Cole-Graham_Sheet_Music/BCG00068.pdf
57,/sftp/sftp_unr/uploads/Betty_Cole-Graham_Sheet_Music/BCG00069.pdf
36,/sftp/sftp_unr/uploads/Betty_Cole-Graham_Sheet_Music/BCG00070.pdf
32,/sftp/sftp_unr/uploads/Betty_Cole-Graham_Sheet_Music/BCG00071.pdf
51,/sftp/sftp_unr/uploads/Betty_Cole-Graham_Sheet_Music/BCG00072.pdf
41,/sftp/sftp_unr/uploads/Betty_Cole-Graham_Sheet_Music/BCG00073.pdf
43,/sftp/sftp_unr/uploads/Betty_Cole-Graham_Sheet_Music/BCG00074.pdf
54,/sftp/sftp_unr/uploads/Betty_Cole-Graham_Sheet_Music/BCG00075.pdf
31,/sftp/sftp_unr/uploads/Betty_Cole-Graham_Sheet_Music/BCG00076.pdf
49,/sftp/sftp_unr/uploads/Betty_Cole-Graham_Sheet_Music/BCG00077.pdf
58,/sftp/sftp_unr/uploads/Betty_Cole-Graham_Sheet_Music/BCG00078.pdf
37,/sftp/sftp_unr/uploads/Betty_Cole-Graham_Sheet_Music/BCG00079.pdf
221,/sftp/sftp_unr/uploads/Betty_Cole-Graham_Sheet_Music/BCG00080.pdf
210,/sftp/sftp_unr/uploads/Betty_Cole-Graham_Sheet_Music/BCG00081.pdf
211,/sftp/sftp_unr/uploads/Betty_Cole-Graham_Sheet_Music/BCG00082.pdf
203,/sftp/sftp_unr/uploads/Betty_Cole-Graham_Sheet_Music/BCG00083.pdf
208,/sftp/sftp_unr/uploads/Betty_Cole-Graham_Sheet_Music/BCG00084.pdf
197,/sftp/sftp_unr/uploads/Betty_Cole-Graham_Sheet_Music/BCG00085.pdf
564,/sftp/sftp_unr/uploads/Betty_Cole-Graham_Sheet_Music/BCG00086.pdf
558,/sftp/sftp_unr/uploads/Betty_Cole-Graham_Sheet_Music/BCG00087.pdf
557,/sftp/sftp_unr/uploads/Betty_Cole-Graham_Sheet_Music/BCG00088.pdf
553,/sftp/sftp_unr/uploads/Betty_Cole-Graham_Sheet_Music/BCG00089.pdf
543,/sftp/sftp_unr/uploads/Betty_Cole-Graham_Sheet_Music/BCG00090.pdf
81,/sftp/sftp_unr/uploads/Betty_Cole-Graham_Sheet_Music/BCG00101.pdf
80,/sftp/sftp_unr/uploads/Betty_Cole-Graham_Sheet_Music/BCG00102.pdf
105,/sftp/sftp_unr/uploads/Betty_Cole-Graham_Sheet_Music/BCG00103.pdf
79,/sftp/sftp_unr/uploads/Betty_Cole-Graham_Sheet_Music/BCG00104.pdf
116,/sftp/sftp_unr/uploads/Betty_Cole-Graham_Sheet_Music/BCG00105.pdf
113,/sftp/sftp_unr/uploads/Betty_Cole-Graham_Sheet_Music/BCG00106.pdf
115,/sftp/sftp_unr/uploads/Betty_Cole-Graham_Sheet_Music/BCG00107.pdf
112,/sftp/sftp_unr/uploads/Betty_Cole-Graham_Sheet_Music/BCG00108.pdf
97,/sftp/sftp_unr/uploads/Betty_Cole-Graham_Sheet_Music/BCG00109.pdf
90,/sftp/sftp_unr/uploads/Betty_Cole-Graham_Sheet_Music/BCG00110.pdf
106,/sftp/sftp_unr/uploads/Betty_Cole-Graham_Sheet_Music/BCG00111.pdf
92,/sftp/sftp_unr/uploads/Betty_Cole-Graham_Sheet_Music/BCG00112.pdf
98,/sftp/sftp_unr/uploads/Betty_Cole-Graham_Sheet_Music/BCG00113.pdf
114,/sftp/sftp_unr/uploads/Betty_Cole-Graham_Sheet_Music/BCG00114.pdf
100,/sftp/sftp_unr/uploads/Betty_Cole-Graham_Sheet_Music/BCG00115.pdf
99,/sftp/sftp_unr/uploads/Betty_Cole-Graham_Sheet_Music/BCG00116.pdf
109,/sftp/sftp_unr/uploads/Betty_Cole-Graham_Sheet_Music/BCG00117.pdf
94,/sftp/sftp_unr/uploads/Betty_Cole-Graham_Sheet_Music/BCG00118.pdf
101,/sftp/sftp_unr/uploads/Betty_Cole-Graham_Sheet_Music/BCG00119.pdf
95,/sftp/sftp_unr/uploads/Betty_Cole-Graham_Sheet_Music/BCG00120.pdf
85,/sftp/sftp_unr/uploads/Betty_Cole-Graham_Sheet_Music/BCG00121.pdf
84,/sftp/sftp_unr/uploads/Betty_Cole-Graham_Sheet_Music/BCG00122.pdf
86,/sftp/sftp_unr/uploads/Betty_Cole-Graham_Sheet_Music/BCG00123.pdf
111,/sftp/sftp_unr/uploads/Betty_Cole-Graham_Sheet_Music/BCG00124.pdf
104,/sftp/sftp_unr/uploads/Betty_Cole-Graham_Sheet_Music/BCG00125.pdf
83,/sftp/sftp_unr/uploads/Betty_Cole-Graham_Sheet_Music/BCG00126.pdf
117,/sftp/sftp_unr/uploads/Betty_Cole-Graham_Sheet_Music/BCG00127.pdf
88,/sftp/sftp_unr/uploads/Betty_Cole-Graham_Sheet_Music/BCG00128.pdf
96,/sftp/sftp_unr/uploads/Betty_Cole-Graham_Sheet_Music/BCG00129.pdf
82,/sftp/sftp_unr/uploads/Betty_Cole-Graham_Sheet_Music/BCG00130.pdf
87,/sftp/sftp_unr/uploads/Betty_Cole-Graham_Sheet_Music/BCG00131.pdf
89,/sftp/sftp_unr/uploads/Betty_Cole-Graham_Sheet_Music/BCG00132.pdf
91,/sftp/sftp_unr/uploads/Betty_Cole-Graham_Sheet_Music/BCG00133.pdf
102,/sftp/sftp_unr/uploads/Betty_Cole-Graham_Sheet_Music/BCG00134.pdf
108,/sftp/sftp_unr/uploads/Betty_Cole-Graham_Sheet_Music/BCG00135.pdf
103,/sftp/sftp_unr/uploads/Betty_Cole-Graham_Sheet_Music/BCG00136.pdf
93,/sftp/sftp_unr/uploads/Betty_Cole-Graham_Sheet_Music/BCG00137.pdf
107,/sftp/sftp_unr/uploads/Betty_Cole-Graham_Sheet_Music/BCG00138.pdf
110,/sftp/sftp_unr/uploads/Betty_Cole-Graham_Sheet_Music/BCG00139.pdf
131,/sftp/sftp_unr/uploads/Betty_Cole-Graham_Sheet_Music/BCG00140.pdf
137,/sftp/sftp_unr/uploads/Betty_Cole-Graham_Sheet_Music/BCG00141.pdf
129,/sftp/sftp_unr/uploads/Betty_Cole-Graham_Sheet_Music/BCG00142.pdf
127,/sftp/sftp_unr/uploads/Betty_Cole-Graham_Sheet_Music/BCG00143.pdf
132,/sftp/sftp_unr/uploads/Betty_Cole-Graham_Sheet_Music/BCG00144.pdf
126,/sftp/sftp_unr/uploads/Betty_Cole-Graham_Sheet_Music/BCG00145.pdf
123,/sftp/sftp_unr/uploads/Betty_Cole-Graham_Sheet_Music/BCG00146.pdf
121,/sftp/sftp_unr/uploads/Betty_Cole-Graham_Sheet_Music/BCG00147.pdf
125,/sftp/sftp_unr/uploads/Betty_Cole-Graham_Sheet_Music/BCG00148.pdf
136,/sftp/sftp_unr/uploads/Betty_Cole-Graham_Sheet_Music/BCG00149.pdf
120,/sftp/sftp_unr/uploads/Betty_Cole-Graham_Sheet_Music/BCG00150.pdf
133,/sftp/sftp_unr/uploads/Betty_Cole-Graham_Sheet_Music/BCG00152.pdf
130,/sftp/sftp_unr/uploads/Betty_Cole-Graham_Sheet_Music/BCG00153.pdf
128,/sftp/sftp_unr/uploads/Betty_Cole-Graham_Sheet_Music/BCG00154.pdf
135,/sftp/sftp_unr/uploads/Betty_Cole-Graham_Sheet_Music/BCG00155.pdf
134,/sftp/sftp_unr/uploads/Betty_Cole-Graham_Sheet_Music/BCG00156.pdf
124,/sftp/sftp_unr/uploads/Betty_Cole-Graham_Sheet_Music/BCG00157.pdf
118,/sftp/sftp_unr/uploads/Betty_Cole-Graham_Sheet_Music/BCG00158.pdf
122,/sftp/sftp_unr/uploads/Betty_Cole-Graham_Sheet_Music/BCG00159.pdf
154,/sftp/sftp_unr/uploads/Betty_Cole-Graham_Sheet_Music/BCG00160.pdf
169,/sftp/sftp_unr/uploads/Betty_Cole-Graham_Sheet_Music/BCG00161.pdf
144,/sftp/sftp_unr/uploads/Betty_Cole-Graham_Sheet_Music/BCG00162.pdf
164,/sftp/sftp_unr/uploads/Betty_Cole-Graham_Sheet_Music/BCG00163.pdf
162,/sftp/sftp_unr/uploads/Betty_Cole-Graham_Sheet_Music/BCG00164.pdf
147,/sftp/sftp_unr/uploads/Betty_Cole-Graham_Sheet_Music/BCG00165.pdf
139,/sftp/sftp_unr/uploads/Betty_Cole-Graham_Sheet_Music/BCG00166.pdf
149,/sftp/sftp_unr/uploads/Betty_Cole-Graham_Sheet_Music/BCG00167.pdf
158,/sftp/sftp_unr/uploads/Betty_Cole-Graham_Sheet_Music/BCG00168.pdf
168,/sftp/sftp_unr/uploads/Betty_Cole-Graham_Sheet_Music/BCG00169.pdf
152,/sftp/sftp_unr/uploads/Betty_Cole-Graham_Sheet_Music/BCG00170.pdf
155,/sftp/sftp_unr/uploads/Betty_Cole-Graham_Sheet_Music/BCG00171.pdf
166,/sftp/sftp_unr/uploads/Betty_Cole-Graham_Sheet_Music/BCG00172.pdf
140,/sftp/sftp_unr/uploads/Betty_Cole-Graham_Sheet_Music/BCG00173.pdf
160,/sftp/sftp_unr/uploads/Betty_Cole-Graham_Sheet_Music/BCG00174.pdf
141,/sftp/sftp_unr/uploads/Betty_Cole-Graham_Sheet_Music/BCG00175.pdf
148,/sftp/sftp_unr/uploads/Betty_Cole-Graham_Sheet_Music/BCG00176.pdf
161,/sftp/sftp_unr/uploads/Betty_Cole-Graham_Sheet_Music/BCG00177.pdf
157,/sftp/sftp_unr/uploads/Betty_Cole-Graham_Sheet_Music/BCG00178.pdf
150,/sftp/sftp_unr/uploads/Betty_Cole-Graham_Sheet_Music/BCG00179.pdf
142,/sftp/sftp_unr/uploads/Betty_Cole-Graham_Sheet_Music/BCG00180.pdf
153,/sftp/sftp_unr/uploads/Betty_Cole-Graham_Sheet_Music/BCG00181.pdf
156,/sftp/sftp_unr/uploads/Betty_Cole-Graham_Sheet_Music/BCG00182.pdf
138,/sftp/sftp_unr/uploads/Betty_Cole-Graham_Sheet_Music/BCG00183.pdf
165,/sftp/sftp_unr/uploads/Betty_Cole-Graham_Sheet_Music/BCG00184.pdf
146,/sftp/sftp_unr/uploads/Betty_Cole-Graham_Sheet_Music/BCG00185.pdf
159,/sftp/sftp_unr/uploads/Betty_Cole-Graham_Sheet_Music/BCG00186.pdf
163,/sftp/sftp_unr/uploads/Betty_Cole-Graham_Sheet_Music/BCG00187.pdf
151,/sftp/sftp_unr/uploads/Betty_Cole-Graham_Sheet_Music/BCG00188.pdf
143,/sftp/sftp_unr/uploads/Betty_Cole-Graham_Sheet_Music/BCG00189.pdf
171,/sftp/sftp_unr/uploads/Betty_Cole-Graham_Sheet_Music/BCG00190.pdf
172,/sftp/sftp_unr/uploads/Betty_Cole-Graham_Sheet_Music/BCG00191.pdf
167,/sftp/sftp_unr/uploads/Betty_Cole-Graham_Sheet_Music/BCG00192.pdf
170,/sftp/sftp_unr/uploads/Betty_Cole-Graham_Sheet_Music/BCG00193.pdf
190,/sftp/sftp_unr/uploads/Betty_Cole-Graham_Sheet_Music/BCG00194.pdf
145,/sftp/sftp_unr/uploads/Betty_Cole-Graham_Sheet_Music/BCG00195.pdf
174,/sftp/sftp_unr/uploads/Betty_Cole-Graham_Sheet_Music/BCG00196.pdf
195,/sftp/sftp_unr/uploads/Betty_Cole-Graham_Sheet_Music/BCG00197.pdf
183,/sftp/sftp_unr/uploads/Betty_Cole-Graham_Sheet_Music/BCG00198.pdf
179,/sftp/sftp_unr/uploads/Betty_Cole-Graham_Sheet_Music/BCG00199.pdf
188,/sftp/sftp_unr/uploads/Betty_Cole-Graham_Sheet_Music/BCG00200.pdf
185,/sftp/sftp_unr/uploads/Betty_Cole-Graham_Sheet_Music/BCG00201.pdf
175,/sftp/sftp_unr/uploads/Betty_Cole-Graham_Sheet_Music/BCG00202.pdf
184,/sftp/sftp_unr/uploads/Betty_Cole-Graham_Sheet_Music/BCG00203.pdf
178,/sftp/sftp_unr/uploads/Betty_Cole-Graham_Sheet_Music/BCG00204.pdf
182,/sftp/sftp_unr/uploads/Betty_Cole-Graham_Sheet_Music/BCG00205.pdf
192,/sftp/sftp_unr/uploads/Betty_Cole-Graham_Sheet_Music/BCG00206.pdf
193,/sftp/sftp_unr/uploads/Betty_Cole-Graham_Sheet_Music/BCG00207.pdf
177,/sftp/sftp_unr/uploads/Betty_Cole-Graham_Sheet_Music/BCG00208.pdf
181,/sftp/sftp_unr/uploads/Betty_Cole-Graham_Sheet_Music/BCG00209.pdf
194,/sftp/sftp_unr/uploads/Betty_Cole-Graham_Sheet_Music/BCG00210.pdf
180,/sftp/sftp_unr/uploads/Betty_Cole-Graham_Sheet_Music/BCG00211.pdf
187,/sftp/sftp_unr/uploads/Betty_Cole-Graham_Sheet_Music/BCG00212.pdf
191,/sftp/sftp_unr/uploads/Betty_Cole-Graham_Sheet_Music/BCG00213.pdf
186,/sftp/sftp_unr/uploads/Betty_Cole-Graham_Sheet_Music/BCG00214.pdf
201,/sftp/sftp_unr/uploads/Betty_Cole-Graham_Sheet_Music/BCG00215.pdf
205,/sftp/sftp_unr/uploads/Betty_Cole-Graham_Sheet_Music/BCG00216.pdf
214,/sftp/sftp_unr/uploads/Betty_Cole-Graham_Sheet_Music/BCG00217.pdf
204,/sftp/sftp_unr/uploads/Betty_Cole-Graham_Sheet_Music/BCG00218.pdf
189,/sftp/sftp_unr/uploads/Betty_Cole-Graham_Sheet_Music/BCG00219.pdf
176,/sftp/sftp_unr/uploads/Betty_Cole-Graham_Sheet_Music/BCG00220.pdf
173,/sftp/sftp_unr/uploads/Betty_Cole-Graham_Sheet_Music/BCG00221.pdf
202,/sftp/sftp_unr/uploads/Betty_Cole-Graham_Sheet_Music/BCG00222.pdf
207,/sftp/sftp_unr/uploads/Betty_Cole-Graham_Sheet_Music/BCG00223.pdf
217,/sftp/sftp_unr/uploads/Betty_Cole-Graham_Sheet_Music/BCG00224.pdf
200,/sftp/sftp_unr/uploads/Betty_Cole-Graham_Sheet_Music/BCG00225.pdf
223,/sftp/sftp_unr/uploads/Betty_Cole-Graham_Sheet_Music/BCG00226.pdf
226,/sftp/sftp_unr/uploads/Betty_Cole-Graham_Sheet_Music/BCG00227.pdf
213,/sftp/sftp_unr/uploads/Betty_Cole-Graham_Sheet_Music/BCG00228.pdf
224,/sftp/sftp_unr/uploads/Betty_Cole-Graham_Sheet_Music/BCG00229.pdf
222,/sftp/sftp_unr/uploads/Betty_Cole-Graham_Sheet_Music/BCG00230.pdf
225,/sftp/sftp_unr/uploads/Betty_Cole-Graham_Sheet_Music/BCG00231.pdf
227,/sftp/sftp_unr/uploads/Betty_Cole-Graham_Sheet_Music/BCG00232.pdf
199,/sftp/sftp_unr/uploads/Betty_Cole-Graham_Sheet_Music/BCG00233.pdf
218,/sftp/sftp_unr/uploads/Betty_Cole-Graham_Sheet_Music/BCG00234.pdf
220,/sftp/sftp_unr/uploads/Betty_Cole-Graham_Sheet_Music/BCG00235.pdf
212,/sftp/sftp_unr/uploads/Betty_Cole-Graham_Sheet_Music/BCG00236.pdf
216,/sftp/sftp_unr/uploads/Betty_Cole-Graham_Sheet_Music/BCG00237.pdf
215,/sftp/sftp_unr/uploads/Betty_Cole-Graham_Sheet_Music/BCG00238.pdf
206,/sftp/sftp_unr/uploads/Betty_Cole-Graham_Sheet_Music/BCG00239.pdf
198,/sftp/sftp_unr/uploads/Betty_Cole-Graham_Sheet_Music/BCG00240.pdf
209,/sftp/sftp_unr/uploads/Betty_Cole-Graham_Sheet_Music/BCG00241.pdf
196,/sftp/sftp_unr/uploads/Betty_Cole-Graham_Sheet_Music/BCG00242.pdf
219,/sftp/sftp_unr/uploads/Betty_Cole-Graham_Sheet_Music/BCG00243.pdf
246,/sftp/sftp_unr/uploads/Betty_Cole-Graham_Sheet_Music/BCG00244.pdf
247,/sftp/sftp_unr/uploads/Betty_Cole-Graham_Sheet_Music/BCG00245.pdf
230,/sftp/sftp_unr/uploads/Betty_Cole-Graham_Sheet_Music/BCG00246.pdf
232,/sftp/sftp_unr/uploads/Betty_Cole-Graham_Sheet_Music/BCG00247.pdf
229,/sftp/sftp_unr/uploads/Betty_Cole-Graham_Sheet_Music/BCG00248.pdf
245,/sftp/sftp_unr/uploads/Betty_Cole-Graham_Sheet_Music/BCG00249.pdf
241,/sftp/sftp_unr/uploads/Betty_Cole-Graham_Sheet_Music/BCG00250.pdf
228,/sftp/sftp_unr/uploads/Betty_Cole-Graham_Sheet_Music/BCG00251.pdf
250,/sftp/sftp_unr/uploads/Betty_Cole-Graham_Sheet_Music/BCG00252.pdf
237,/sftp/sftp_unr/uploads/Betty_Cole-Graham_Sheet_Music/BCG00253.pdf
235,/sftp/sftp_unr/uploads/Betty_Cole-Graham_Sheet_Music/BCG00254.pdf
234,/sftp/sftp_unr/uploads/Betty_Cole-Graham_Sheet_Music/BCG00255.pdf
252,/sftp/sftp_unr/uploads/Betty_Cole-Graham_Sheet_Music/BCG00256.pdf
242,/sftp/sftp_unr/uploads/Betty_Cole-Graham_Sheet_Music/BCG00257.pdf
244,/sftp/sftp_unr/uploads/Betty_Cole-Graham_Sheet_Music/BCG00258.pdf
231,/sftp/sftp_unr/uploads/Betty_Cole-Graham_Sheet_Music/BCG00259.pdf
249,/sftp/sftp_unr/uploads/Betty_Cole-Graham_Sheet_Music/BCG00260.pdf
240,/sftp/sftp_unr/uploads/Betty_Cole-Graham_Sheet_Music/BCG00261.pdf
251,/sftp/sftp_unr/uploads/Betty_Cole-Graham_Sheet_Music/BCG00262.pdf
239,/sftp/sftp_unr/uploads/Betty_Cole-Graham_Sheet_Music/BCG00263.pdf
236,/sftp/sftp_unr/uploads/Betty_Cole-Graham_Sheet_Music/BCG00264.pdf
248,/sftp/sftp_unr/uploads/Betty_Cole-Graham_Sheet_Music/BCG00265.pdf
233,/sftp/sftp_unr/uploads/Betty_Cole-Graham_Sheet_Music/BCG00266.pdf
238,/sftp/sftp_unr/uploads/Betty_Cole-Graham_Sheet_Music/BCG00267.pdf
243,/sftp/sftp_unr/uploads/Betty_Cole-Graham_Sheet_Music/BCG00268.pdf
264,/sftp/sftp_unr/uploads/Betty_Cole-Graham_Sheet_Music/BCG00269.pdf
268,/sftp/sftp_unr/uploads/Betty_Cole-Graham_Sheet_Music/BCG00270.pdf
259,/sftp/sftp_unr/uploads/Betty_Cole-Graham_Sheet_Music/BCG00271.pdf
260,/sftp/sftp_unr/uploads/Betty_Cole-Graham_Sheet_Music/BCG00272.pdf
263,/sftp/sftp_unr/uploads/Betty_Cole-Graham_Sheet_Music/BCG00273.pdf
266,/sftp/sftp_unr/uploads/Betty_Cole-Graham_Sheet_Music/BCG00274.pdf
254,/sftp/sftp_unr/uploads/Betty_Cole-Graham_Sheet_Music/BCG00275.pdf
258,/sftp/sftp_unr/uploads/Betty_Cole-Graham_Sheet_Music/BCG00276.pdf
261,/sftp/sftp_unr/uploads/Betty_Cole-Graham_Sheet_Music/BCG00277.pdf
255,/sftp/sftp_unr/uploads/Betty_Cole-Graham_Sheet_Music/BCG00278.pdf
262,/sftp/sftp_unr/uploads/Betty_Cole-Graham_Sheet_Music/BCG00279.pdf
267,/sftp/sftp_unr/uploads/Betty_Cole-Graham_Sheet_Music/BCG00280.pdf
265,/sftp/sftp_unr/uploads/Betty_Cole-Graham_Sheet_Music/BCG00281.pdf
256,/sftp/sftp_unr/uploads/Betty_Cole-Graham_Sheet_Music/BCG00282.pdf
257,/sftp/sftp_unr/uploads/Betty_Cole-Graham_Sheet_Music/BCG00283.pdf
253,/sftp/sftp_unr/uploads/Betty_Cole-Graham_Sheet_Music/BCG00284.pdf
273,/sftp/sftp_unr/uploads/Betty_Cole-Graham_Sheet_Music/BCG00285.pdf
272,/sftp/sftp_unr/uploads/Betty_Cole-Graham_Sheet_Music/BCG00286.pdf
277,/sftp/sftp_unr/uploads/Betty_Cole-Graham_Sheet_Music/BCG00287.pdf
276,/sftp/sftp_unr/uploads/Betty_Cole-Graham_Sheet_Music/BCG00288.pdf
270,/sftp/sftp_unr/uploads/Betty_Cole-Graham_Sheet_Music/BCG00289.pdf
278,/sftp/sftp_unr/uploads/Betty_Cole-Graham_Sheet_Music/BCG00290.pdf
274,/sftp/sftp_unr/uploads/Betty_Cole-Graham_Sheet_Music/BCG00291.pdf
280,/sftp/sftp_unr/uploads/Betty_Cole-Graham_Sheet_Music/BCG00292.pdf
269,/sftp/sftp_unr/uploads/Betty_Cole-Graham_Sheet_Music/BCG00293.pdf
275,/sftp/sftp_unr/uploads/Betty_Cole-Graham_Sheet_Music/BCG00294.pdf
279,/sftp/sftp_unr/uploads/Betty_Cole-Graham_Sheet_Music/BCG00295.pdf
271,/sftp/sftp_unr/uploads/Betty_Cole-Graham_Sheet_Music/BCG00296.pdf
281,/sftp/sftp_unr/uploads/Betty_Cole-Graham_Sheet_Music/BCG00297.pdf
282,/sftp/sftp_unr/uploads/Betty_Cole-Graham_Sheet_Music/BCG00298.pdf
283,/sftp/sftp_unr/uploads/Betty_Cole-Graham_Sheet_Music/BCG00299.pdf
284,/sftp/sftp_unr/uploads/Betty_Cole-Graham_Sheet_Music/BCG00300.pdf
297,/sftp/sftp_unr/uploads/Betty_Cole-Graham_Sheet_Music/BCG00301.pdf
289,/sftp/sftp_unr/uploads/Betty_Cole-Graham_Sheet_Music/BCG00302.pdf
287,/sftp/sftp_unr/uploads/Betty_Cole-Graham_Sheet_Music/BCG00303.pdf
286,/sftp/sftp_unr/uploads/Betty_Cole-Graham_Sheet_Music/BCG00304.pdf
298,/sftp/sftp_unr/uploads/Betty_Cole-Graham_Sheet_Music/BCG00305.pdf
288,/sftp/sftp_unr/uploads/Betty_Cole-Graham_Sheet_Music/BCG00306.pdf
291,/sftp/sftp_unr/uploads/Betty_Cole-Graham_Sheet_Music/BCG00307.pdf
295,/sftp/sftp_unr/uploads/Betty_Cole-Graham_Sheet_Music/BCG00308.pdf
290,/sftp/sftp_unr/uploads/Betty_Cole-Graham_Sheet_Music/BCG00309.pdf
293,/sftp/sftp_unr/uploads/Betty_Cole-Graham_Sheet_Music/BCG00310.pdf
285,/sftp/sftp_unr/uploads/Betty_Cole-Graham_Sheet_Music/BCG00311.pdf
292,/sftp/sftp_unr/uploads/Betty_Cole-Graham_Sheet_Music/BCG00312.pdf
296,/sftp/sftp_unr/uploads/Betty_Cole-Graham_Sheet_Music/BCG00313.pdf
294,/sftp/sftp_unr/uploads/Betty_Cole-Graham_Sheet_Music/BCG00314.pdf
301,/sftp/sftp_unr/uploads/Betty_Cole-Graham_Sheet_Music/BCG00315.pdf
300,/sftp/sftp_unr/uploads/Betty_Cole-Graham_Sheet_Music/BCG00316.pdf
299,/sftp/sftp_unr/uploads/Betty_Cole-Graham_Sheet_Music/BCG00317.pdf
313,/sftp/sftp_unr/uploads/Betty_Cole-Graham_Sheet_Music/BCG00318.pdf
333,/sftp/sftp_unr/uploads/Betty_Cole-Graham_Sheet_Music/BCG00319.pdf
317,/sftp/sftp_unr/uploads/Betty_Cole-Graham_Sheet_Music/BCG00320.pdf
302,/sftp/sftp_unr/uploads/Betty_Cole-Graham_Sheet_Music/BCG00321.pdf
325,/sftp/sftp_unr/uploads/Betty_Cole-Graham_Sheet_Music/BCG00322.pdf
303,/sftp/sftp_unr/uploads/Betty_Cole-Graham_Sheet_Music/BCG00323.pdf
328,/sftp/sftp_unr/uploads/Betty_Cole-Graham_Sheet_Music/BCG00324.pdf
307,/sftp/sftp_unr/uploads/Betty_Cole-Graham_Sheet_Music/BCG00325.pdf
334,/sftp/sftp_unr/uploads/Betty_Cole-Graham_Sheet_Music/BCG00326.pdf
329,/sftp/sftp_unr/uploads/Betty_Cole-Graham_Sheet_Music/BCG00327.pdf
319,/sftp/sftp_unr/uploads/Betty_Cole-Graham_Sheet_Music/BCG00328.pdf
304,/sftp/sftp_unr/uploads/Betty_Cole-Graham_Sheet_Music/BCG00329.pdf
305,/sftp/sftp_unr/uploads/Betty_Cole-Graham_Sheet_Music/BCG00330.pdf
330,/sftp/sftp_unr/uploads/Betty_Cole-Graham_Sheet_Music/BCG00331.pdf
311,/sftp/sftp_unr/uploads/Betty_Cole-Graham_Sheet_Music/BCG00332.pdf
309,/sftp/sftp_unr/uploads/Betty_Cole-Graham_Sheet_Music/BCG00333.pdf
320,/sftp/sftp_unr/uploads/Betty_Cole-Graham_Sheet_Music/BCG00334.pdf
315,/sftp/sftp_unr/uploads/Betty_Cole-Graham_Sheet_Music/BCG00335.pdf
332,/sftp/sftp_unr/uploads/Betty_Cole-Graham_Sheet_Music/BCG00336.pdf
327,/sftp/sftp_unr/uploads/Betty_Cole-Graham_Sheet_Music/BCG00337.pdf
308,/sftp/sftp_unr/uploads/Betty_Cole-Graham_Sheet_Music/BCG00338.pdf
322,/sftp/sftp_unr/uploads/Betty_Cole-Graham_Sheet_Music/BCG00339.pdf
318,/sftp/sftp_unr/uploads/Betty_Cole-Graham_Sheet_Music/BCG00340.pdf
324,/sftp/sftp_unr/uploads/Betty_Cole-Graham_Sheet_Music/BCG00341.pdf
306,/sftp/sftp_unr/uploads/Betty_Cole-Graham_Sheet_Music/BCG00342.pdf
314,/sftp/sftp_unr/uploads/Betty_Cole-Graham_Sheet_Music/BCG00343.pdf
321,/sftp/sftp_unr/uploads/Betty_Cole-Graham_Sheet_Music/BCG00344.pdf
326,/sftp/sftp_unr/uploads/Betty_Cole-Graham_Sheet_Music/BCG00345.pdf
323,/sftp/sftp_unr/uploads/Betty_Cole-Graham_Sheet_Music/BCG00346.pdf
310,/sftp/sftp_unr/uploads/Betty_Cole-Graham_Sheet_Music/BCG00347.pdf
331,/sftp/sftp_unr/uploads/Betty_Cole-Graham_Sheet_Music/BCG00348.pdf
316,/sftp/sftp_unr/uploads/Betty_Cole-Graham_Sheet_Music/BCG00349.pdf
312,/sftp/sftp_unr/uploads/Betty_Cole-Graham_Sheet_Music/BCG00350.pdf
336,/sftp/sftp_unr/uploads/Betty_Cole-Graham_Sheet_Music/BCG00351.pdf
340,/sftp/sftp_unr/uploads/Betty_Cole-Graham_Sheet_Music/BCG00352.pdf
352,/sftp/sftp_unr/uploads/Betty_Cole-Graham_Sheet_Music/BCG00353.pdf
360,/sftp/sftp_unr/uploads/Betty_Cole-Graham_Sheet_Music/BCG00354.pdf
365,/sftp/sftp_unr/uploads/Betty_Cole-Graham_Sheet_Music/BCG00355.pdf
374,/sftp/sftp_unr/uploads/Betty_Cole-Graham_Sheet_Music/BCG00356.pdf
368,/sftp/sftp_unr/uploads/Betty_Cole-Graham_Sheet_Music/BCG00357.pdf
366,/sftp/sftp_unr/uploads/Betty_Cole-Graham_Sheet_Music/BCG00358.pdf
358,/sftp/sftp_unr/uploads/Betty_Cole-Graham_Sheet_Music/BCG00359.pdf
376,/sftp/sftp_unr/uploads/Betty_Cole-Graham_Sheet_Music/BCG00360.pdf
357,/sftp/sftp_unr/uploads/Betty_Cole-Graham_Sheet_Music/BCG00361.pdf
342,/sftp/sftp_unr/uploads/Betty_Cole-Graham_Sheet_Music/BCG00362.pdf
355,/sftp/sftp_unr/uploads/Betty_Cole-Graham_Sheet_Music/BCG00363.pdf
369,/sftp/sftp_unr/uploads/Betty_Cole-Graham_Sheet_Music/BCG00364.pdf
372,/sftp/sftp_unr/uploads/Betty_Cole-Graham_Sheet_Music/BCG00365.pdf
347,/sftp/sftp_unr/uploads/Betty_Cole-Graham_Sheet_Music/BCG00366.pdf
351,/sftp/sftp_unr/uploads/Betty_Cole-Graham_Sheet_Music/BCG00367.pdf
335,/sftp/sftp_unr/uploads/Betty_Cole-Graham_Sheet_Music/BCG00368.pdf
371,/sftp/sftp_unr/uploads/Betty_Cole-Graham_Sheet_Music/BCG00369.pdf
346,/sftp/sftp_unr/uploads/Betty_Cole-Graham_Sheet_Music/BCG00370.pdf
341,/sftp/sftp_unr/uploads/Betty_Cole-Graham_Sheet_Music/BCG00371.pdf
390,/sftp/sftp_unr/uploads/Betty_Cole-Graham_Sheet_Music/BCG00372.pdf
344,/sftp/sftp_unr/uploads/Betty_Cole-Graham_Sheet_Music/BCG00373.pdf
364,/sftp/sftp_unr/uploads/Betty_Cole-Graham_Sheet_Music/BCG00374.pdf
373,/sftp/sftp_unr/uploads/Betty_Cole-Graham_Sheet_Music/BCG00375.pdf
361,/sftp/sftp_unr/uploads/Betty_Cole-Graham_Sheet_Music/BCG00376.pdf
405,/sftp/sftp_unr/uploads/Betty_Cole-Graham_Sheet_Music/BCG00377.pdf
375,/sftp/sftp_unr/uploads/Betty_Cole-Graham_Sheet_Music/BCG00378.pdf
345,/sftp/sftp_unr/uploads/Betty_Cole-Graham_Sheet_Music/BCG00379.pdf
362,/sftp/sftp_unr/uploads/Betty_Cole-Graham_Sheet_Music/BCG00380.pdf
354,/sftp/sftp_unr/uploads/Betty_Cole-Graham_Sheet_Music/BCG00381.pdf
337,/sftp/sftp_unr/uploads/Betty_Cole-Graham_Sheet_Music/BCG00382.pdf
348,/sftp/sftp_unr/uploads/Betty_Cole-Graham_Sheet_Music/BCG00383.pdf
359,/sftp/sftp_unr/uploads/Betty_Cole-Graham_Sheet_Music/BCG00384.pdf
343,/sftp/sftp_unr/uploads/Betty_Cole-Graham_Sheet_Music/BCG00385.pdf
353,/sftp/sftp_unr/uploads/Betty_Cole-Graham_Sheet_Music/BCG00386.pdf
367,/sftp/sftp_unr/uploads/Betty_Cole-Graham_Sheet_Music/BCG00387.pdf
370,/sftp/sftp_unr/uploads/Betty_Cole-Graham_Sheet_Music/BCG00388.pdf
356,/sftp/sftp_unr/uploads/Betty_Cole-Graham_Sheet_Music/BCG00389.pdf
349,/sftp/sftp_unr/uploads/Betty_Cole-Graham_Sheet_Music/BCG00390.pdf
350,/sftp/sftp_unr/uploads/Betty_Cole-Graham_Sheet_Music/BCG00391.pdf
363,/sftp/sftp_unr/uploads/Betty_Cole-Graham_Sheet_Music/BCG00392.pdf
338,/sftp/sftp_unr/uploads/Betty_Cole-Graham_Sheet_Music/BCG00393.pdf
339,/sftp/sftp_unr/uploads/Betty_Cole-Graham_Sheet_Music/BCG00394.pdf
404,/sftp/sftp_unr/uploads/Betty_Cole-Graham_Sheet_Music/BCG00395.pdf
393,/sftp/sftp_unr/uploads/Betty_Cole-Graham_Sheet_Music/BCG00396.pdf
386,/sftp/sftp_unr/uploads/Betty_Cole-Graham_Sheet_Music/BCG00397.pdf
396,/sftp/sftp_unr/uploads/Betty_Cole-Graham_Sheet_Music/BCG00398.pdf
397,/sftp/sftp_unr/uploads/Betty_Cole-Graham_Sheet_Music/BCG00399.pdf
389,/sftp/sftp_unr/uploads/Betty_Cole-Graham_Sheet_Music/BCG00400.pdf
395,/sftp/sftp_unr/uploads/Betty_Cole-Graham_Sheet_Music/BCG00401.pdf
408,/sftp/sftp_unr/uploads/Betty_Cole-Graham_Sheet_Music/BCG00402.pdf
385,/sftp/sftp_unr/uploads/Betty_Cole-Graham_Sheet_Music/BCG00403.pdf
415,/sftp/sftp_unr/uploads/Betty_Cole-Graham_Sheet_Music/BCG00404.pdf
414,/sftp/sftp_unr/uploads/Betty_Cole-Graham_Sheet_Music/BCG00405.pdf
379,/sftp/sftp_unr/uploads/Betty_Cole-Graham_Sheet_Music/BCG00406.pdf
381,/sftp/sftp_unr/uploads/Betty_Cole-Graham_Sheet_Music/BCG00407.pdf
416,/sftp/sftp_unr/uploads/Betty_Cole-Graham_Sheet_Music/BCG00408.pdf
388,/sftp/sftp_unr/uploads/Betty_Cole-Graham_Sheet_Music/BCG00409.pdf
407,/sftp/sftp_unr/uploads/Betty_Cole-Graham_Sheet_Music/BCG00410.pdf
403,/sftp/sftp_unr/uploads/Betty_Cole-Graham_Sheet_Music/BCG00411.pdf
406,/sftp/sftp_unr/uploads/Betty_Cole-Graham_Sheet_Music/BCG00412.pdf
384,/sftp/sftp_unr/uploads/Betty_Cole-Graham_Sheet_Music/BCG00413.pdf
380,/sftp/sftp_unr/uploads/Betty_Cole-Graham_Sheet_Music/BCG00414.pdf
402,/sftp/sftp_unr/uploads/Betty_Cole-Graham_Sheet_Music/BCG00415.pdf
409,/sftp/sftp_unr/uploads/Betty_Cole-Graham_Sheet_Music/BCG00416.pdf
400,/sftp/sftp_unr/uploads/Betty_Cole-Graham_Sheet_Music/BCG00417.pdf
412,/sftp/sftp_unr/uploads/Betty_Cole-Graham_Sheet_Music/BCG00418.pdf
382,/sftp/sftp_unr/uploads/Betty_Cole-Graham_Sheet_Music/BCG00419.pdf
398,/sftp/sftp_unr/uploads/Betty_Cole-Graham_Sheet_Music/BCG00420.pdf
411,/sftp/sftp_unr/uploads/Betty_Cole-Graham_Sheet_Music/BCG00421.pdf
377,/sftp/sftp_unr/uploads/Betty_Cole-Graham_Sheet_Music/BCG00422.pdf
394,/sftp/sftp_unr/uploads/Betty_Cole-Graham_Sheet_Music/BCG00423.pdf
401,/sftp/sftp_unr/uploads/Betty_Cole-Graham_Sheet_Music/BCG00424.pdf
392,/sftp/sftp_unr/uploads/Betty_Cole-Graham_Sheet_Music/BCG00425.pdf
410,/sftp/sftp_unr/uploads/Betty_Cole-Graham_Sheet_Music/BCG00426.pdf
387,/sftp/sftp_unr/uploads/Betty_Cole-Graham_Sheet_Music/BCG00427.pdf
378,/sftp/sftp_unr/uploads/Betty_Cole-Graham_Sheet_Music/BCG00428.pdf
413,/sftp/sftp_unr/uploads/Betty_Cole-Graham_Sheet_Music/BCG00429.pdf
399,/sftp/sftp_unr/uploads/Betty_Cole-Graham_Sheet_Music/BCG00430.pdf
391,/sftp/sftp_unr/uploads/Betty_Cole-Graham_Sheet_Music/BCG00431.pdf
383,/sftp/sftp_unr/uploads/Betty_Cole-Graham_Sheet_Music/BCG00432.pdf
417,/sftp/sftp_unr/uploads/Betty_Cole-Graham_Sheet_Music/BCG00433.pdf
439,/sftp/sftp_unr/uploads/Betty_Cole-Graham_Sheet_Music/BCG00434.pdf
420,/sftp/sftp_unr/uploads/Betty_Cole-Graham_Sheet_Music/BCG00435.pdf
421,/sftp/sftp_unr/uploads/Betty_Cole-Graham_Sheet_Music/BCG00436.pdf
424,/sftp/sftp_unr/uploads/Betty_Cole-Graham_Sheet_Music/BCG00437.pdf
419,/sftp/sftp_unr/uploads/Betty_Cole-Graham_Sheet_Music/BCG00438.pdf
422,/sftp/sftp_unr/uploads/Betty_Cole-Graham_Sheet_Music/BCG00439.pdf
426,/sftp/sftp_unr/uploads/Betty_Cole-Graham_Sheet_Music/BCG00440.pdf
440,/sftp/sftp_unr/uploads/Betty_Cole-Graham_Sheet_Music/BCG00441.pdf
434,/sftp/sftp_unr/uploads/Betty_Cole-Graham_Sheet_Music/BCG00442.pdf
433,/sftp/sftp_unr/uploads/Betty_Cole-Graham_Sheet_Music/BCG00443.pdf
427,/sftp/sftp_unr/uploads/Betty_Cole-Graham_Sheet_Music/BCG00444.pdf
423,/sftp/sftp_unr/uploads/Betty_Cole-Graham_Sheet_Music/BCG00445.pdf
436,/sftp/sftp_unr/uploads/Betty_Cole-Graham_Sheet_Music/BCG00446.pdf
432,/sftp/sftp_unr/uploads/Betty_Cole-Graham_Sheet_Music/BCG00447.pdf
431,/sftp/sftp_unr/uploads/Betty_Cole-Graham_Sheet_Music/BCG00448.pdf
435,/sftp/sftp_unr/uploads/Betty_Cole-Graham_Sheet_Music/BCG00449.pdf
425,/sftp/sftp_unr/uploads/Betty_Cole-Graham_Sheet_Music/BCG00450.pdf
437,/sftp/sftp_unr/uploads/Betty_Cole-Graham_Sheet_Music/BCG00451.pdf
430,/sftp/sftp_unr/uploads/Betty_Cole-Graham_Sheet_Music/BCG00452.pdf
418,/sftp/sftp_unr/uploads/Betty_Cole-Graham_Sheet_Music/BCG00453.pdf
428,/sftp/sftp_unr/uploads/Betty_Cole-Graham_Sheet_Music/BCG00454.pdf
438,/sftp/sftp_unr/uploads/Betty_Cole-Graham_Sheet_Music/BCG00455.pdf
429,/sftp/sftp_unr/uploads/Betty_Cole-Graham_Sheet_Music/BCG00456.pdf
450,/sftp/sftp_unr/uploads/Betty_Cole-Graham_Sheet_Music/BCG00457.pdf
446,/sftp/sftp_unr/uploads/Betty_Cole-Graham_Sheet_Music/BCG00458.pdf
454,/sftp/sftp_unr/uploads/Betty_Cole-Graham_Sheet_Music/BCG00459.pdf
441,/sftp/sftp_unr/uploads/Betty_Cole-Graham_Sheet_Music/BCG00460.pdf
453,/sftp/sftp_unr/uploads/Betty_Cole-Graham_Sheet_Music/BCG00461.pdf
444,/sftp/sftp_unr/uploads/Betty_Cole-Graham_Sheet_Music/BCG00462.pdf
457,/sftp/sftp_unr/uploads/Betty_Cole-Graham_Sheet_Music/BCG00463.pdf
451,/sftp/sftp_unr/uploads/Betty_Cole-Graham_Sheet_Music/BCG00464.pdf
459,/sftp/sftp_unr/uploads/Betty_Cole-Graham_Sheet_Music/BCG00465.pdf
452,/sftp/sftp_unr/uploads/Betty_Cole-Graham_Sheet_Music/BCG00466.pdf
443,/sftp/sftp_unr/uploads/Betty_Cole-Graham_Sheet_Music/BCG00467.pdf
449,/sftp/sftp_unr/uploads/Betty_Cole-Graham_Sheet_Music/BCG00468.pdf
456,/sftp/sftp_unr/uploads/Betty_Cole-Graham_Sheet_Music/BCG00469.pdf
442,/sftp/sftp_unr/uploads/Betty_Cole-Graham_Sheet_Music/BCG00470.pdf
447,/sftp/sftp_unr/uploads/Betty_Cole-Graham_Sheet_Music/BCG00471.pdf
448,/sftp/sftp_unr/uploads/Betty_Cole-Graham_Sheet_Music/BCG00472.pdf
455,/sftp/sftp_unr/uploads/Betty_Cole-Graham_Sheet_Music/BCG00473.pdf
445,/sftp/sftp_unr/uploads/Betty_Cole-Graham_Sheet_Music/BCG00474.pdf
458,/sftp/sftp_unr/uploads/Betty_Cole-Graham_Sheet_Music/BCG00475.pdf
487,/sftp/sftp_unr/uploads/Betty_Cole-Graham_Sheet_Music/BCG00476.pdf
493,/sftp/sftp_unr/uploads/Betty_Cole-Graham_Sheet_Music/BCG00477.pdf
472,/sftp/sftp_unr/uploads/Betty_Cole-Graham_Sheet_Music/BCG00478.pdf
479,/sftp/sftp_unr/uploads/Betty_Cole-Graham_Sheet_Music/BCG00479.pdf
491,/sftp/sftp_unr/uploads/Betty_Cole-Graham_Sheet_Music/BCG00480.pdf
495,/sftp/sftp_unr/uploads/Betty_Cole-Graham_Sheet_Music/BCG00481.pdf
462,/sftp/sftp_unr/uploads/Betty_Cole-Graham_Sheet_Music/BCG00482.pdf
476,/sftp/sftp_unr/uploads/Betty_Cole-Graham_Sheet_Music/BCG00483.pdf
484,/sftp/sftp_unr/uploads/Betty_Cole-Graham_Sheet_Music/BCG00484.pdf
496,/sftp/sftp_unr/uploads/Betty_Cole-Graham_Sheet_Music/BCG00485.pdf
467,/sftp/sftp_unr/uploads/Betty_Cole-Graham_Sheet_Music/BCG00486.pdf
466,/sftp/sftp_unr/uploads/Betty_Cole-Graham_Sheet_Music/BCG00487.pdf
483,/sftp/sftp_unr/uploads/Betty_Cole-Graham_Sheet_Music/BCG00488.pdf
468,/sftp/sftp_unr/uploads/Betty_Cole-Graham_Sheet_Music/BCG00489.pdf
465,/sftp/sftp_unr/uploads/Betty_Cole-Graham_Sheet_Music/BCG00490.pdf
471,/sftp/sftp_unr/uploads/Betty_Cole-Graham_Sheet_Music/BCG00491.pdf
485,/sftp/sftp_unr/uploads/Betty_Cole-Graham_Sheet_Music/BCG00492.pdf
461,/sftp/sftp_unr/uploads/Betty_Cole-Graham_Sheet_Music/BCG00493.pdf
470,/sftp/sftp_unr/uploads/Betty_Cole-Graham_Sheet_Music/BCG00494.pdf
473,/sftp/sftp_unr/uploads/Betty_Cole-Graham_Sheet_Music/BCG00495.pdf
469,/sftp/sftp_unr/uploads/Betty_Cole-Graham_Sheet_Music/BCG00496.pdf
478,/sftp/sftp_unr/uploads/Betty_Cole-Graham_Sheet_Music/BCG00497.pdf
474,/sftp/sftp_unr/uploads/Betty_Cole-Graham_Sheet_Music/BCG00498.pdf
488,/sftp/sftp_unr/uploads/Betty_Cole-Graham_Sheet_Music/BCG00499.pdf
480,/sftp/sftp_unr/uploads/Betty_Cole-Graham_Sheet_Music/BCG00500.pdf
500,/sftp/sftp_unr/uploads/Betty_Cole-Graham_Sheet_Music/BCG00501.pdf
498,/sftp/sftp_unr/uploads/Betty_Cole-Graham_Sheet_Music/BCG00502.pdf
477,/sftp/sftp_unr/uploads/Betty_Cole-Graham_Sheet_Music/BCG00503.pdf
482,/sftp/sftp_unr/uploads/Betty_Cole-Graham_Sheet_Music/BCG00504.pdf
460,/sftp/sftp_unr/uploads/Betty_Cole-Graham_Sheet_Music/BCG00505.pdf
497,/sftp/sftp_unr/uploads/Betty_Cole-Graham_Sheet_Music/BCG00506.pdf
499,/sftp/sftp_unr/uploads/Betty_Cole-Graham_Sheet_Music/BCG00507.pdf
489,/sftp/sftp_unr/uploads/Betty_Cole-Graham_Sheet_Music/BCG00508.pdf
481,/sftp/sftp_unr/uploads/Betty_Cole-Graham_Sheet_Music/BCG00509.pdf
492,/sftp/sftp_unr/uploads/Betty_Cole-Graham_Sheet_Music/BCG00510.pdf
486,/sftp/sftp_unr/uploads/Betty_Cole-Graham_Sheet_Music/BCG00511.pdf
490,/sftp/sftp_unr/uploads/Betty_Cole-Graham_Sheet_Music/BCG00512.pdf
494,/sftp/sftp_unr/uploads/Betty_Cole-Graham_Sheet_Music/BCG00513.pdf
464,/sftp/sftp_unr/uploads/Betty_Cole-Graham_Sheet_Music/BCG00514.pdf
463,/sftp/sftp_unr/uploads/Betty_Cole-Graham_Sheet_Music/BCG00515.pdf
475,/sftp/sftp_unr/uploads/Betty_Cole-Graham_Sheet_Music/BCG00516.pdf
508,/sftp/sftp_unr/uploads/Betty_Cole-Graham_Sheet_Music/BCG00517.pdf
507,/sftp/sftp_unr/uploads/Betty_Cole-Graham_Sheet_Music/BCG00518.pdf
516,/sftp/sftp_unr/uploads/Betty_Cole-Graham_Sheet_Music/BCG00519.pdf
512,/sftp/sftp_unr/uploads/Betty_Cole-Graham_Sheet_Music/BCG00520.pdf
514,/sftp/sftp_unr/uploads/Betty_Cole-Graham_Sheet_Music/BCG00521.pdf
515,/sftp/sftp_unr/uploads/Betty_Cole-Graham_Sheet_Music/BCG00522.pdf
503,/sftp/sftp_unr/uploads/Betty_Cole-Graham_Sheet_Music/BCG00523.pdf
510,/sftp/sftp_unr/uploads/Betty_Cole-Graham_Sheet_Music/BCG00524.pdf
502,/sftp/sftp_unr/uploads/Betty_Cole-Graham_Sheet_Music/BCG00525.pdf
509,/sftp/sftp_unr/uploads/Betty_Cole-Graham_Sheet_Music/BCG00526.pdf
511,/sftp/sftp_unr/uploads/Betty_Cole-Graham_Sheet_Music/BCG00527.pdf
501,/sftp/sftp_unr/uploads/Betty_Cole-Graham_Sheet_Music/BCG00528.pdf
504,/sftp/sftp_unr/uploads/Betty_Cole-Graham_Sheet_Music/BCG00529.pdf
513,/sftp/sftp_unr/uploads/Betty_Cole-Graham_Sheet_Music/BCG00530.pdf
534,/sftp/sftp_unr/uploads/Betty_Cole-Graham_Sheet_Music/BCG00531.pdf
505,/sftp/sftp_unr/uploads/Betty_Cole-Graham_Sheet_Music/BCG00532.pdf
521,/sftp/sftp_unr/uploads/Betty_Cole-Graham_Sheet_Music/BCG00533.pdf
506,/sftp/sftp_unr/uploads/Betty_Cole-Graham_Sheet_Music/BCG00534.pdf
526,/sftp/sftp_unr/uploads/Betty_Cole-Graham_Sheet_Music/BCG00535.pdf
522,/sftp/sftp_unr/uploads/Betty_Cole-Graham_Sheet_Music/BCG00536.pdf
517,/sftp/sftp_unr/uploads/Betty_Cole-Graham_Sheet_Music/BCG00537.pdf
533,/sftp/sftp_unr/uploads/Betty_Cole-Graham_Sheet_Music/BCG00538.pdf
518,/sftp/sftp_unr/uploads/Betty_Cole-Graham_Sheet_Music/BCG00539.pdf
527,/sftp/sftp_unr/uploads/Betty_Cole-Graham_Sheet_Music/BCG00540.pdf
525,/sftp/sftp_unr/uploads/Betty_Cole-Graham_Sheet_Music/BCG00541.pdf
519,/sftp/sftp_unr/uploads/Betty_Cole-Graham_Sheet_Music/BCG00542.pdf
524,/sftp/sftp_unr/uploads/Betty_Cole-Graham_Sheet_Music/BCG00543.pdf
528,/sftp/sftp_unr/uploads/Betty_Cole-Graham_Sheet_Music/BCG00544.pdf
520,/sftp/sftp_unr/uploads/Betty_Cole-Graham_Sheet_Music/BCG00545.pdf
532,/sftp/sftp_unr/uploads/Betty_Cole-Graham_Sheet_Music/BCG00546.pdf
523,/sftp/sftp_unr/uploads/Betty_Cole-Graham_Sheet_Music/BCG00547.pdf
531,/sftp/sftp_unr/uploads/Betty_Cole-Graham_Sheet_Music/BCG00548.pdf
529,/sftp/sftp_unr/uploads/Betty_Cole-Graham_Sheet_Music/BCG00549.pdf
530,/sftp/sftp_unr/uploads/Betty_Cole-Graham_Sheet_Music/BCG00550.pdf
554,/sftp/sftp_unr/uploads/Betty_Cole-Graham_Sheet_Music/BCG00551.pdf
545,/sftp/sftp_unr/uploads/Betty_Cole-Graham_Sheet_Music/BCG00552.pdf
542,/sftp/sftp_unr/uploads/Betty_Cole-Graham_Sheet_Music/BCG00553.pdf
544,/sftp/sftp_unr/uploads/Betty_Cole-Graham_Sheet_Music/BCG00554.pdf
563,/sftp/sftp_unr/uploads/Betty_Cole-Graham_Sheet_Music/BCG00555.pdf
541,/sftp/sftp_unr/uploads/Betty_Cole-Graham_Sheet_Music/BCG00556.pdf
552,/sftp/sftp_unr/uploads/Betty_Cole-Graham_Sheet_Music/BCG00557.pdf
562,/sftp/sftp_unr/uploads/Betty_Cole-Graham_Sheet_Music/BCG00558.pdf
556,/sftp/sftp_unr/uploads/Betty_Cole-Graham_Sheet_Music/BCG00559.pdf
559,/sftp/sftp_unr/uploads/Betty_Cole-Graham_Sheet_Music/BCG00560.pdf
537,/sftp/sftp_unr/uploads/Betty_Cole-Graham_Sheet_Music/BCG00561.pdf
535,/sftp/sftp_unr/uploads/Betty_Cole-Graham_Sheet_Music/BCG00562.pdf
561,/sftp/sftp_unr/uploads/Betty_Cole-Graham_Sheet_Music/BCG00563.pdf
546,/sftp/sftp_unr/uploads/Betty_Cole-Graham_Sheet_Music/BCG00564.pdf
536,/sftp/sftp_unr/uploads/Betty_Cole-Graham_Sheet_Music/BCG00565.pdf
549,/sftp/sftp_unr/uploads/Betty_Cole-Graham_Sheet_Music/BCG00566.pdf
538,/sftp/sftp_unr/uploads/Betty_Cole-Graham_Sheet_Music/BCG00567.pdf
555,/sftp/sftp_unr/uploads/Betty_Cole-Graham_Sheet_Music/BCG00568.pdf
540,/sftp/sftp_unr/uploads/Betty_Cole-Graham_Sheet_Music/BCG00569.pdf
551,/sftp/sftp_unr/uploads/Betty_Cole-Graham_Sheet_Music/BCG00570.pdf
560,/sftp/sftp_unr/uploads/Betty_Cole-Graham_Sheet_Music/BCG00571.pdf
548,/sftp/sftp_unr/uploads/Betty_Cole-Graham_Sheet_Music/BCG00572.pdf
539,/sftp/sftp_unr/uploads/Betty_Cole-Graham_Sheet_Music/BCG00573.pdf
547,/sftp/sftp_unr/uploads/Betty_Cole-Graham_Sheet_Music/BCG00574.pdf
550,/sftp/sftp_unr/uploads/Betty_Cole-Graham_Sheet_Music/BCG00575.pdf
589,/sftp/sftp_unr/uploads/Betty_Cole-Graham_Sheet_Music/BCG00576.pdf
592,/sftp/sftp_unr/uploads/Betty_Cole-Graham_Sheet_Music/BCG00577.pdf
570,/sftp/sftp_unr/uploads/Betty_Cole-Graham_Sheet_Music/BCG00578.pdf
569,/sftp/sftp_unr/uploads/Betty_Cole-Graham_Sheet_Music/BCG00579.pdf
578,/sftp/sftp_unr/uploads/Betty_Cole-Graham_Sheet_Music/BCG00580.pdf
609,/sftp/sftp_unr/uploads/Betty_Cole-Graham_Sheet_Music/BCG00581.pdf
584,/sftp/sftp_unr/uploads/Betty_Cole-Graham_Sheet_Music/BCG00582.pdf
600,/sftp/sftp_unr/uploads/Betty_Cole-Graham_Sheet_Music/BCG00583.pdf
572,/sftp/sftp_unr/uploads/Betty_Cole-Graham_Sheet_Music/BCG00584.pdf
593,/sftp/sftp_unr/uploads/Betty_Cole-Graham_Sheet_Music/BCG00585.pdf
573,/sftp/sftp_unr/uploads/Betty_Cole-Graham_Sheet_Music/BCG00586.pdf
604,/sftp/sftp_unr/uploads/Betty_Cole-Graham_Sheet_Music/BCG00587.pdf
580,/sftp/sftp_unr/uploads/Betty_Cole-Graham_Sheet_Music/BCG00588.pdf
566,/sftp/sftp_unr/uploads/Betty_Cole-Graham_Sheet_Music/BCG00589.pdf
567,/sftp/sftp_unr/uploads/Betty_Cole-Graham_Sheet_Music/BCG00590.pdf
597,/sftp/sftp_unr/uploads/Betty_Cole-Graham_Sheet_Music/BCG00591.pdf
587,/sftp/sftp_unr/uploads/Betty_Cole-Graham_Sheet_Music/BCG00592.pdf
574,/sftp/sftp_unr/uploads/Betty_Cole-Graham_Sheet_Music/BCG00593.pdf
598,/sftp/sftp_unr/uploads/Betty_Cole-Graham_Sheet_Music/BCG00594.pdf
605,/sftp/sftp_unr/uploads/Betty_Cole-Graham_Sheet_Music/BCG00595.pdf
579,/sftp/sftp_unr/uploads/Betty_Cole-Graham_Sheet_Music/BCG00596.pdf
607,/sftp/sftp_unr/uploads/Betty_Cole-Graham_Sheet_Music/BCG00597.pdf
591,/sftp/sftp_unr/uploads/Betty_Cole-Graham_Sheet_Music/BCG00598.pdf
565,/sftp/sftp_unr/uploads/Betty_Cole-Graham_Sheet_Music/BCG00599.pdf
583,/sftp/sftp_unr/uploads/Betty_Cole-Graham_Sheet_Music/BCG00600.pdf
577,/sftp/sftp_unr/uploads/Betty_Cole-Graham_Sheet_Music/BCG00601.pdf
602,/sftp/sftp_unr/uploads/Betty_Cole-Graham_Sheet_Music/BCG00602.pdf
581,/sftp/sftp_unr/uploads/Betty_Cole-Graham_Sheet_Music/BCG00603.pdf
568,/sftp/sftp_unr/uploads/Betty_Cole-Graham_Sheet_Music/BCG00604.pdf
606,/sftp/sftp_unr/uploads/Betty_Cole-Graham_Sheet_Music/BCG00605.pdf
595,/sftp/sftp_unr/uploads/Betty_Cole-Graham_Sheet_Music/BCG00606.pdf
585,/sftp/sftp_unr/uploads/Betty_Cole-Graham_Sheet_Music/BCG00607.pdf
596,/sftp/sftp_unr/uploads/Betty_Cole-Graham_Sheet_Music/BCG00608.pdf
588,/sftp/sftp_unr/uploads/Betty_Cole-Graham_Sheet_Music/BCG00609.pdf
603,/sftp/sftp_unr/uploads/Betty_Cole-Graham_Sheet_Music/BCG00610.pdf
594,/sftp/sftp_unr/uploads/Betty_Cole-Graham_Sheet_Music/BCG00611.pdf
608,/sftp/sftp_unr/uploads/Betty_Cole-Graham_Sheet_Music/BCG00612.pdf
582,/sftp/sftp_unr/uploads/Betty_Cole-Graham_Sheet_Music/BCG00613.pdf
599,/sftp/sftp_unr/uploads/Betty_Cole-Graham_Sheet_Music/BCG00614.pdf
571,/sftp/sftp_unr/uploads/Betty_Cole-Graham_Sheet_Music/BCG00615.pdf
601,/sftp/sftp_unr/uploads/Betty_Cole-Graham_Sheet_Music/BCG00616.pdf
590,/sftp/sftp_unr/uploads/Betty_Cole-Graham_Sheet_Music/BCG00617.pdf
586,/sftp/sftp_unr/uploads/Betty_Cole-Graham_Sheet_Music/BCG00618.pdf
575,/sftp/sftp_unr/uploads/Betty_Cole-Graham_Sheet_Music/BCG00619.pdf
576,/sftp/sftp_unr/uploads/Betty_Cole-Graham_Sheet_Music/BCG00620.pdf
616,/sftp/sftp_unr/uploads/Betty_Cole-Graham_Sheet_Music/BCG00621.pdf
613,/sftp/sftp_unr/uploads/Betty_Cole-Graham_Sheet_Music/BCG00622.pdf
618,/sftp/sftp_unr/uploads/Betty_Cole-Graham_Sheet_Music/BCG00623.pdf
612,/sftp/sftp_unr/uploads/Betty_Cole-Graham_Sheet_Music/BCG00624.pdf
611,/sftp/sftp_unr/uploads/Betty_Cole-Graham_Sheet_Music/BCG00625.pdf
617,/sftp/sftp_unr/uploads/Betty_Cole-Graham_Sheet_Music/BCG00626.pdf
628,/sftp/sftp_unr/uploads/Betty_Cole-Graham_Sheet_Music/BCG00627.pdf
610,/sftp/sftp_unr/uploads/Betty_Cole-Graham_Sheet_Music/BCG00628.pdf
614,/sftp/sftp_unr/uploads/Betty_Cole-Graham_Sheet_Music/BCG00629.pdf
615,/sftp/sftp_unr/uploads/Betty_Cole-Graham_Sheet_Music/BCG00630.pdf
632,/sftp/sftp_unr/uploads/Betty_Cole-Graham_Sheet_Music/BCG00631.pdf
652,/sftp/sftp_unr/uploads/Betty_Cole-Graham_Sheet_Music/BCG00632.pdf
637,/sftp/sftp_unr/uploads/Betty_Cole-Graham_Sheet_Music/BCG00633.pdf
643,/sftp/sftp_unr/uploads/Betty_Cole-Graham_Sheet_Music/BCG00634.pdf
664,/sftp/sftp_unr/uploads/Betty_Cole-Graham_Sheet_Music/BCG00635.pdf
631,/sftp/sftp_unr/uploads/Betty_Cole-Graham_Sheet_Music/BCG00636.pdf
650,/sftp/sftp_unr/uploads/Betty_Cole-Graham_Sheet_Music/BCG00637.pdf
661,/sftp/sftp_unr/uploads/Betty_Cole-Graham_Sheet_Music/BCG00638.pdf
663,/sftp/sftp_unr/uploads/Betty_Cole-Graham_Sheet_Music/BCG00639.pdf
630,/sftp/sftp_unr/uploads/Betty_Cole-Graham_Sheet_Music/BCG00640.pdf
641,/sftp/sftp_unr/uploads/Betty_Cole-Graham_Sheet_Music/BCG00641.pdf
636,/sftp/sftp_unr/uploads/Betty_Cole-Graham_Sheet_Music/BCG00642.pdf
645,/sftp/sftp_unr/uploads/Betty_Cole-Graham_Sheet_Music/BCG00643.pdf
649,/sftp/sftp_unr/uploads/Betty_Cole-Graham_Sheet_Music/BCG00644.pdf
654,/sftp/sftp_unr/uploads/Betty_Cole-Graham_Sheet_Music/BCG00645.pdf
647,/sftp/sftp_unr/uploads/Betty_Cole-Graham_Sheet_Music/BCG00646.pdf
659,/sftp/sftp_unr/uploads/Betty_Cole-Graham_Sheet_Music/BCG00647.pdf
634,/sftp/sftp_unr/uploads/Betty_Cole-Graham_Sheet_Music/BCG00648.pdf
622,/sftp/sftp_unr/uploads/Betty_Cole-Graham_Sheet_Music/BCG00649.pdf
662,/sftp/sftp_unr/uploads/Betty_Cole-Graham_Sheet_Music/BCG00650.pdf
633,/sftp/sftp_unr/uploads/Betty_Cole-Graham_Sheet_Music/BCG00651.pdf
657,/sftp/sftp_unr/uploads/Betty_Cole-Graham_Sheet_Music/BCG00652.pdf
651,/sftp/sftp_unr/uploads/Betty_Cole-Graham_Sheet_Music/BCG00653.pdf
625,/sftp/sftp_unr/uploads/Betty_Cole-Graham_Sheet_Music/BCG00654.pdf
626,/sftp/sftp_unr/uploads/Betty_Cole-Graham_Sheet_Music/BCG00655.pdf
623,/sftp/sftp_unr/uploads/Betty_Cole-Graham_Sheet_Music/BCG00656.pdf
653,/sftp/sftp_unr/uploads/Betty_Cole-Graham_Sheet_Music/BCG00657.pdf
655,/sftp/sftp_unr/uploads/Betty_Cole-Graham_Sheet_Music/BCG00658.pdf
621,/sftp/sftp_unr/uploads/Betty_Cole-Graham_Sheet_Music/BCG00659.pdf
629,/sftp/sftp_unr/uploads/Betty_Cole-Graham_Sheet_Music/BCG00660.pdf
639,/sftp/sftp_unr/uploads/Betty_Cole-Graham_Sheet_Music/BCG00661.pdf
620,/sftp/sftp_unr/uploads/Betty_Cole-Graham_Sheet_Music/BCG00662.pdf
624,/sftp/sftp_unr/uploads/Betty_Cole-Graham_Sheet_Music/BCG00663.pdf
635,/sftp/sftp_unr/uploads/Betty_Cole-Graham_Sheet_Music/BCG00664.pdf
638,/sftp/sftp_unr/uploads/Betty_Cole-Graham_Sheet_Music/BCG00665.pdf
627,/sftp/sftp_unr/uploads/Betty_Cole-Graham_Sheet_Music/BCG00666.pdf
660,/sftp/sftp_unr/uploads/Betty_Cole-Graham_Sheet_Music/BCG00667.pdf
644,/sftp/sftp_unr/uploads/Betty_Cole-Graham_Sheet_Music/BCG00668.pdf
648,/sftp/sftp_unr/uploads/Betty_Cole-Graham_Sheet_Music/BCG00669.pdf
658,/sftp/sftp_unr/uploads/Betty_Cole-Graham_Sheet_Music/BCG00670.pdf
642,/sftp/sftp_unr/uploads/Betty_Cole-Graham_Sheet_Music/BCG00671.pdf
646,/sftp/sftp_unr/uploads/Betty_Cole-Graham_Sheet_Music/BCG00672.pdf
619,/sftp/sftp_unr/uploads/Betty_Cole-Graham_Sheet_Music/BCG00673.pdf
640,/sftp/sftp_unr/uploads/Betty_Cole-Graham_Sheet_Music/BCG00674.pdf
656,/sftp/sftp_unr/uploads/Betty_Cole-Graham_Sheet_Music/BCG00675.pdf
729,/sftp/sftp_unr/uploads/Betty_Cole-Graham_Sheet_Music/BCG00701.pdf
713,/sftp/sftp_unr/uploads/Betty_Cole-Graham_Sheet_Music/BCG00702.pdf
681,/sftp/sftp_unr/uploads/Betty_Cole-Graham_Sheet_Music/BCG00703.pdf
723,/sftp/sftp_unr/uploads/Betty_Cole-Graham_Sheet_Music/BCG00704.pdf
677,/sftp/sftp_unr/uploads/Betty_Cole-Graham_Sheet_Music/BCG00705.pdf
676,/sftp/sftp_unr/uploads/Betty_Cole-Graham_Sheet_Music/BCG00706.pdf
678,/sftp/sftp_unr/uploads/Betty_Cole-Graham_Sheet_Music/BCG00707.pdf
701,/sftp/sftp_unr/uploads/Betty_Cole-Graham_Sheet_Music/BCG00708.pdf
704,/sftp/sftp_unr/uploads/Betty_Cole-Graham_Sheet_Music/BCG00709.pdf
668,/sftp/sftp_unr/uploads/Betty_Cole-Graham_Sheet_Music/BCG00710.pdf
707,/sftp/sftp_unr/uploads/Betty_Cole-Graham_Sheet_Music/BCG00711.pdf
708,/sftp/sftp_unr/uploads/Betty_Cole-Graham_Sheet_Music/BCG00712.pdf
706,/sftp/sftp_unr/uploads/Betty_Cole-Graham_Sheet_Music/BCG00713.pdf
734,/sftp/sftp_unr/uploads/Betty_Cole-Graham_Sheet_Music/BCG00714.pdf
705,/sftp/sftp_unr/uploads/Betty_Cole-Graham_Sheet_Music/BCG00715.pdf
718,/sftp/sftp_unr/uploads/Betty_Cole-Graham_Sheet_Music/BCG00716.pdf
721,/sftp/sftp_unr/uploads/Betty_Cole-Graham_Sheet_Music/BCG00717.pdf
670,/sftp/sftp_unr/uploads/Betty_Cole-Graham_Sheet_Music/BCG00718.pdf
720,/sftp/sftp_unr/uploads/Betty_Cole-Graham_Sheet_Music/BCG00719.pdf
731,/sftp/sftp_unr/uploads/Betty_Cole-Graham_Sheet_Music/BCG00720.pdf
716,/sftp/sftp_unr/uploads/Betty_Cole-Graham_Sheet_Music/BCG00721.pdf
710,/sftp/sftp_unr/uploads/Betty_Cole-Graham_Sheet_Music/BCG00722.pdf
669,/sftp/sftp_unr/uploads/Betty_Cole-Graham_Sheet_Music/BCG00723.pdf
722,/sftp/sftp_unr/uploads/Betty_Cole-Graham_Sheet_Music/BCG00724.pdf
726,/sftp/sftp_unr/uploads/Betty_Cole-Graham_Sheet_Music/BCG00725.pdf
939,/sftp/sftp_unr/uploads/Betty_Cole-Graham_Sheet_Music/BCG00726.pdf
823,/sftp/sftp_unr/uploads/Betty_Cole-Graham_Sheet_Music/BCG00727.pdf
857,/sftp/sftp_unr/uploads/Betty_Cole-Graham_Sheet_Music/BCG00728.pdf
796,/sftp/sftp_unr/uploads/Betty_Cole-Graham_Sheet_Music/BCG00729.pdf
1011,/sftp/sftp_unr/uploads/Betty_Cole-Graham_Sheet_Music/BCG00730.pdf
925,/sftp/sftp_unr/uploads/Betty_Cole-Graham_Sheet_Music/BCG00731.pdf
884,/sftp/sftp_unr/uploads/Betty_Cole-Graham_Sheet_Music/BCG00732.pdf
943,/sftp/sftp_unr/uploads/Betty_Cole-Graham_Sheet_Music/BCG00733.pdf
1124,/sftp/sftp_unr/uploads/Betty_Cole-Graham_Sheet_Music/BCG00734.pdf
1001,/sftp/sftp_unr/uploads/Betty_Cole-Graham_Sheet_Music/BCG00735.pdf
888,/sftp/sftp_unr/uploads/Betty_Cole-Graham_Sheet_Music/BCG00736.pdf
971,/sftp/sftp_unr/uploads/Betty_Cole-Graham_Sheet_Music/BCG00737.pdf
1008,/sftp/sftp_unr/uploads/Betty_Cole-Graham_Sheet_Music/BCG00738.pdf
1021,/sftp/sftp_unr/uploads/Betty_Cole-Graham_Sheet_Music/BCG00739.pdf
784,/sftp/sftp_unr/uploads/Betty_Cole-Graham_Sheet_Music/BCG00740.pdf
1134,/sftp/sftp_unr/uploads/Betty_Cole-Graham_Sheet_Music/BCG00741.pdf
1003,/sftp/sftp_unr/uploads/Betty_Cole-Graham_Sheet_Music/BCG00742.pdf
1160,/sftp/sftp_unr/uploads/Betty_Cole-Graham_Sheet_Music/BCG00743.pdf
887,/sftp/sftp_unr/uploads/Betty_Cole-Graham_Sheet_Music/BCG00744.pdf
815,/sftp/sftp_unr/uploads/Betty_Cole-Graham_Sheet_Music/BCG00745.pdf
1159,/sftp/sftp_unr/uploads/Betty_Cole-Graham_Sheet_Music/BCG00746.pdf
1074,/sftp/sftp_unr/uploads/Betty_Cole-Graham_Sheet_Music/BCG00747.pdf
1083,/sftp/sftp_unr/uploads/Betty_Cole-Graham_Sheet_Music/BCG00748.pdf
826,/sftp/sftp_unr/uploads/Betty_Cole-Graham_Sheet_Music/BCG00749.pdf
1015,/sftp/sftp_unr/uploads/Betty_Cole-Graham_Sheet_Music/BCG00750.pdf
702,/sftp/sftp_unr/uploads/Betty_Cole-Graham_Sheet_Music/BCG00751.pdf
673,/sftp/sftp_unr/uploads/Betty_Cole-Graham_Sheet_Music/BCG00752.pdf
728,/sftp/sftp_unr/uploads/Betty_Cole-Graham_Sheet_Music/BCG00753.pdf
717,/sftp/sftp_unr/uploads/Betty_Cole-Graham_Sheet_Music/BCG00754.pdf
666,/sftp/sftp_unr/uploads/Betty_Cole-Graham_Sheet_Music/BCG00755.pdf
714,/sftp/sftp_unr/uploads/Betty_Cole-Graham_Sheet_Music/BCG00756.pdf
684,/sftp/sftp_unr/uploads/Betty_Cole-Graham_Sheet_Music/BCG00757.pdf
727,/sftp/sftp_unr/uploads/Betty_Cole-Graham_Sheet_Music/BCG00758.pdf
679,/sftp/sftp_unr/uploads/Betty_Cole-Graham_Sheet_Music/BCG00759.pdf
687,/sftp/sftp_unr/uploads/Betty_Cole-Graham_Sheet_Music/BCG00760.pdf
683,/sftp/sftp_unr/uploads/Betty_Cole-Graham_Sheet_Music/BCG00761.pdf
698,/sftp/sftp_unr/uploads/Betty_Cole-Graham_Sheet_Music/BCG00762.pdf
703,/sftp/sftp_unr/uploads/Betty_Cole-Graham_Sheet_Music/BCG00763.pdf
700,/sftp/sftp_unr/uploads/Betty_Cole-Graham_Sheet_Music/BCG00764.pdf
730,/sftp/sftp_unr/uploads/Betty_Cole-Graham_Sheet_Music/BCG00765.pdf
712,/sftp/sftp_unr/uploads/Betty_Cole-Graham_Sheet_Music/BCG00766.pdf
665,/sftp/sftp_unr/uploads/Betty_Cole-Graham_Sheet_Music/BCG00767.pdf
680,/sftp/sftp_unr/uploads/Betty_Cole-Graham_Sheet_Music/BCG00768.pdf
685,/sftp/sftp_unr/uploads/Betty_Cole-Graham_Sheet_Music/BCG00769.pdf
695,/sftp/sftp_unr/uploads/Betty_Cole-Graham_Sheet_Music/BCG00770.pdf
719,/sftp/sftp_unr/uploads/Betty_Cole-Graham_Sheet_Music/BCG00771.pdf
692,/sftp/sftp_unr/uploads/Betty_Cole-Graham_Sheet_Music/BCG00772.pdf
699,/sftp/sftp_unr/uploads/Betty_Cole-Graham_Sheet_Music/BCG00773.pdf
690,/sftp/sftp_unr/uploads/Betty_Cole-Graham_Sheet_Music/BCG00774.pdf
671,/sftp/sftp_unr/uploads/Betty_Cole-Graham_Sheet_Music/BCG00775.pdf
686,/sftp/sftp_unr/uploads/Betty_Cole-Graham_Sheet_Music/BCG00776.pdf
674,/sftp/sftp_unr/uploads/Betty_Cole-Graham_Sheet_Music/BCG00777.pdf
682,/sftp/sftp_unr/uploads/Betty_Cole-Graham_Sheet_Music/BCG00778.pdf
724,/sftp/sftp_unr/uploads/Betty_Cole-Graham_Sheet_Music/BCG00779.pdf
689,/sftp/sftp_unr/uploads/Betty_Cole-Graham_Sheet_Music/BCG00780.pdf
672,/sftp/sftp_unr/uploads/Betty_Cole-Graham_Sheet_Music/BCG00781.pdf
725,/sftp/sftp_unr/uploads/Betty_Cole-Graham_Sheet_Music/BCG00782.pdf
667,/sftp/sftp_unr/uploads/Betty_Cole-Graham_Sheet_Music/BCG00783.pdf
688,/sftp/sftp_unr/uploads/Betty_Cole-Graham_Sheet_Music/BCG00784.pdf
675,/sftp/sftp_unr/uploads/Betty_Cole-Graham_Sheet_Music/BCG00785.pdf
715,/sftp/sftp_unr/uploads/Betty_Cole-Graham_Sheet_Music/BCG00786.pdf
709,/sftp/sftp_unr/uploads/Betty_Cole-Graham_Sheet_Music/BCG00787.pdf
711,/sftp/sftp_unr/uploads/Betty_Cole-Graham_Sheet_Music/BCG00788.pdf
696,/sftp/sftp_unr/uploads/Betty_Cole-Graham_Sheet_Music/BCG00789.pdf
694,/sftp/sftp_unr/uploads/Betty_Cole-Graham_Sheet_Music/BCG00790.pdf
691,/sftp/sftp_unr/uploads/Betty_Cole-Graham_Sheet_Music/BCG00791.pdf
697,/sftp/sftp_unr/uploads/Betty_Cole-Graham_Sheet_Music/BCG00792.pdf
693,/sftp/sftp_unr/uploads/Betty_Cole-Graham_Sheet_Music/BCG00793.pdf
733,/sftp/sftp_unr/uploads/Betty_Cole-Graham_Sheet_Music/BCG00794.pdf
732,/sftp/sftp_unr/uploads/Betty_Cole-Graham_Sheet_Music/BCG00795.pdf
737,/sftp/sftp_unr/uploads/Betty_Cole-Graham_Sheet_Music/BCG00796.pdf
752,/sftp/sftp_unr/uploads/Betty_Cole-Graham_Sheet_Music/BCG00797.pdf
759,/sftp/sftp_unr/uploads/Betty_Cole-Graham_Sheet_Music/BCG00798.pdf
748,/sftp/sftp_unr/uploads/Betty_Cole-Graham_Sheet_Music/BCG00799.pdf
745,/sftp/sftp_unr/uploads/Betty_Cole-Graham_Sheet_Music/BCG00800.pdf
741,/sftp/sftp_unr/uploads/Betty_Cole-Graham_Sheet_Music/BCG00801.pdf
743,/sftp/sftp_unr/uploads/Betty_Cole-Graham_Sheet_Music/BCG00802.pdf
757,/sftp/sftp_unr/uploads/Betty_Cole-Graham_Sheet_Music/BCG00803.pdf
749,/sftp/sftp_unr/uploads/Betty_Cole-Graham_Sheet_Music/BCG00804.pdf
736,/sftp/sftp_unr/uploads/Betty_Cole-Graham_Sheet_Music/BCG00805.pdf
735,/sftp/sftp_unr/uploads/Betty_Cole-Graham_Sheet_Music/BCG00806.pdf
739,/sftp/sftp_unr/uploads/Betty_Cole-Graham_Sheet_Music/BCG00807.pdf
747,/sftp/sftp_unr/uploads/Betty_Cole-Graham_Sheet_Music/BCG00808.pdf
742,/sftp/sftp_unr/uploads/Betty_Cole-Graham_Sheet_Music/BCG00809.pdf
740,/sftp/sftp_unr/uploads/Betty_Cole-Graham_Sheet_Music/BCG00810.pdf
753,/sftp/sftp_unr/uploads/Betty_Cole-Graham_Sheet_Music/BCG00811.pdf
758,/sftp/sftp_unr/uploads/Betty_Cole-Graham_Sheet_Music/BCG00812.pdf
756,/sftp/sftp_unr/uploads/Betty_Cole-Graham_Sheet_Music/BCG00813.pdf
755,/sftp/sftp_unr/uploads/Betty_Cole-Graham_Sheet_Music/BCG00814.pdf
744,/sftp/sftp_unr/uploads/Betty_Cole-Graham_Sheet_Music/BCG00815.pdf
746,/sftp/sftp_unr/uploads/Betty_Cole-Graham_Sheet_Music/BCG00816.pdf
754,/sftp/sftp_unr/uploads/Betty_Cole-Graham_Sheet_Music/BCG00817.pdf
738,/sftp/sftp_unr/uploads/Betty_Cole-Graham_Sheet_Music/BCG00818.pdf
751,/sftp/sftp_unr/uploads/Betty_Cole-Graham_Sheet_Music/BCG00819.pdf
750,/sftp/sftp_unr/uploads/Betty_Cole-Graham_Sheet_Music/BCG00820.pdf
763,/sftp/sftp_unr/uploads/Betty_Cole-Graham_Sheet_Music/BCG00821.pdf
760,/sftp/sftp_unr/uploads/Betty_Cole-Graham_Sheet_Music/BCG00822.pdf
1137,/sftp/sftp_unr/uploads/Betty_Cole-Graham_Sheet_Music/BCG00823.pdf
762,/sftp/sftp_unr/uploads/Betty_Cole-Graham_Sheet_Music/BCG00824.pdf
761,/sftp/sftp_unr/uploads/Betty_Cole-Graham_Sheet_Music/BCG00825.pdf
764,/sftp/sftp_unr/uploads/Betty_Cole-Graham_Sheet_Music/BCG00826.pdf
765,/sftp/sftp_unr/uploads/Betty_Cole-Graham_Sheet_Music/BCG00827.pdf
870,/sftp/sftp_unr/uploads/Betty_Cole-Graham_Sheet_Music/BCG00828.pdf
771,/sftp/sftp_unr/uploads/Betty_Cole-Graham_Sheet_Music/BCG00829.pdf
1000,/sftp/sftp_unr/uploads/Betty_Cole-Graham_Sheet_Music/BCG00830.pdf
861,/sftp/sftp_unr/uploads/Betty_Cole-Graham_Sheet_Music/BCG00831.pdf
1054,/sftp/sftp_unr/uploads/Betty_Cole-Graham_Sheet_Music/BCG00832.pdf
1102,/sftp/sftp_unr/uploads/Betty_Cole-Graham_Sheet_Music/BCG00833.pdf
775,/sftp/sftp_unr/uploads/Betty_Cole-Graham_Sheet_Music/BCG00834.pdf
767,/sftp/sftp_unr/uploads/Betty_Cole-Graham_Sheet_Music/BCG00835.pdf
988,/sftp/sftp_unr/uploads/Betty_Cole-Graham_Sheet_Music/BCG00836.pdf
817,/sftp/sftp_unr/uploads/Betty_Cole-Graham_Sheet_Music/BCG00837.pdf
835,/sftp/sftp_unr/uploads/Betty_Cole-Graham_Sheet_Music/BCG00838.pdf
1086,/sftp/sftp_unr/uploads/Betty_Cole-Graham_Sheet_Music/BCG00839.pdf
942,/sftp/sftp_unr/uploads/Betty_Cole-Graham_Sheet_Music/BCG00840.pdf
779,/sftp/sftp_unr/uploads/Betty_Cole-Graham_Sheet_Music/BCG00841.pdf
1069,/sftp/sftp_unr/uploads/Betty_Cole-Graham_Sheet_Music/BCG00842.pdf
874,/sftp/sftp_unr/uploads/Betty_Cole-Graham_Sheet_Music/BCG00843.pdf
788,/sftp/sftp_unr/uploads/Betty_Cole-Graham_Sheet_Music/BCG00844.pdf
830,/sftp/sftp_unr/uploads/Betty_Cole-Graham_Sheet_Music/BCG00845.pdf
1148,/sftp/sftp_unr/uploads/Betty_Cole-Graham_Sheet_Music/BCG00846.pdf
1139,/sftp/sftp_unr/uploads/Betty_Cole-Graham_Sheet_Music/BCG00847.pdf
1162,/sftp/sftp_unr/uploads/Betty_Cole-Graham_Sheet_Music/BCG00848.pdf
799,/sftp/sftp_unr/uploads/Betty_Cole-Graham_Sheet_Music/BCG00849.pdf
1099,/sftp/sftp_unr/uploads/Betty_Cole-Graham_Sheet_Music/BCG00850.pdf
1019,/sftp/sftp_unr/uploads/Betty_Cole-Graham_Sheet_Music/BCG00851.pdf
777,/sftp/sftp_unr/uploads/Betty_Cole-Graham_Sheet_Music/BCG00852.pdf
1035,/sftp/sftp_unr/uploads/Betty_Cole-Graham_Sheet_Music/BCG00853.pdf
1146,/sftp/sftp_unr/uploads/Betty_Cole-Graham_Sheet_Music/BCG00854.pdf
912,/sftp/sftp_unr/uploads/Betty_Cole-Graham_Sheet_Music/BCG00855.pdf
1005,/sftp/sftp_unr/uploads/Betty_Cole-Graham_Sheet_Music/BCG00856.pdf
833,/sftp/sftp_unr/uploads/Betty_Cole-Graham_Sheet_Music/BCG00857.pdf
902,/sftp/sftp_unr/uploads/Betty_Cole-Graham_Sheet_Music/BCG00858.pdf
983,/sftp/sftp_unr/uploads/Betty_Cole-Graham_Sheet_Music/BCG00859.pdf
780,/sftp/sftp_unr/uploads/Betty_Cole-Graham_Sheet_Music/BCG00860.pdf
1075,/sftp/sftp_unr/uploads/Betty_Cole-Graham_Sheet_Music/BCG00861.pdf
1101,/sftp/sftp_unr/uploads/Betty_Cole-Graham_Sheet_Music/BCG00863.pdf
1103,/sftp/sftp_unr/uploads/Betty_Cole-Graham_Sheet_Music/BCG00864.pdf
891,/sftp/sftp_unr/uploads/Betty_Cole-Graham_Sheet_Music/BCG00865.pdf
1087,/sftp/sftp_unr/uploads/Betty_Cole-Graham_Sheet_Music/BCG00866.pdf
864,/sftp/sftp_unr/uploads/Betty_Cole-Graham_Sheet_Music/BCG00867.pdf
1091,/sftp/sftp_unr/uploads/Betty_Cole-Graham_Sheet_Music/BCG00868.pdf
810,/sftp/sftp_unr/uploads/Betty_Cole-Graham_Sheet_Music/BCG00869.pdf
1031,/sftp/sftp_unr/uploads/Betty_Cole-Graham_Sheet_Music/BCG00870.pdf
926,/sftp/sftp_unr/uploads/Betty_Cole-Graham_Sheet_Music/BCG00871.pdf
1059,/sftp/sftp_unr/uploads/Betty_Cole-Graham_Sheet_Music/BCG00872.pdf
1053,/sftp/sftp_unr/uploads/Betty_Cole-Graham_Sheet_Music/BCG00873.pdf
1002,/sftp/sftp_unr/uploads/Betty_Cole-Graham_Sheet_Music/BCG00874.pdf
820,/sftp/sftp_unr/uploads/Betty_Cole-Graham_Sheet_Music/BCG00875.pdf
1097,/sftp/sftp_unr/uploads/Betty_Cole-Graham_Sheet_Music/BCG00876.pdf
923,/sftp/sftp_unr/uploads/Betty_Cole-Graham_Sheet_Music/BCG00877.pdf
897,/sftp/sftp_unr/uploads/Betty_Cole-Graham_Sheet_Music/BCG00878.pdf
819,/sftp/sftp_unr/uploads/Betty_Cole-Graham_Sheet_Music/BCG00879.pdf
832,/sftp/sftp_unr/uploads/Betty_Cole-Graham_Sheet_Music/BCG00880.pdf
883,/sftp/sftp_unr/uploads/Betty_Cole-Graham_Sheet_Music/BCG00881.pdf
800,/sftp/sftp_unr/uploads/Betty_Cole-Graham_Sheet_Music/BCG00882.pdf
806,/sftp/sftp_unr/uploads/Betty_Cole-Graham_Sheet_Music/BCG00883.pdf
839,/sftp/sftp_unr/uploads/Betty_Cole-Graham_Sheet_Music/BCG00884.pdf
1144,/sftp/sftp_unr/uploads/Betty_Cole-Graham_Sheet_Music/BCG00885.pdf
1029,/sftp/sftp_unr/uploads/Betty_Cole-Graham_Sheet_Music/BCG00886.pdf
873,/sftp/sftp_unr/uploads/Betty_Cole-Graham_Sheet_Music/BCG00887.pdf
920,/sftp/sftp_unr/uploads/Betty_Cole-Graham_Sheet_Music/BCG00888.pdf
962,/sftp/sftp_unr/uploads/Betty_Cole-Graham_Sheet_Music/BCG00889.pdf
1052,/sftp/sftp_unr/uploads/Betty_Cole-Graham_Sheet_Music/BCG00890.pdf
772,/sftp/sftp_unr/uploads/Betty_Cole-Graham_Sheet_Music/BCG00891.pdf
808,/sftp/sftp_unr/uploads/Betty_Cole-Graham_Sheet_Music/BCG00892.pdf
849,/sftp/sftp_unr/uploads/Betty_Cole-Graham_Sheet_Music/BCG00893.pdf
770,/sftp/sftp_unr/uploads/Betty_Cole-Graham_Sheet_Music/BCG00894.pdf
785,/sftp/sftp_unr/uploads/Betty_Cole-Graham_Sheet_Music/BCG00895.pdf
818,/sftp/sftp_unr/uploads/Betty_Cole-Graham_Sheet_Music/BCG00896.pdf
1049,/sftp/sftp_unr/uploads/Betty_Cole-Graham_Sheet_Music/BCG00897.pdf
827,/sftp/sftp_unr/uploads/Betty_Cole-Graham_Sheet_Music/BCG00898.pdf
1048,/sftp/sftp_unr/uploads/Betty_Cole-Graham_Sheet_Music/BCG00899.pdf
1082,/sftp/sftp_unr/uploads/Betty_Cole-Graham_Sheet_Music/BCG00900.pdf
1045,/sftp/sftp_unr/uploads/Betty_Cole-Graham_Sheet_Music/BCG00901.pdf
1016,/sftp/sftp_unr/uploads/Betty_Cole-Graham_Sheet_Music/BCG00902.pdf
781,/sftp/sftp_unr/uploads/Betty_Cole-Graham_Sheet_Music/BCG00903.pdf
944,/sftp/sftp_unr/uploads/Betty_Cole-Graham_Sheet_Music/BCG00904.pdf
1151,/sftp/sftp_unr/uploads/Betty_Cole-Graham_Sheet_Music/BCG00905.pdf
804,/sftp/sftp_unr/uploads/Betty_Cole-Graham_Sheet_Music/BCG00906.pdf
1027,/sftp/sftp_unr/uploads/Betty_Cole-Graham_Sheet_Music/BCG00907.pdf
792,/sftp/sftp_unr/uploads/Betty_Cole-Graham_Sheet_Music/BCG00908.pdf
794,/sftp/sftp_unr/uploads/Betty_Cole-Graham_Sheet_Music/BCG00909.pdf
1135,/sftp/sftp_unr/uploads/Betty_Cole-Graham_Sheet_Music/BCG00910.pdf
789,/sftp/sftp_unr/uploads/Betty_Cole-Graham_Sheet_Music/BCG00911.pdf
906,/sftp/sftp_unr/uploads/Betty_Cole-Graham_Sheet_Music/BCG00912.pdf
1080,/sftp/sftp_unr/uploads/Betty_Cole-Graham_Sheet_Music/BCG00913.pdf
880,/sftp/sftp_unr/uploads/Betty_Cole-Graham_Sheet_Music/BCG00914.pdf
840,/sftp/sftp_unr/uploads/Betty_Cole-Graham_Sheet_Music/BCG00915.pdf
1036,/sftp/sftp_unr/uploads/Betty_Cole-Graham_Sheet_Music/BCG00916.pdf
1039,/sftp/sftp_unr/uploads/Betty_Cole-Graham_Sheet_Music/BCG00917.pdf
872,/sftp/sftp_unr/uploads/Betty_Cole-Graham_Sheet_Music/BCG00918.pdf
982,/sftp/sftp_unr/uploads/Betty_Cole-Graham_Sheet_Music/BCG00919.pdf
1141,/sftp/sftp_unr/uploads/Betty_Cole-Graham_Sheet_Music/BCG00920.pdf
1060,/sftp/sftp_unr/uploads/Betty_Cole-Graham_Sheet_Music/BCG00921.pdf
862,/sftp/sftp_unr/uploads/Betty_Cole-Graham_Sheet_Music/BCG00922.pdf
769,/sftp/sftp_unr/uploads/Betty_Cole-Graham_Sheet_Music/BCG00923.pdf
766,/sftp/sftp_unr/uploads/Betty_Cole-Graham_Sheet_Music/BCG00924.pdf
829,/sftp/sftp_unr/uploads/Betty_Cole-Graham_Sheet_Music/BCG00925.pdf
949,/sftp/sftp_unr/uploads/Betty_Cole-Graham_Sheet_Music/BCG00926.pdf
845,/sftp/sftp_unr/uploads/Betty_Cole-Graham_Sheet_Music/BCG00927.pdf
1126,/sftp/sftp_unr/uploads/Betty_Cole-Graham_Sheet_Music/BCG00928.pdf
1123,/sftp/sftp_unr/uploads/Betty_Cole-Graham_Sheet_Music/BCG00929.pdf
984,/sftp/sftp_unr/uploads/Betty_Cole-Graham_Sheet_Music/BCG00930.pdf
1026,/sftp/sftp_unr/uploads/Betty_Cole-Graham_Sheet_Music/BCG00931.pdf
1012,/sftp/sftp_unr/uploads/Betty_Cole-Graham_Sheet_Music/BCG00932.pdf
1061,/sftp/sftp_unr/uploads/Betty_Cole-Graham_Sheet_Music/BCG00933.pdf
1030,/sftp/sftp_unr/uploads/Betty_Cole-Graham_Sheet_Music/BCG00934.pdf
831,/sftp/sftp_unr/uploads/Betty_Cole-Graham_Sheet_Music/BCG00935.pdf
1142,/sftp/sftp_unr/uploads/Betty_Cole-Graham_Sheet_Music/BCG00936.pdf
956,/sftp/sftp_unr/uploads/Betty_Cole-Graham_Sheet_Music/BCG00937.pdf
1100,/sftp/sftp_unr/uploads/Betty_Cole-Graham_Sheet_Music/BCG00938.pdf
809,/sftp/sftp_unr/uploads/Betty_Cole-Graham_Sheet_Music/BCG00939.pdf
1062,/sftp/sftp_unr/uploads/Betty_Cole-Graham_Sheet_Music/BCG00940.pdf
1055,/sftp/sftp_unr/uploads/Betty_Cole-Graham_Sheet_Music/BCG00941.pdf
858,/sftp/sftp_unr/uploads/Betty_Cole-Graham_Sheet_Music/BCG00942.pdf
1111,/sftp/sftp_unr/uploads/Betty_Cole-Graham_Sheet_Music/BCG00943.pdf
1051,/sftp/sftp_unr/uploads/Betty_Cole-Graham_Sheet_Music/BCG00944.pdf
1025,/sftp/sftp_unr/uploads/Betty_Cole-Graham_Sheet_Music/BCG00945.pdf
795,/sftp/sftp_unr/uploads/Betty_Cole-Graham_Sheet_Music/BCG00946.pdf
821,/sftp/sftp_unr/uploads/Betty_Cole-Graham_Sheet_Music/BCG00947.pdf
1122,/sftp/sftp_unr/uploads/Betty_Cole-Graham_Sheet_Music/BCG00948.pdf
1106,/sftp/sftp_unr/uploads/Betty_Cole-Graham_Sheet_Music/BCG00949.pdf
801,/sftp/sftp_unr/uploads/Betty_Cole-Graham_Sheet_Music/BCG00950.pdf
1065,/sftp/sftp_unr/uploads/Betty_Cole-Graham_Sheet_Music/BCG00951.pdf
868,/sftp/sftp_unr/uploads/Betty_Cole-Graham_Sheet_Music/BCG00952.pdf
1089,/sftp/sftp_unr/uploads/Betty_Cole-Graham_Sheet_Music/BCG00953.pdf
1072,/sftp/sftp_unr/uploads/Betty_Cole-Graham_Sheet_Music/BCG00954.pdf
1107,/sftp/sftp_unr/uploads/Betty_Cole-Graham_Sheet_Music/BCG00955.pdf
782,/sftp/sftp_unr/uploads/Betty_Cole-Graham_Sheet_Music/BCG00956.pdf
1130,/sftp/sftp_unr/uploads/Betty_Cole-Graham_Sheet_Music/BCG00957.pdf
1163,/sftp/sftp_unr/uploads/Betty_Cole-Graham_Sheet_Music/BCG00958.pdf
876,/sftp/sftp_unr/uploads/Betty_Cole-Graham_Sheet_Music/BCG00959.pdf
1095,/sftp/sftp_unr/uploads/Betty_Cole-Graham_Sheet_Music/BCG00960.pdf
1152,/sftp/sftp_unr/uploads/Betty_Cole-Graham_Sheet_Music/BCG00961.pdf
980,/sftp/sftp_unr/uploads/Betty_Cole-Graham_Sheet_Music/BCG00962.pdf
1073,/sftp/sftp_unr/uploads/Betty_Cole-Graham_Sheet_Music/BCG00963.pdf
1033,/sftp/sftp_unr/uploads/Betty_Cole-Graham_Sheet_Music/BCG00964.pdf
787,/sftp/sftp_unr/uploads/Betty_Cole-Graham_Sheet_Music/BCG00965.pdf
1066,/sftp/sftp_unr/uploads/Betty_Cole-Graham_Sheet_Music/BCG00966.pdf
1041,/sftp/sftp_unr/uploads/Betty_Cole-Graham_Sheet_Music/BCG00967.pdf
879,/sftp/sftp_unr/uploads/Betty_Cole-Graham_Sheet_Music/BCG00968.pdf
1077,/sftp/sftp_unr/uploads/Betty_Cole-Graham_Sheet_Music/BCG00969.pdf
871,/sftp/sftp_unr/uploads/Betty_Cole-Graham_Sheet_Music/BCG00970.pdf
773,/sftp/sftp_unr/uploads/Betty_Cole-Graham_Sheet_Music/BCG00971.pdf
869,/sftp/sftp_unr/uploads/Betty_Cole-Graham_Sheet_Music/BCG00972.pdf
859,/sftp/sftp_unr/uploads/Betty_Cole-Graham_Sheet_Music/BCG00973.pdf
790,/sftp/sftp_unr/uploads/Betty_Cole-Graham_Sheet_Music/BCG00974.pdf
907,/sftp/sftp_unr/uploads/Betty_Cole-Graham_Sheet_Music/BCG00975.pdf
1154,/sftp/sftp_unr/uploads/Betty_Cole-Graham_Sheet_Music/BCG00976.pdf
805,/sftp/sftp_unr/uploads/Betty_Cole-Graham_Sheet_Music/BCG00977.pdf
916,/sftp/sftp_unr/uploads/Betty_Cole-Graham_Sheet_Music/BCG00978.pdf
866,/sftp/sftp_unr/uploads/Betty_Cole-Graham_Sheet_Music/BCG00979.pdf
1018,/sftp/sftp_unr/uploads/Betty_Cole-Graham_Sheet_Music/BCG00980.pdf
1079,/sftp/sftp_unr/uploads/Betty_Cole-Graham_Sheet_Music/BCG00981.pdf
1098,/sftp/sftp_unr/uploads/Betty_Cole-Graham_Sheet_Music/BCG00982.pdf
899,/sftp/sftp_unr/uploads/Betty_Cole-Graham_Sheet_Music/BCG00983.pdf
1096,/sftp/sftp_unr/uploads/Betty_Cole-Graham_Sheet_Music/BCG00984.pdf
1007,/sftp/sftp_unr/uploads/Betty_Cole-Graham_Sheet_Music/BCG00986.pdf
1136,/sftp/sftp_unr/uploads/Betty_Cole-Graham_Sheet_Music/BCG00987.pdf
1050,/sftp/sftp_unr/uploads/Betty_Cole-Graham_Sheet_Music/BCG00988.pdf
1004,/sftp/sftp_unr/uploads/Betty_Cole-Graham_Sheet_Music/BCG00989.pdf
994,/sftp/sftp_unr/uploads/Betty_Cole-Graham_Sheet_Music/BCG00990.pdf
965,/sftp/sftp_unr/uploads/Betty_Cole-Graham_Sheet_Music/BCG00991.pdf
783,/sftp/sftp_unr/uploads/Betty_Cole-Graham_Sheet_Music/BCG00992.pdf
1017,/sftp/sftp_unr/uploads/Betty_Cole-Graham_Sheet_Music/BCG00993.pdf
908,/sftp/sftp_unr/uploads/Betty_Cole-Graham_Sheet_Music/BCG00994.pdf
778,/sftp/sftp_unr/uploads/Betty_Cole-Graham_Sheet_Music/BCG00995.pdf
987,/sftp/sftp_unr/uploads/Betty_Cole-Graham_Sheet_Music/BCG00996.pdf
963,/sftp/sftp_unr/uploads/Betty_Cole-Graham_Sheet_Music/BCG00997.pdf
846,/sftp/sftp_unr/uploads/Betty_Cole-Graham_Sheet_Music/BCG00998.pdf
1127,/sftp/sftp_unr/uploads/Betty_Cole-Graham_Sheet_Music/BCG00999.pdf
1131,/sftp/sftp_unr/uploads/Betty_Cole-Graham_Sheet_Music/BCG01000.pdf
854,/sftp/sftp_unr/uploads/Betty_Cole-Graham_Sheet_Music/BCG01001.pdf
919,/sftp/sftp_unr/uploads/Betty_Cole-Graham_Sheet_Music/BCG01002.pdf
931,/sftp/sftp_unr/uploads/Betty_Cole-Graham_Sheet_Music/BCG01003.pdf
1108,/sftp/sftp_unr/uploads/Betty_Cole-Graham_Sheet_Music/BCG01004.pdf
1120,/sftp/sftp_unr/uploads/Betty_Cole-Graham_Sheet_Music/BCG01005.pdf
1149,/sftp/sftp_unr/uploads/Betty_Cole-Graham_Sheet_Music/BCG01006.pdf
768,/sftp/sftp_unr/uploads/Betty_Cole-Graham_Sheet_Music/BCG01007.pdf
1128,/sftp/sftp_unr/uploads/Betty_Cole-Graham_Sheet_Music/BCG01008.pdf
844,/sftp/sftp_unr/uploads/Betty_Cole-Graham_Sheet_Music/BCG01009.pdf
1046,/sftp/sftp_unr/uploads/Betty_Cole-Graham_Sheet_Music/BCG01010.pdf
1028,/sftp/sftp_unr/uploads/Betty_Cole-Graham_Sheet_Music/BCG01011.pdf
967,/sftp/sftp_unr/uploads/Betty_Cole-Graham_Sheet_Music/BCG01012.pdf
841,/sftp/sftp_unr/uploads/Betty_Cole-Graham_Sheet_Music/BCG01013.pdf
901,/sftp/sftp_unr/uploads/Betty_Cole-Graham_Sheet_Music/BCG01014.pdf
1013,/sftp/sftp_unr/uploads/Betty_Cole-Graham_Sheet_Music/BCG01015.pdf
964,/sftp/sftp_unr/uploads/Betty_Cole-Graham_Sheet_Music/BCG01016.pdf
993,/sftp/sftp_unr/uploads/Betty_Cole-Graham_Sheet_Music/BCG01017.pdf
791,/sftp/sftp_unr/uploads/Betty_Cole-Graham_Sheet_Music/BCG01018.pdf
1064,/sftp/sftp_unr/uploads/Betty_Cole-Graham_Sheet_Music/BCG01019.pdf
1150,/sftp/sftp_unr/uploads/Betty_Cole-Graham_Sheet_Music/BCG01020.pdf
838,/sftp/sftp_unr/uploads/Betty_Cole-Graham_Sheet_Music/BCG01021.pdf
843,/sftp/sftp_unr/uploads/Betty_Cole-Graham_Sheet_Music/BCG01022.pdf
1037,/sftp/sftp_unr/uploads/Betty_Cole-Graham_Sheet_Music/BCG01023.pdf
1024,/sftp/sftp_unr/uploads/Betty_Cole-Graham_Sheet_Music/BCG01024.pdf
892,/sftp/sftp_unr/uploads/Betty_Cole-Graham_Sheet_Music/BCG01025.pdf
813,/sftp/sftp_unr/uploads/Betty_Cole-Graham_Sheet_Music/BCG01026.pdf
1129,/sftp/sftp_unr/uploads/Betty_Cole-Graham_Sheet_Music/BCG01027.pdf
953,/sftp/sftp_unr/uploads/Betty_Cole-Graham_Sheet_Music/BCG01028.pdf
930,/sftp/sftp_unr/uploads/Betty_Cole-Graham_Sheet_Music/BCG01029.pdf
812,/sftp/sftp_unr/uploads/Betty_Cole-Graham_Sheet_Music/BCG01030.pdf
1133,/sftp/sftp_unr/uploads/Betty_Cole-Graham_Sheet_Music/BCG01031.pdf
929,/sftp/sftp_unr/uploads/Betty_Cole-Graham_Sheet_Music/BCG01032.pdf
1078,/sftp/sftp_unr/uploads/Betty_Cole-Graham_Sheet_Music/BCG01033.pdf
914,/sftp/sftp_unr/uploads/Betty_Cole-Graham_Sheet_Music/BCG01034.pdf
1071,/sftp/sftp_unr/uploads/Betty_Cole-Graham_Sheet_Music/BCG01035.pdf
1020,/sftp/sftp_unr/uploads/Betty_Cole-Graham_Sheet_Music/BCG01036.pdf
903,/sftp/sftp_unr/uploads/Betty_Cole-Graham_Sheet_Music/BCG01037.pdf
877,/sftp/sftp_unr/uploads/Betty_Cole-Graham_Sheet_Music/BCG01038.pdf
995,/sftp/sftp_unr/uploads/Betty_Cole-Graham_Sheet_Music/BCG01039.pdf
973,/sftp/sftp_unr/uploads/Betty_Cole-Graham_Sheet_Music/BCG01040.pdf
915,/sftp/sftp_unr/uploads/Betty_Cole-Graham_Sheet_Music/BCG01041.pdf
1158,/sftp/sftp_unr/uploads/Betty_Cole-Graham_Sheet_Music/BCG01042.pdf
1109,/sftp/sftp_unr/uploads/Betty_Cole-Graham_Sheet_Music/BCG01043.pdf
1161,/sftp/sftp_unr/uploads/Betty_Cole-Graham_Sheet_Music/BCG01044.pdf
1164,/sftp/sftp_unr/uploads/Betty_Cole-Graham_Sheet_Music/BCG01045.pdf
1040,/sftp/sftp_unr/uploads/Betty_Cole-Graham_Sheet_Music/BCG01046.pdf
1088,/sftp/sftp_unr/uploads/Betty_Cole-Graham_Sheet_Music/BCG01047.pdf
797,/sftp/sftp_unr/uploads/Betty_Cole-Graham_Sheet_Music/BCG01048.pdf
1125,/sftp/sftp_unr/uploads/Betty_Cole-Graham_Sheet_Music/BCG01049.pdf
793,/sftp/sftp_unr/uploads/Betty_Cole-Graham_Sheet_Music/BCG01050.pdf
933,/sftp/sftp_unr/uploads/Betty_Cole-Graham_Sheet_Music/BCG01051.pdf
985,/sftp/sftp_unr/uploads/Betty_Cole-Graham_Sheet_Music/BCG01052.pdf
974,/sftp/sftp_unr/uploads/Betty_Cole-Graham_Sheet_Music/BCG01053.pdf
1242,/sftp/sftp_unr/uploads/Betty_Cole-Graham_Sheet_Music/BCG01054.pdf
1218,/sftp/sftp_unr/uploads/Betty_Cole-Graham_Sheet_Music/BCG01055.pdf
1172,/sftp/sftp_unr/uploads/Betty_Cole-Graham_Sheet_Music/BCG01056.pdf
1203,/sftp/sftp_unr/uploads/Betty_Cole-Graham_Sheet_Music/BCG01057.pdf
1183,/sftp/sftp_unr/uploads/Betty_Cole-Graham_Sheet_Music/BCG01058.pdf
1235,/sftp/sftp_unr/uploads/Betty_Cole-Graham_Sheet_Music/BCG01059.pdf
1222,/sftp/sftp_unr/uploads/Betty_Cole-Graham_Sheet_Music/BCG01060.pdf
1177,/sftp/sftp_unr/uploads/Betty_Cole-Graham_Sheet_Music/BCG01061.pdf
1189,/sftp/sftp_unr/uploads/Betty_Cole-Graham_Sheet_Music/BCG01062.pdf
1207,/sftp/sftp_unr/uploads/Betty_Cole-Graham_Sheet_Music/BCG01063.pdf
1167,/sftp/sftp_unr/uploads/Betty_Cole-Graham_Sheet_Music/BCG01064.pdf
1165,/sftp/sftp_unr/uploads/Betty_Cole-Graham_Sheet_Music/BCG01065.pdf
1192,/sftp/sftp_unr/uploads/Betty_Cole-Graham_Sheet_Music/BCG01066.pdf
1215,/sftp/sftp_unr/uploads/Betty_Cole-Graham_Sheet_Music/BCG01067.pdf
1173,/sftp/sftp_unr/uploads/Betty_Cole-Graham_Sheet_Music/BCG01068.pdf
1236,/sftp/sftp_unr/uploads/Betty_Cole-Graham_Sheet_Music/BCG01069.pdf
1241,/sftp/sftp_unr/uploads/Betty_Cole-Graham_Sheet_Music/BCG01070.pdf
1186,/sftp/sftp_unr/uploads/Betty_Cole-Graham_Sheet_Music/BCG01071.pdf
1196,/sftp/sftp_unr/uploads/Betty_Cole-Graham_Sheet_Music/BCG01072.pdf
1211,/sftp/sftp_unr/uploads/Betty_Cole-Graham_Sheet_Music/BCG01073.pdf
1227,/sftp/sftp_unr/uploads/Betty_Cole-Graham_Sheet_Music/BCG01074.pdf
1178,/sftp/sftp_unr/uploads/Betty_Cole-Graham_Sheet_Music/BCG01075.pdf
1217,/sftp/sftp_unr/uploads/Betty_Cole-Graham_Sheet_Music/BCG01076.pdf
1175,/sftp/sftp_unr/uploads/Betty_Cole-Graham_Sheet_Music/BCG01077.pdf
1221,/sftp/sftp_unr/uploads/Betty_Cole-Graham_Sheet_Music/BCG01078.pdf
1202,/sftp/sftp_unr/uploads/Betty_Cole-Graham_Sheet_Music/BCG01079.pdf
1195,/sftp/sftp_unr/uploads/Betty_Cole-Graham_Sheet_Music/BCG01080.pdf
1230,/sftp/sftp_unr/uploads/Betty_Cole-Graham_Sheet_Music/BCG01081.pdf
1194,/sftp/sftp_unr/uploads/Betty_Cole-Graham_Sheet_Music/BCG01082.pdf
1171,/sftp/sftp_unr/uploads/Betty_Cole-Graham_Sheet_Music/BCG01083.pdf
1199,/sftp/sftp_unr/uploads/Betty_Cole-Graham_Sheet_Music/BCG01084.pdf
1190,/sftp/sftp_unr/uploads/Betty_Cole-Graham_Sheet_Music/BCG01085.pdf
1224,/sftp/sftp_unr/uploads/Betty_Cole-Graham_Sheet_Music/BCG01086.pdf
1239,/sftp/sftp_unr/uploads/Betty_Cole-Graham_Sheet_Music/BCG01087.pdf
1193,/sftp/sftp_unr/uploads/Betty_Cole-Graham_Sheet_Music/BCG01088.pdf
1216,/sftp/sftp_unr/uploads/Betty_Cole-Graham_Sheet_Music/BCG01089.pdf
1187,/sftp/sftp_unr/uploads/Betty_Cole-Graham_Sheet_Music/BCG01090.pdf
1240,/sftp/sftp_unr/uploads/Betty_Cole-Graham_Sheet_Music/BCG01091.pdf
1180,/sftp/sftp_unr/uploads/Betty_Cole-Graham_Sheet_Music/BCG01092.pdf
1185,/sftp/sftp_unr/uploads/Betty_Cole-Graham_Sheet_Music/BCG01093.pdf
1200,/sftp/sftp_unr/uploads/Betty_Cole-Graham_Sheet_Music/BCG01094.pdf
1245,/sftp/sftp_unr/uploads/Betty_Cole-Graham_Sheet_Music/BCG01095.pdf
1213,/sftp/sftp_unr/uploads/Betty_Cole-Graham_Sheet_Music/BCG01096.pdf
1212,/sftp/sftp_unr/uploads/Betty_Cole-Graham_Sheet_Music/BCG01097.pdf
1191,/sftp/sftp_unr/uploads/Betty_Cole-Graham_Sheet_Music/BCG01098.pdf
1243,/sftp/sftp_unr/uploads/Betty_Cole-Graham_Sheet_Music/BCG01099.pdf
1168,/sftp/sftp_unr/uploads/Betty_Cole-Graham_Sheet_Music/BCG01100.pdf
1231,/sftp/sftp_unr/uploads/Betty_Cole-Graham_Sheet_Music/BCG01101.pdf
1220,/sftp/sftp_unr/uploads/Betty_Cole-Graham_Sheet_Music/BCG01102.pdf
1233,/sftp/sftp_unr/uploads/Betty_Cole-Graham_Sheet_Music/BCG01103.pdf
1181,/sftp/sftp_unr/uploads/Betty_Cole-Graham_Sheet_Music/BCG01104.pdf
1225,/sftp/sftp_unr/uploads/Betty_Cole-Graham_Sheet_Music/BCG01105.pdf
1188,/sftp/sftp_unr/uploads/Betty_Cole-Graham_Sheet_Music/BCG01106.pdf
1219,/sftp/sftp_unr/uploads/Betty_Cole-Graham_Sheet_Music/BCG01107.pdf
1169,/sftp/sftp_unr/uploads/Betty_Cole-Graham_Sheet_Music/BCG01108.pdf
1237,/sftp/sftp_unr/uploads/Betty_Cole-Graham_Sheet_Music/BCG01109.pdf
1226,/sftp/sftp_unr/uploads/Betty_Cole-Graham_Sheet_Music/BCG01110.pdf
1198,/sftp/sftp_unr/uploads/Betty_Cole-Graham_Sheet_Music/BCG01111.pdf
1228,/sftp/sftp_unr/uploads/Betty_Cole-Graham_Sheet_Music/BCG01112.pdf
1244,/sftp/sftp_unr/uploads/Betty_Cole-Graham_Sheet_Music/BCG01113.pdf
1201,/sftp/sftp_unr/uploads/Betty_Cole-Graham_Sheet_Music/BCG01114.pdf
1176,/sftp/sftp_unr/uploads/Betty_Cole-Graham_Sheet_Music/BCG01115.pdf
1209,/sftp/sftp_unr/uploads/Betty_Cole-Graham_Sheet_Music/BCG01116.pdf
1238,/sftp/sftp_unr/uploads/Betty_Cole-Graham_Sheet_Music/BCG01117.pdf
1303,/sftp/sftp_unr/uploads/Betty_Cole-Graham_Sheet_Music/BCG01118.pdf
1319,/sftp/sftp_unr/uploads/Betty_Cole-Graham_Sheet_Music/BCG01119.pdf
1197,/sftp/sftp_unr/uploads/Betty_Cole-Graham_Sheet_Music/BCG01120.pdf
1311,/sftp/sftp_unr/uploads/Betty_Cole-Graham_Sheet_Music/BCG01121.pdf
1315,/sftp/sftp_unr/uploads/Betty_Cole-Graham_Sheet_Music/BCG01122.pdf
1375,/sftp/sftp_unr/uploads/Betty_Cole-Graham_Sheet_Music/BCG01123.pdf
1234,/sftp/sftp_unr/uploads/Betty_Cole-Graham_Sheet_Music/BCG01124.pdf
1377,/sftp/sftp_unr/uploads/Betty_Cole-Graham_Sheet_Music/BCG01125.pdf
1373,/sftp/sftp_unr/uploads/Betty_Cole-Graham_Sheet_Music/BCG01126.pdf
1269,/sftp/sftp_unr/uploads/Betty_Cole-Graham_Sheet_Music/BCG01127.pdf
1332,/sftp/sftp_unr/uploads/Betty_Cole-Graham_Sheet_Music/BCG01128.pdf
1331,/sftp/sftp_unr/uploads/Betty_Cole-Graham_Sheet_Music/BCG01129.pdf
1324,/sftp/sftp_unr/uploads/Betty_Cole-Graham_Sheet_Music/BCG01130.pdf
1337,/sftp/sftp_unr/uploads/Betty_Cole-Graham_Sheet_Music/BCG01131.pdf
1248,/sftp/sftp_unr/uploads/Betty_Cole-Graham_Sheet_Music/BCG01132.pdf
1279,/sftp/sftp_unr/uploads/Betty_Cole-Graham_Sheet_Music/BCG01133.pdf
1348,/sftp/sftp_unr/uploads/Betty_Cole-Graham_Sheet_Music/BCG01134.pdf
1252,/sftp/sftp_unr/uploads/Betty_Cole-Graham_Sheet_Music/BCG01135.pdf
1353,/sftp/sftp_unr/uploads/Betty_Cole-Graham_Sheet_Music/BCG01136.pdf
1271,/sftp/sftp_unr/uploads/Betty_Cole-Graham_Sheet_Music/BCG01137.pdf
1316,/sftp/sftp_unr/uploads/Betty_Cole-Graham_Sheet_Music/BCG01138.pdf
1302,/sftp/sftp_unr/uploads/Betty_Cole-Graham_Sheet_Music/BCG01139.pdf
1363,/sftp/sftp_unr/uploads/Betty_Cole-Graham_Sheet_Music/BCG01140.pdf
1296,/sftp/sftp_unr/uploads/Betty_Cole-Graham_Sheet_Music/BCG01141.pdf
1264,/sftp/sftp_unr/uploads/Betty_Cole-Graham_Sheet_Music/BCG01142.pdf
1357,/sftp/sftp_unr/uploads/Betty_Cole-Graham_Sheet_Music/BCG01143.pdf
1268,/sftp/sftp_unr/uploads/Betty_Cole-Graham_Sheet_Music/BCG01144.pdf
1272,/sftp/sftp_unr/uploads/Betty_Cole-Graham_Sheet_Music/BCG01145.pdf
1290,/sftp/sftp_unr/uploads/Betty_Cole-Graham_Sheet_Music/BCG01146.pdf
1458,/sftp/sftp_unr/uploads/Betty_Cole-Graham_Sheet_Music/BCG01147.pdf
1407,/sftp/sftp_unr/uploads/Betty_Cole-Graham_Sheet_Music/BCG01148.pdf
1401,/sftp/sftp_unr/uploads/Betty_Cole-Graham_Sheet_Music/BCG01149.pdf
1308,/sftp/sftp_unr/uploads/Betty_Cole-Graham_Sheet_Music/BCG01150.pdf
1295,/sftp/sftp_unr/uploads/Betty_Cole-Graham_Sheet_Music/BCG01151.pdf
1263,/sftp/sftp_unr/uploads/Betty_Cole-Graham_Sheet_Music/BCG01152.pdf
1341,/sftp/sftp_unr/uploads/Betty_Cole-Graham_Sheet_Music/BCG01153.pdf
1275,/sftp/sftp_unr/uploads/Betty_Cole-Graham_Sheet_Music/BCG01154.pdf
1369,/sftp/sftp_unr/uploads/Betty_Cole-Graham_Sheet_Music/BCG01155.pdf
1287,/sftp/sftp_unr/uploads/Betty_Cole-Graham_Sheet_Music/BCG01156.pdf
1354,/sftp/sftp_unr/uploads/Betty_Cole-Graham_Sheet_Music/BCG01157.pdf
1265,/sftp/sftp_unr/uploads/Betty_Cole-Graham_Sheet_Music/BCG01158.pdf
1317,/sftp/sftp_unr/uploads/Betty_Cole-Graham_Sheet_Music/BCG01159.pdf
1278,/sftp/sftp_unr/uploads/Betty_Cole-Graham_Sheet_Music/BCG01160.pdf
1374,/sftp/sftp_unr/uploads/Betty_Cole-Graham_Sheet_Music/BCG01161.pdf
1291,/sftp/sftp_unr/uploads/Betty_Cole-Graham_Sheet_Music/BCG01162.pdf
1358,/sftp/sftp_unr/uploads/Betty_Cole-Graham_Sheet_Music/BCG01163.pdf
1283,/sftp/sftp_unr/uploads/Betty_Cole-Graham_Sheet_Music/BCG01164.pdf
1370,/sftp/sftp_unr/uploads/Betty_Cole-Graham_Sheet_Music/BCG01165.pdf
1320,/sftp/sftp_unr/uploads/Betty_Cole-Graham_Sheet_Music/BCG01166.pdf
1256,/sftp/sftp_unr/uploads/Betty_Cole-Graham_Sheet_Music/BCG01167.pdf
1250,/sftp/sftp_unr/uploads/Betty_Cole-Graham_Sheet_Music/BCG01168.pdf
1307,/sftp/sftp_unr/uploads/Betty_Cole-Graham_Sheet_Music/BCG01169.pdf
1361,/sftp/sftp_unr/uploads/Betty_Cole-Graham_Sheet_Music/BCG01170.pdf
1330,/sftp/sftp_unr/uploads/Betty_Cole-Graham_Sheet_Music/BCG01171.pdf
1253,/sftp/sftp_unr/uploads/Betty_Cole-Graham_Sheet_Music/BCG01172.pdf
1376,/sftp/sftp_unr/uploads/Betty_Cole-Graham_Sheet_Music/BCG01173.pdf
1249,/sftp/sftp_unr/uploads/Betty_Cole-Graham_Sheet_Music/BCG01174.pdf
1343,/sftp/sftp_unr/uploads/Betty_Cole-Graham_Sheet_Music/BCG01175.pdf
1313,/sftp/sftp_unr/uploads/Betty_Cole-Graham_Sheet_Music/BCG01176.pdf
1342,/sftp/sftp_unr/uploads/Betty_Cole-Graham_Sheet_Music/BCG01177.pdf
1314,/sftp/sftp_unr/uploads/Betty_Cole-Graham_Sheet_Music/BCG01178.pdf
1299,/sftp/sftp_unr/uploads/Betty_Cole-Graham_Sheet_Music/BCG01179.pdf
1293,/sftp/sftp_unr/uploads/Betty_Cole-Graham_Sheet_Music/BCG01180.pdf
1257,/sftp/sftp_unr/uploads/Betty_Cole-Graham_Sheet_Music/BCG01181.pdf
1360,/sftp/sftp_unr/uploads/Betty_Cole-Graham_Sheet_Music/BCG01182.pdf
1352,/sftp/sftp_unr/uploads/Betty_Cole-Graham_Sheet_Music/BCG01183.pdf
1334,/sftp/sftp_unr/uploads/Betty_Cole-Graham_Sheet_Music/BCG01184.pdf
1246,/sftp/sftp_unr/uploads/Betty_Cole-Graham_Sheet_Music/BCG01185.pdf
1300,/sftp/sftp_unr/uploads/Betty_Cole-Graham_Sheet_Music/BCG01186.pdf
1338,/sftp/sftp_unr/uploads/Betty_Cole-Graham_Sheet_Music/BCG01187.pdf
1335,/sftp/sftp_unr/uploads/Betty_Cole-Graham_Sheet_Music/BCG01188.pdf
1356,/sftp/sftp_unr/uploads/Betty_Cole-Graham_Sheet_Music/BCG01189.pdf
1284,/sftp/sftp_unr/uploads/Betty_Cole-Graham_Sheet_Music/BCG01190.pdf
1355,/sftp/sftp_unr/uploads/Betty_Cole-Graham_Sheet_Music/BCG01191.pdf
1282,/sftp/sftp_unr/uploads/Betty_Cole-Graham_Sheet_Music/BCG01192.pdf
1304,/sftp/sftp_unr/uploads/Betty_Cole-Graham_Sheet_Music/BCG01193.pdf
1273,/sftp/sftp_unr/uploads/Betty_Cole-Graham_Sheet_Music/BCG01194.pdf
1285,/sftp/sftp_unr/uploads/Betty_Cole-Graham_Sheet_Music/BCG01195.pdf
1362,/sftp/sftp_unr/uploads/Betty_Cole-Graham_Sheet_Music/BCG01196.pdf
1247,/sftp/sftp_unr/uploads/Betty_Cole-Graham_Sheet_Music/BCG01197.pdf
1344,/sftp/sftp_unr/uploads/Betty_Cole-Graham_Sheet_Music/BCG01198.pdf
1267,/sftp/sftp_unr/uploads/Betty_Cole-Graham_Sheet_Music/BCG01199.pdf
1210,/sftp/sftp_unr/uploads/Betty_Cole-Graham_Sheet_Music/BCG01200.pdf
1205,/sftp/sftp_unr/uploads/Betty_Cole-Graham_Sheet_Music/BCG01201.pdf
1184,/sftp/sftp_unr/uploads/Betty_Cole-Graham_Sheet_Music/BCG01202.pdf
1232,/sftp/sftp_unr/uploads/Betty_Cole-Graham_Sheet_Music/BCG01203.pdf
1333,/sftp/sftp_unr/uploads/Betty_Cole-Graham_Sheet_Music/BCG01204.pdf
1312,/sftp/sftp_unr/uploads/Betty_Cole-Graham_Sheet_Music/BCG01205.pdf
1351,/sftp/sftp_unr/uploads/Betty_Cole-Graham_Sheet_Music/BCG01206.pdf
1359,/sftp/sftp_unr/uploads/Betty_Cole-Graham_Sheet_Music/BCG01207.pdf
1260,/sftp/sftp_unr/uploads/Betty_Cole-Graham_Sheet_Music/BCG01208.pdf
1350,/sftp/sftp_unr/uploads/Betty_Cole-Graham_Sheet_Music/BCG01209.pdf
1365,/sftp/sftp_unr/uploads/Betty_Cole-Graham_Sheet_Music/BCG01210.pdf
1301,/sftp/sftp_unr/uploads/Betty_Cole-Graham_Sheet_Music/BCG01211.pdf
1367,/sftp/sftp_unr/uploads/Betty_Cole-Graham_Sheet_Music/BCG01212.pdf
1327,/sftp/sftp_unr/uploads/Betty_Cole-Graham_Sheet_Music/BCG01213.pdf
1309,/sftp/sftp_unr/uploads/Betty_Cole-Graham_Sheet_Music/BCG01214.pdf
1321,/sftp/sftp_unr/uploads/Betty_Cole-Graham_Sheet_Music/BCG01215.pdf
1292,/sftp/sftp_unr/uploads/Betty_Cole-Graham_Sheet_Music/BCG01216.pdf
1322,/sftp/sftp_unr/uploads/Betty_Cole-Graham_Sheet_Music/BCG01217.pdf
1368,/sftp/sftp_unr/uploads/Betty_Cole-Graham_Sheet_Music/BCG01218.pdf
1372,/sftp/sftp_unr/uploads/Betty_Cole-Graham_Sheet_Music/BCG01219.pdf
1255,/sftp/sftp_unr/uploads/Betty_Cole-Graham_Sheet_Music/BCG01220.pdf
1325,/sftp/sftp_unr/uploads/Betty_Cole-Graham_Sheet_Music/BCG01221.pdf
1251,/sftp/sftp_unr/uploads/Betty_Cole-Graham_Sheet_Music/BCG01222.pdf
1326,/sftp/sftp_unr/uploads/Betty_Cole-Graham_Sheet_Music/BCG01223.pdf
1298,/sftp/sftp_unr/uploads/Betty_Cole-Graham_Sheet_Music/BCG01224.pdf
1289,/sftp/sftp_unr/uploads/Betty_Cole-Graham_Sheet_Music/BCG01225.pdf
1294,/sftp/sftp_unr/uploads/Betty_Cole-Graham_Sheet_Music/BCG01226.pdf
1305,/sftp/sftp_unr/uploads/Betty_Cole-Graham_Sheet_Music/BCG01227.pdf
1318,/sftp/sftp_unr/uploads/Betty_Cole-Graham_Sheet_Music/BCG01228.pdf
1277,/sftp/sftp_unr/uploads/Betty_Cole-Graham_Sheet_Music/BCG01229.pdf
1349,/sftp/sftp_unr/uploads/Betty_Cole-Graham_Sheet_Music/BCG01230.pdf
1288,/sftp/sftp_unr/uploads/Betty_Cole-Graham_Sheet_Music/BCG01231.pdf
1310,/sftp/sftp_unr/uploads/Betty_Cole-Graham_Sheet_Music/BCG01232.pdf
1258,/sftp/sftp_unr/uploads/Betty_Cole-Graham_Sheet_Music/BCG01233.pdf
1366,/sftp/sftp_unr/uploads/Betty_Cole-Graham_Sheet_Music/BCG01234.pdf
1262,/sftp/sftp_unr/uploads/Betty_Cole-Graham_Sheet_Music/BCG01235.pdf
1281,/sftp/sftp_unr/uploads/Betty_Cole-Graham_Sheet_Music/BCG01236.pdf
1328,/sftp/sftp_unr/uploads/Betty_Cole-Graham_Sheet_Music/BCG01237.pdf
1274,/sftp/sftp_unr/uploads/Betty_Cole-Graham_Sheet_Music/BCG01238.pdf
1306,/sftp/sftp_unr/uploads/Betty_Cole-Graham_Sheet_Music/BCG01239.pdf
1266,/sftp/sftp_unr/uploads/Betty_Cole-Graham_Sheet_Music/BCG01240.pdf
1346,/sftp/sftp_unr/uploads/Betty_Cole-Graham_Sheet_Music/BCG01241.pdf
1270,/sftp/sftp_unr/uploads/Betty_Cole-Graham_Sheet_Music/BCG01242.pdf
1378,/sftp/sftp_unr/uploads/Betty_Cole-Graham_Sheet_Music/BCG01243.pdf
1364,/sftp/sftp_unr/uploads/Betty_Cole-Graham_Sheet_Music/BCG01244.pdf
1286,/sftp/sftp_unr/uploads/Betty_Cole-Graham_Sheet_Music/BCG01245.pdf
1297,/sftp/sftp_unr/uploads/Betty_Cole-Graham_Sheet_Music/BCG01246.pdf
1276,/sftp/sftp_unr/uploads/Betty_Cole-Graham_Sheet_Music/BCG01247.pdf
1254,/sftp/sftp_unr/uploads/Betty_Cole-Graham_Sheet_Music/BCG01248.pdf
1336,/sftp/sftp_unr/uploads/Betty_Cole-Graham_Sheet_Music/BCG01249.pdf
1404,/sftp/sftp_unr/uploads/Betty_Cole-Graham_Sheet_Music/BCG01250.pdf
1417,/sftp/sftp_unr/uploads/Betty_Cole-Graham_Sheet_Music/BCG01252.pdf
1392,/sftp/sftp_unr/uploads/Betty_Cole-Graham_Sheet_Music/BCG01253.pdf
1390,/sftp/sftp_unr/uploads/Betty_Cole-Graham_Sheet_Music/BCG01254.pdf
1428,/sftp/sftp_unr/uploads/Betty_Cole-Graham_Sheet_Music/BCG01255.pdf
1457,/sftp/sftp_unr/uploads/Betty_Cole-Graham_Sheet_Music/BCG01256.pdf
1395,/sftp/sftp_unr/uploads/Betty_Cole-Graham_Sheet_Music/BCG01257.pdf
1442,/sftp/sftp_unr/uploads/Betty_Cole-Graham_Sheet_Music/BCG01258.pdf
1396,/sftp/sftp_unr/uploads/Betty_Cole-Graham_Sheet_Music/BCG01259.pdf
1471,/sftp/sftp_unr/uploads/Betty_Cole-Graham_Sheet_Music/BCG01260.pdf
1449,/sftp/sftp_unr/uploads/Betty_Cole-Graham_Sheet_Music/BCG01261.pdf
1383,/sftp/sftp_unr/uploads/Betty_Cole-Graham_Sheet_Music/BCG01262.pdf
1427,/sftp/sftp_unr/uploads/Betty_Cole-Graham_Sheet_Music/BCG01263.pdf
1415,/sftp/sftp_unr/uploads/Betty_Cole-Graham_Sheet_Music/BCG01264.pdf
1393,/sftp/sftp_unr/uploads/Betty_Cole-Graham_Sheet_Music/BCG01265.pdf
1384,/sftp/sftp_unr/uploads/Betty_Cole-Graham_Sheet_Music/BCG01266.pdf
1398,/sftp/sftp_unr/uploads/Betty_Cole-Graham_Sheet_Music/BCG01267.pdf
1448,/sftp/sftp_unr/uploads/Betty_Cole-Graham_Sheet_Music/BCG01268.pdf
1473,/sftp/sftp_unr/uploads/Betty_Cole-Graham_Sheet_Music/BCG01269.pdf
1408,/sftp/sftp_unr/uploads/Betty_Cole-Graham_Sheet_Music/BCG01270.pdf
1440,/sftp/sftp_unr/uploads/Betty_Cole-Graham_Sheet_Music/BCG01271.pdf
1423,/sftp/sftp_unr/uploads/Betty_Cole-Graham_Sheet_Music/BCG01272.pdf
1463,/sftp/sftp_unr/uploads/Betty_Cole-Graham_Sheet_Music/BCG01273.pdf
1389,/sftp/sftp_unr/uploads/Betty_Cole-Graham_Sheet_Music/BCG01274.pdf
1410,/sftp/sftp_unr/uploads/Betty_Cole-Graham_Sheet_Music/BCG01275.pdf
1445,/sftp/sftp_unr/uploads/Betty_Cole-Graham_Sheet_Music/BCG01276.pdf
1418,/sftp/sftp_unr/uploads/Betty_Cole-Graham_Sheet_Music/BCG01277.pdf
1475,/sftp/sftp_unr/uploads/Betty_Cole-Graham_Sheet_Music/BCG01278.pdf
1406,/sftp/sftp_unr/uploads/Betty_Cole-Graham_Sheet_Music/BCG01279.pdf
1446,/sftp/sftp_unr/uploads/Betty_Cole-Graham_Sheet_Music/BCG01280.pdf
1433,/sftp/sftp_unr/uploads/Betty_Cole-Graham_Sheet_Music/BCG01281.pdf
1399,/sftp/sftp_unr/uploads/Betty_Cole-Graham_Sheet_Music/BCG01282.pdf
1460,/sftp/sftp_unr/uploads/Betty_Cole-Graham_Sheet_Music/BCG01283.pdf
1391,/sftp/sftp_unr/uploads/Betty_Cole-Graham_Sheet_Music/BCG01284.pdf
1397,/sftp/sftp_unr/uploads/Betty_Cole-Graham_Sheet_Music/BCG01285.pdf
1394,/sftp/sftp_unr/uploads/Betty_Cole-Graham_Sheet_Music/BCG01286.pdf
1402,/sftp/sftp_unr/uploads/Betty_Cole-Graham_Sheet_Music/BCG01287.pdf
1416,/sftp/sftp_unr/uploads/Betty_Cole-Graham_Sheet_Music/BCG01288.pdf
1437,/sftp/sftp_unr/uploads/Betty_Cole-Graham_Sheet_Music/BCG01289.pdf
1476,/sftp/sftp_unr/uploads/Betty_Cole-Graham_Sheet_Music/BCG01290.pdf
1414,/sftp/sftp_unr/uploads/Betty_Cole-Graham_Sheet_Music/BCG01291.pdf
1466,/sftp/sftp_unr/uploads/Betty_Cole-Graham_Sheet_Music/BCG01292.pdf
1400,/sftp/sftp_unr/uploads/Betty_Cole-Graham_Sheet_Music/BCG01293.pdf
1430,/sftp/sftp_unr/uploads/Betty_Cole-Graham_Sheet_Music/BCG01294.pdf
1424,/sftp/sftp_unr/uploads/Betty_Cole-Graham_Sheet_Music/BCG01295.pdf
1451,/sftp/sftp_unr/uploads/Betty_Cole-Graham_Sheet_Music/BCG01296.pdf
1387,/sftp/sftp_unr/uploads/Betty_Cole-Graham_Sheet_Music/BCG01297.pdf
1438,/sftp/sftp_unr/uploads/Betty_Cole-Graham_Sheet_Music/BCG01298.pdf
1470,/sftp/sftp_unr/uploads/Betty_Cole-Graham_Sheet_Music/BCG01299.pdf
1469,/sftp/sftp_unr/uploads/Betty_Cole-Graham_Sheet_Music/BCG01300.pdf
1472,/sftp/sftp_unr/uploads/Betty_Cole-Graham_Sheet_Music/BCG01301.pdf
1443,/sftp/sftp_unr/uploads/Betty_Cole-Graham_Sheet_Music/BCG01302.pdf
1478,/sftp/sftp_unr/uploads/Betty_Cole-Graham_Sheet_Music/BCG01303.pdf
1436,/sftp/sftp_unr/uploads/Betty_Cole-Graham_Sheet_Music/BCG01304.pdf
1441,/sftp/sftp_unr/uploads/Betty_Cole-Graham_Sheet_Music/BCG01305.pdf
1464,/sftp/sftp_unr/uploads/Betty_Cole-Graham_Sheet_Music/BCG01306.pdf
1452,/sftp/sftp_unr/uploads/Betty_Cole-Graham_Sheet_Music/BCG01307.pdf
1456,/sftp/sftp_unr/uploads/Betty_Cole-Graham_Sheet_Music/BCG01308.pdf
1409,/sftp/sftp_unr/uploads/Betty_Cole-Graham_Sheet_Music/BCG01309.pdf
1450,/sftp/sftp_unr/uploads/Betty_Cole-Graham_Sheet_Music/BCG01310.pdf
1444,/sftp/sftp_unr/uploads/Betty_Cole-Graham_Sheet_Music/BCG01311.pdf
1380,/sftp/sftp_unr/uploads/Betty_Cole-Graham_Sheet_Music/BCG01312.pdf
1434,/sftp/sftp_unr/uploads/Betty_Cole-Graham_Sheet_Music/BCG01313.pdf
1429,/sftp/sftp_unr/uploads/Betty_Cole-Graham_Sheet_Music/BCG01315.pdf
1468,/sftp/sftp_unr/uploads/Betty_Cole-Graham_Sheet_Music/BCG01316.pdf
1412,/sftp/sftp_unr/uploads/Betty_Cole-Graham_Sheet_Music/BCG01317.pdf
1447,/sftp/sftp_unr/uploads/Betty_Cole-Graham_Sheet_Music/BCG01318.pdf
1413,/sftp/sftp_unr/uploads/Betty_Cole-Graham_Sheet_Music/BCG01319.pdf
1405,/sftp/sftp_unr/uploads/Betty_Cole-Graham_Sheet_Music/BCG01320.pdf
1420,/sftp/sftp_unr/uploads/Betty_Cole-Graham_Sheet_Music/BCG01321.pdf
1419,/sftp/sftp_unr/uploads/Betty_Cole-Graham_Sheet_Music/BCG01322.pdf
1455,/sftp/sftp_unr/uploads/Betty_Cole-Graham_Sheet_Music/BCG01323.pdf
1385,/sftp/sftp_unr/uploads/Betty_Cole-Graham_Sheet_Music/BCG01324.pdf
1382,/sftp/sftp_unr/uploads/Betty_Cole-Graham_Sheet_Music/BCG01325.pdf
1477,/sftp/sftp_unr/uploads/Betty_Cole-Graham_Sheet_Music/BCG01326.pdf
1453,/sftp/sftp_unr/uploads/Betty_Cole-Graham_Sheet_Music/BCG01327.pdf
1403,/sftp/sftp_unr/uploads/Betty_Cole-Graham_Sheet_Music/BCG01328.pdf
1474,/sftp/sftp_unr/uploads/Betty_Cole-Graham_Sheet_Music/BCG01329.pdf
1432,/sftp/sftp_unr/uploads/Betty_Cole-Graham_Sheet_Music/BCG01330.pdf
1422,/sftp/sftp_unr/uploads/Betty_Cole-Graham_Sheet_Music/BCG01331.pdf
1386,/sftp/sftp_unr/uploads/Betty_Cole-Graham_Sheet_Music/BCG01332.pdf
1431,/sftp/sftp_unr/uploads/Betty_Cole-Graham_Sheet_Music/BCG01333.pdf
1479,/sftp/sftp_unr/uploads/Betty_Cole-Graham_Sheet_Music/BCG01334.pdf
1439,/sftp/sftp_unr/uploads/Betty_Cole-Graham_Sheet_Music/BCG01335.pdf
1381,/sftp/sftp_unr/uploads/Betty_Cole-Graham_Sheet_Music/BCG01336.pdf
1379,/sftp/sftp_unr/uploads/Betty_Cole-Graham_Sheet_Music/BCG01337.pdf
1459,/sftp/sftp_unr/uploads/Betty_Cole-Graham_Sheet_Music/BCG01338.pdf
1461,/sftp/sftp_unr/uploads/Betty_Cole-Graham_Sheet_Music/BCG01339.pdf
1411,/sftp/sftp_unr/uploads/Betty_Cole-Graham_Sheet_Music/BCG01340.pdf
1465,/sftp/sftp_unr/uploads/Betty_Cole-Graham_Sheet_Music/BCG01341.pdf
1467,/sftp/sftp_unr/uploads/Betty_Cole-Graham_Sheet_Music/BCG01342.pdf
1425,/sftp/sftp_unr/uploads/Betty_Cole-Graham_Sheet_Music/BCG01343.pdf
1462,/sftp/sftp_unr/uploads/Betty_Cole-Graham_Sheet_Music/BCG01344.pdf
1435,/sftp/sftp_unr/uploads/Betty_Cole-Graham_Sheet_Music/BCG01345.pdf
1388,/sftp/sftp_unr/uploads/Betty_Cole-Graham_Sheet_Music/BCG01346.pdf
1421,/sftp/sftp_unr/uploads/Betty_Cole-Graham_Sheet_Music/BCG01347.pdf
1454,/sftp/sftp_unr/uploads/Betty_Cole-Graham_Sheet_Music/BCG01348.pdf
1426,/sftp/sftp_unr/uploads/Betty_Cole-Graham_Sheet_Music/BCG01349.pdf