299,/sftp/sftp_unr/uploads/Lincoln_Highway/UNRS-P1988-35-01.tif
300,/sftp/sftp_unr/uploads/Lincoln_Highway/UNRS-P1988-35-02.tif
297,/sftp/sftp_unr/uploads/Lincoln_Highway/UNRS-P1988-35-05.tif
296,/sftp/sftp_unr/uploads/Lincoln_Highway/UNRS-P1988-35-06.tif
306,/sftp/sftp_unr/uploads/Lincoln_Highway/UNRS-P1988-35-07.tif
324,/sftp/sftp_unr/uploads/Lincoln_Highway/UNRS-P1988-35-20.tif
344,/sftp/sftp_unr/uploads/Lincoln_Highway/UNRS-P1988-35-21.tif
345,/sftp/sftp_unr/uploads/Lincoln_Highway/UNRS-P1988-35-25.tif
309,/sftp/sftp_unr/uploads/Lincoln_Highway/UNRS-P1988-55-0622.tif
215,/sftp/sftp_unr/uploads/Lincoln_Highway/UNRS-P1989-11-49.tif
312,/sftp/sftp_unr/uploads/Lincoln_Highway/UNRS-P1989-11-52.tif
183,/sftp/sftp_unr/uploads/Lincoln_Highway/UNRS-P1989-11-53.tif
316,/sftp/sftp_unr/uploads/Lincoln_Highway/UNRS-P1989-55-2877.tif
326,/sftp/sftp_unr/uploads/Lincoln_Highway/UNRS-P1992-01-2173.tif
250,/sftp/sftp_unr/uploads/Lincoln_Highway/UNRS-P1992-01-2174.tif
264,/sftp/sftp_unr/uploads/Lincoln_Highway/UNRS-P1992-01-2178.tif
265,/sftp/sftp_unr/uploads/Lincoln_Highway/UNRS-P1992-01-2180.tif
267,/sftp/sftp_unr/uploads/Lincoln_Highway/UNRS-P1992-01-2181.tif
266,/sftp/sftp_unr/uploads/Lincoln_Highway/UNRS-P1992-01-2182.tif
270,/sftp/sftp_unr/uploads/Lincoln_Highway/UNRS-P1992-01-2183.tif
268,/sftp/sftp_unr/uploads/Lincoln_Highway/UNRS-P1992-01-2184.tif
259,/sftp/sftp_unr/uploads/Lincoln_Highway/UNRS-P1992-01-2185.tif
288,/sftp/sftp_unr/uploads/Lincoln_Highway/UNRS-P1992-01-2186.tif
273,/sftp/sftp_unr/uploads/Lincoln_Highway/UNRS-P1992-01-2187.tif
271,/sftp/sftp_unr/uploads/Lincoln_Highway/UNRS-P1992-01-2188.tif
263,/sftp/sftp_unr/uploads/Lincoln_Highway/UNRS-P1992-01-2189.tif
351,/sftp/sftp_unr/uploads/Lincoln_Highway/UNRS-P1992-01-2190.tif
182,/sftp/sftp_unr/uploads/Lincoln_Highway/UNRS-P1992-01-2203.tif
186,/sftp/sftp_unr/uploads/Lincoln_Highway/UNRS-P1992-01-2205.tif
184,/sftp/sftp_unr/uploads/Lincoln_Highway/UNRS-P1992-01-2209.tif
185,/sftp/sftp_unr/uploads/Lincoln_Highway/UNRS-P1992-01-2213.tif
190,/sftp/sftp_unr/uploads/Lincoln_Highway/UNRS-P1992-01-2214.tif
189,/sftp/sftp_unr/uploads/Lincoln_Highway/UNRS-P1992-01-2215.tif
192,/sftp/sftp_unr/uploads/Lincoln_Highway/UNRS-P1992-01-2216.tif
211,/sftp/sftp_unr/uploads/Lincoln_Highway/UNRS-P1992-01-2224.tif
206,/sftp/sftp_unr/uploads/Lincoln_Highway/UNRS-P1992-01-2227.tif
303,/sftp/sftp_unr/uploads/Lincoln_Highway/UNRS-P1992-01-2233.tif
313,/sftp/sftp_unr/uploads/Lincoln_Highway/UNRS-P1992-01-2234.tif
234,/sftp/sftp_unr/uploads/Lincoln_Highway/UNRS-P1992-01-2235.tif
275,/sftp/sftp_unr/uploads/Lincoln_Highway/UNRS-P1992-01-2237.tif
219,/sftp/sftp_unr/uploads/Lincoln_Highway/UNRS-P1992-01-2241.tif
244,/sftp/sftp_unr/uploads/Lincoln_Highway/UNRS-P1992-01-2242.tif
187,/sftp/sftp_unr/uploads/Lincoln_Highway/UNRS-P1992-01-2244.tif
283,/sftp/sftp_unr/uploads/Lincoln_Highway/UNRS-P1992-01-2245.tif
319,/sftp/sftp_unr/uploads/Lincoln_Highway/UNRS-P1992-01-2246.tif
248,/sftp/sftp_unr/uploads/Lincoln_Highway/UNRS-P1992-01-2247.tif
237,/sftp/sftp_unr/uploads/Lincoln_Highway/UNRS-P1992-01-2248.tif
284,/sftp/sftp_unr/uploads/Lincoln_Highway/UNRS-P1992-01-2249.tif
286,/sftp/sftp_unr/uploads/Lincoln_Highway/UNRS-P1992-01-2252.tif
208,/sftp/sftp_unr/uploads/Lincoln_Highway/UNRS-P1992-01-2253.tif
204,/sftp/sftp_unr/uploads/Lincoln_Highway/UNRS-P1992-01-2254.tif
279,/sftp/sftp_unr/uploads/Lincoln_Highway/UNRS-P1992-01-2256.tif
290,/sftp/sftp_unr/uploads/Lincoln_Highway/UNRS-P1992-01-2257.tif
331,/sftp/sftp_unr/uploads/Lincoln_Highway/UNRS-P1992-01-2258.tif
278,/sftp/sftp_unr/uploads/Lincoln_Highway/UNRS-P1992-01-2259.tif
203,/sftp/sftp_unr/uploads/Lincoln_Highway/UNRS-P1992-01-2260.tif
200,/sftp/sftp_unr/uploads/Lincoln_Highway/UNRS-P1992-01-2261.tif
207,/sftp/sftp_unr/uploads/Lincoln_Highway/UNRS-P1992-01-2262.tif
287,/sftp/sftp_unr/uploads/Lincoln_Highway/UNRS-P1992-01-2264.tif
240,/sftp/sftp_unr/uploads/Lincoln_Highway/UNRS-P1992-01-2265.tif
347,/sftp/sftp_unr/uploads/Lincoln_Highway/UNRS-P1992-01-2268.tif
338,/sftp/sftp_unr/uploads/Lincoln_Highway/UNRS-P1992-01-2269.tif
194,/sftp/sftp_unr/uploads/Lincoln_Highway/UNRS-P1992-01-2273.tif
221,/sftp/sftp_unr/uploads/Lincoln_Highway/UNRS-P1992-01-2282.tif
280,/sftp/sftp_unr/uploads/Lincoln_Highway/UNRS-P1992-01-2283.tif
307,/sftp/sftp_unr/uploads/Lincoln_Highway/UNRS-P1992-01-2287.tif
202,/sftp/sftp_unr/uploads/Lincoln_Highway/UNRS-P1992-01-2288.tif
218,/sftp/sftp_unr/uploads/Lincoln_Highway/UNRS-P1992-01-2290.tif
231,/sftp/sftp_unr/uploads/Lincoln_Highway/UNRS-P1992-01-2294.tif
230,/sftp/sftp_unr/uploads/Lincoln_Highway/UNRS-P1992-01-2295.tif
272,/sftp/sftp_unr/uploads/Lincoln_Highway/UNRS-P1992-01-2297.tif
343,/sftp/sftp_unr/uploads/Lincoln_Highway/UNRS-P1992-01-2299.tif
330,/sftp/sftp_unr/uploads/Lincoln_Highway/UNRS-P1992-01-2300.tif
305,/sftp/sftp_unr/uploads/Lincoln_Highway/UNRS-P1992-01-2301.tif
295,/sftp/sftp_unr/uploads/Lincoln_Highway/UNRS-P1992-01-2302.tif
311,/sftp/sftp_unr/uploads/Lincoln_Highway/UNRS-P1992-01-2303.tif
254,/sftp/sftp_unr/uploads/Lincoln_Highway/UNRS-P1992-01-2304.tif
302,/sftp/sftp_unr/uploads/Lincoln_Highway/UNRS-P1992-01-2310.tif
277,/sftp/sftp_unr/uploads/Lincoln_Highway/UNRS-P1992-01-2318.tif
258,/sftp/sftp_unr/uploads/Lincoln_Highway/UNRS-P1992-01-2605.tif
323,/sftp/sftp_unr/uploads/Lincoln_Highway/UNRS-P1992-01-2607.tif
291,/sftp/sftp_unr/uploads/Lincoln_Highway/UNRS-P1992-01-2608.tif
222,/sftp/sftp_unr/uploads/Lincoln_Highway/UNRS-P1992-01-2709.tif
301,/sftp/sftp_unr/uploads/Lincoln_Highway/UNRS-P1992-01-2715.tif
212,/sftp/sftp_unr/uploads/Lincoln_Highway/UNRS-P1992-01-2752.tif
214,/sftp/sftp_unr/uploads/Lincoln_Highway/UNRS-P1992-01-2754.tif
318,/sftp/sftp_unr/uploads/Lincoln_Highway/UNRS-P1992-01-2775.tif
227,/sftp/sftp_unr/uploads/Lincoln_Highway/UNRS-P1992-01-3050.tif
242,/sftp/sftp_unr/uploads/Lincoln_Highway/UNRS-P1992-01-6533.tif
239,/sftp/sftp_unr/uploads/Lincoln_Highway/UNRS-P1992-01-6534.tif
243,/sftp/sftp_unr/uploads/Lincoln_Highway/UNRS-P1992-01-6537.tif
209,/sftp/sftp_unr/uploads/Lincoln_Highway/UNRS-P1992-01-6557.tif
252,/sftp/sftp_unr/uploads/Lincoln_Highway/UNRS-P1992-01-6562.tif
181,/sftp/sftp_unr/uploads/Lincoln_Highway/UNRS-P1992-01-6630.tif
232,/sftp/sftp_unr/uploads/Lincoln_Highway/UNRS-P1992-01-6728.tif
235,/sftp/sftp_unr/uploads/Lincoln_Highway/UNRS-P1992-01-6730.tif
236,/sftp/sftp_unr/uploads/Lincoln_Highway/UNRS-P1992-01-6736.tif
238,/sftp/sftp_unr/uploads/Lincoln_Highway/UNRS-P1992-01-6748.tif
329,/sftp/sftp_unr/uploads/Lincoln_Highway/UNRS-P1992-01-6778.tif
332,/sftp/sftp_unr/uploads/Lincoln_Highway/UNRS-P1992-01-6779.tif
191,/sftp/sftp_unr/uploads/Lincoln_Highway/UNRS-P1992-01-6787.tif
193,/sftp/sftp_unr/uploads/Lincoln_Highway/UNRS-P1992-01-6795.tif
198,/sftp/sftp_unr/uploads/Lincoln_Highway/UNRS-P1992-01-6801.tif
247,/sftp/sftp_unr/uploads/Lincoln_Highway/UNRS-P1992-01-6850.tif
294,/sftp/sftp_unr/uploads/Lincoln_Highway/UNRS-P1992-01-6851.tif
246,/sftp/sftp_unr/uploads/Lincoln_Highway/UNRS-P1992-01-6854.tif
262,/sftp/sftp_unr/uploads/Lincoln_Highway/UNRS-P1992-01-7074.tif
328,/sftp/sftp_unr/uploads/Lincoln_Highway/UNRS-P1992-01-7075.tif
339,/sftp/sftp_unr/uploads/Lincoln_Highway/UNRS-P1992-01-7076.tif
341,/sftp/sftp_unr/uploads/Lincoln_Highway/UNRS-P1992-01-7236.tif
225,/sftp/sftp_unr/uploads/Lincoln_Highway/UNRS-P1992-01-7241.tif
293,/sftp/sftp_unr/uploads/Lincoln_Highway/UNRS-P1992-01-7242.tif
285,/sftp/sftp_unr/uploads/Lincoln_Highway/UNRS-P1992-01-7244.tif
251,/sftp/sftp_unr/uploads/Lincoln_Highway/UNRS-P1992-01-7256.tif
350,/sftp/sftp_unr/uploads/Lincoln_Highway/UNRS-P1992-01-7257.tif
249,/sftp/sftp_unr/uploads/Lincoln_Highway/UNRS-P1992-01-7260.tif
325,/sftp/sftp_unr/uploads/Lincoln_Highway/UNRS-P1992-01-7340.tif
327,/sftp/sftp_unr/uploads/Lincoln_Highway/UNRS-P1992-01-7356.tif
197,/sftp/sftp_unr/uploads/Lincoln_Highway/UNRS-P1992-01-7451.tif
201,/sftp/sftp_unr/uploads/Lincoln_Highway/UNRS-P1992-01-7454.tif
195,/sftp/sftp_unr/uploads/Lincoln_Highway/UNRS-P1992-01-7458.tif
314,/sftp/sftp_unr/uploads/Lincoln_Highway/UNRS-P1992-01-7481.tif
217,/sftp/sftp_unr/uploads/Lincoln_Highway/UNRS-P1992-01-7482.tif
216,/sftp/sftp_unr/uploads/Lincoln_Highway/UNRS-P1992-01-7494.tif
346,/sftp/sftp_unr/uploads/Lincoln_Highway/UNRS-P1992-01-7523.tif
255,/sftp/sftp_unr/uploads/Lincoln_Highway/UNRS-P1992-01-7532.tif
289,/sftp/sftp_unr/uploads/Lincoln_Highway/UNRS-P1992-01-7535.tif
274,/sftp/sftp_unr/uploads/Lincoln_Highway/UNRS-P1992-01-7538.tif
342,/sftp/sftp_unr/uploads/Lincoln_Highway/UNRS-P1992-01-7554.tif
213,/sftp/sftp_unr/uploads/Lincoln_Highway/UNRS-P1992-01-7564.tif
322,/sftp/sftp_unr/uploads/Lincoln_Highway/UNRS-P1992-01-7577.tif
340,/sftp/sftp_unr/uploads/Lincoln_Highway/UNRS-P1992-01-7764.tif
260,/sftp/sftp_unr/uploads/Lincoln_Highway/UNRS-P1992-01-7765.tif
245,/sftp/sftp_unr/uploads/Lincoln_Highway/UNRS-P1992-01-8117.tif
334,/sftp/sftp_unr/uploads/Lincoln_Highway/UNRS-P1992-03-0635.tif
281,/sftp/sftp_unr/uploads/Lincoln_Highway/UNRS-P1992-03-0642.tif
333,/sftp/sftp_unr/uploads/Lincoln_Highway/UNRS-P1992-03-0645.tif
308,/sftp/sftp_unr/uploads/Lincoln_Highway/UNRS-P1992-03-0646.tif
229,/sftp/sftp_unr/uploads/Lincoln_Highway/UNRS-P1992-03-0676.tif
317,/sftp/sftp_unr/uploads/Lincoln_Highway/UNRS-P1992-03-0678.tif
241,/sftp/sftp_unr/uploads/Lincoln_Highway/UNRS-P1992-03-0680.tif
352,/sftp/sftp_unr/uploads/Lincoln_Highway/UNRS-P1992-03-0681.tif
349,/sftp/sftp_unr/uploads/Lincoln_Highway/UNRS-P1992-03-0688.tif
220,/sftp/sftp_unr/uploads/Lincoln_Highway/UNRS-P1992-03-0696.tif
336,/sftp/sftp_unr/uploads/Lincoln_Highway/UNRS-P1992-03-0717.tif
304,/sftp/sftp_unr/uploads/Lincoln_Highway/UNRS-P1992-03-0743.tif
233,/sftp/sftp_unr/uploads/Lincoln_Highway/UNRS-P1992-03-0775.tif
315,/sftp/sftp_unr/uploads/Lincoln_Highway/UNRS-P1992-03-0870.tif
223,/sftp/sftp_unr/uploads/Lincoln_Highway/UNRS-P1992-03-0877.tif
337,/sftp/sftp_unr/uploads/Lincoln_Highway/UNRS-P1992-03-0879.tif
348,/sftp/sftp_unr/uploads/Lincoln_Highway/UNRS-P1992-03-0953.tif
210,/sftp/sftp_unr/uploads/Lincoln_Highway/UNRS-P1993-40-2.tif
188,/sftp/sftp_unr/uploads/Lincoln_Highway/UNRS-P1995-38-01.tif
196,/sftp/sftp_unr/uploads/Lincoln_Highway/UNRS-P1995-38-02.tif
199,/sftp/sftp_unr/uploads/Lincoln_Highway/UNRS-P1995-38-03.tif
335,/sftp/sftp_unr/uploads/Lincoln_Highway/UNRS-P1995-38-16.tif
228,/sftp/sftp_unr/uploads/Lincoln_Highway/UNRS-P1995-38-17.tif
226,/sftp/sftp_unr/uploads/Lincoln_Highway/UNRS-P1995-38-18.tif
282,/sftp/sftp_unr/uploads/Lincoln_Highway/UNRS-P1995-38-20.tif
224,/sftp/sftp_unr/uploads/Lincoln_Highway/UNRS-P1995-38-21.tif
256,/sftp/sftp_unr/uploads/Lincoln_Highway/UNRS-P1995-38-78.tif
321,/sftp/sftp_unr/uploads/Lincoln_Highway/UNRS-P1995-39-15.tif
205,/sftp/sftp_unr/uploads/Lincoln_Highway/UNRS-P1995-39-17.tif
310,/sftp/sftp_unr/uploads/Lincoln_Highway/UNRS-P1997-49-305.tif
257,/sftp/sftp_unr/uploads/Lincoln_Highway/UNRS-P2003-12-003.tif
253,/sftp/sftp_unr/uploads/Lincoln_Highway/UNRS-P2003-12-005.tif
298,/sftp/sftp_unr/uploads/Lincoln_Highway/UNRS-P2003-12-128.tif
261,/sftp/sftp_unr/uploads/Lincoln_Highway/UNRS-P2003-12-134.tif
269,/sftp/sftp_unr/uploads/Lincoln_Highway/UNRS-P2003-12-139.tif
276,/sftp/sftp_unr/uploads/Lincoln_Highway/UNRS-P2004-11-3.tif
292,/sftp/sftp_unr/uploads/Lincoln_Highway/UNRS-P2004-11-4.tif