11,/sftp/sftp_unr/uploads/Chair-i-ty/Chairs-0001-05-TDD.tif
27,/sftp/sftp_unr/uploads/Chair-i-ty/Chairs-0002-05-TDD.tif
6,/sftp/sftp_unr/uploads/Chair-i-ty/Chairs-0003-05-TDD.tif
17,/sftp/sftp_unr/uploads/Chair-i-ty/Chairs-0004-05-TDD.tif
33,/sftp/sftp_unr/uploads/Chair-i-ty/Chairs-0005-05-TDD.tif
2,/sftp/sftp_unr/uploads/Chair-i-ty/Chairs-0007-05-TDD.tif
47,/sftp/sftp_unr/uploads/Chair-i-ty/Chairs-0008-05-TDD.tif
15,/sftp/sftp_unr/uploads/Chair-i-ty/Chairs-0009-05-TDD.tif
5,/sftp/sftp_unr/uploads/Chair-i-ty/Chairs-0010-05-TDD.tif
51,/sftp/sftp_unr/uploads/Chair-i-ty/Chairs-0012-05-TDD.tif
0,/sftp/sftp_unr/uploads/Chair-i-ty/Chairs-0014-05-TDD.tif
48,/sftp/sftp_unr/uploads/Chair-i-ty/Chairs-0015-05-TDD.tif
45,/sftp/sftp_unr/uploads/Chair-i-ty/Chairs-0016-05-TDD.tif
44,/sftp/sftp_unr/uploads/Chair-i-ty/Chairs-0017-05-TDD.tif
25,/sftp/sftp_unr/uploads/Chair-i-ty/Chairs-0018-05-TDD.tif
50,/sftp/sftp_unr/uploads/Chair-i-ty/Chairs-0019-05-TDD.tif
43,/sftp/sftp_unr/uploads/Chair-i-ty/Chairs-0020-05-TDD.tif
35,/sftp/sftp_unr/uploads/Chair-i-ty/Chairs-0021-05-TDD.tif
22,/sftp/sftp_unr/uploads/Chair-i-ty/Chairs-0026-05-TDD.tif
21,/sftp/sftp_unr/uploads/Chair-i-ty/Chairs-0028-05-TDD.tif
41,/sftp/sftp_unr/uploads/Chair-i-ty/Chairs-0029-05-TDD.tif
52,/sftp/sftp_unr/uploads/Chair-i-ty/Chairs-0030-05-TDD.tif
39,/sftp/sftp_unr/uploads/Chair-i-ty/Chairs-0031-05-TDD.tif
24,/sftp/sftp_unr/uploads/Chair-i-ty/Chairs-0032-05-TDD.tif
61,/sftp/sftp_unr/uploads/Chair-i-ty/Chairs-0034-05-TDD-01.tif
62,/sftp/sftp_unr/uploads/Chair-i-ty/Chairs-0034-05-TDD-02.tif
13,/sftp/sftp_unr/uploads/Chair-i-ty/Chairs-0036-05-TDD.tif
3,/sftp/sftp_unr/uploads/Chair-i-ty/Chairs-0038-05-TDD.tif
54,/sftp/sftp_unr/uploads/Chair-i-ty/Chairs-0039-05-TDD.tif
30,/sftp/sftp_unr/uploads/Chair-i-ty/Chairs-0040-05-TDD.tif
53,/sftp/sftp_unr/uploads/Chair-i-ty/Chairs-0042-05-TDD.tif
14,/sftp/sftp_unr/uploads/Chair-i-ty/Chairs-0043-05-TDD.tif
23,/sftp/sftp_unr/uploads/Chair-i-ty/Chairs-0045-05-TDD.tif
36,/sftp/sftp_unr/uploads/Chair-i-ty/Chairs-0046-05-TDD.tif
8,/sftp/sftp_unr/uploads/Chair-i-ty/Chairs-0050-05-TDD.tif
16,/sftp/sftp_unr/uploads/Chair-i-ty/Chairs-0053-05-TDD.tif
49,/sftp/sftp_unr/uploads/Chair-i-ty/Chairs-0055-05-TDD.tif
38,/sftp/sftp_unr/uploads/Chair-i-ty/Chairs-0056-05-TDD.tif
42,/sftp/sftp_unr/uploads/Chair-i-ty/Chairs-0057-05-TDD.tif
7,/sftp/sftp_unr/uploads/Chair-i-ty/Chairs-0058-05-TDD.tif
32,/sftp/sftp_unr/uploads/Chair-i-ty/Chairs-0059-05-TDD.tif
31,/sftp/sftp_unr/uploads/Chair-i-ty/Chairs-0060-05-TDD.tif
58,/sftp/sftp_unr/uploads/Chair-i-ty/Chairs-0061-05-TDD-01.tif
59,/sftp/sftp_unr/uploads/Chair-i-ty/Chairs-0061-05-TDD-02.tif
1,/sftp/sftp_unr/uploads/Chair-i-ty/Chairs-0063-05-TDD.tif
34,/sftp/sftp_unr/uploads/Chair-i-ty/Chairs-0064-05-TDD.tif
37,/sftp/sftp_unr/uploads/Chair-i-ty/Chairs-0065-05-TDD.tif
28,/sftp/sftp_unr/uploads/Chair-i-ty/Chairs-0066-05-TDD.tif
26,/sftp/sftp_unr/uploads/Chair-i-ty/Chairs-0067-05-TDD.tif
9,/sftp/sftp_unr/uploads/Chair-i-ty/Chairs-0068-05-TDD.tif
55,/sftp/sftp_unr/uploads/Chair-i-ty/Chairs-0069-05-TDD-01.tif
56,/sftp/sftp_unr/uploads/Chair-i-ty/Chairs-0069-05-TDD-02.tif
46,/sftp/sftp_unr/uploads/Chair-i-ty/Chairs-0075-05-TDD.tif
18,/sftp/sftp_unr/uploads/Chair-i-ty/Chairs-0076-05-TDD.tif
12,/sftp/sftp_unr/uploads/Chair-i-ty/Chairs-0077-05-TDD.tif
29,/sftp/sftp_unr/uploads/Chair-i-ty/Chairs-0079-05-TDD.tif
40,/sftp/sftp_unr/uploads/Chair-i-ty/Chairs-0081-05-TDD.tif
20,/sftp/sftp_unr/uploads/Chair-i-ty/Chairs-0083-05-TDD.tif
19,/sftp/sftp_unr/uploads/Chair-i-ty/Chairs-0084-05-TDD.tif
4,/sftp/sftp_unr/uploads/Chair-i-ty/Chairs-0085-05-TDD.tif
10,/sftp/sftp_unr/uploads/Chair-i-ty/Chairs-0086-05-TDD.tif