18,/sftp/sftp_unr/uploads/Reid/Reid00001.pdf
10,/sftp/sftp_unr/uploads/Reid/Reid00002.pdf
9,/sftp/sftp_unr/uploads/Reid/Reid00005.pdf
26,/sftp/sftp_unr/uploads/Reid/Reid00006.pdf
23,/sftp/sftp_unr/uploads/Reid/Reid00007.pdf
0,/sftp/sftp_unr/uploads/Reid/Reid00008.pdf
6,/sftp/sftp_unr/uploads/Reid/Reid00009.pdf
14,/sftp/sftp_unr/uploads/Reid/Reid00010.pdf
2,/sftp/sftp_unr/uploads/Reid/Reid00012.pdf
19,/sftp/sftp_unr/uploads/Reid/Reid00013.pdf
16,/sftp/sftp_unr/uploads/Reid/Reid00014.pdf
24,/sftp/sftp_unr/uploads/Reid/Reid00015.pdf
1,/sftp/sftp_unr/uploads/Reid/Reid00016.pdf
25,/sftp/sftp_unr/uploads/Reid/Reid00019.pdf
22,/sftp/sftp_unr/uploads/Reid/Reid00022.pdf
28,/sftp/sftp_unr/uploads/Reid/Reid00024.pdf
4,/sftp/sftp_unr/uploads/Reid/Reid00028.pdf
13,/sftp/sftp_unr/uploads/Reid/Reid00029.tif
17,/sftp/sftp_unr/uploads/Reid/Reid00030.tif
29,/sftp/sftp_unr/uploads/Reid/Reid00031.tif
46,/sftp/sftp_unr/uploads/Reid/Reid00032.tif
35,/sftp/sftp_unr/uploads/Reid/Reid00033.tif
37,/sftp/sftp_unr/uploads/Reid/Reid00034.tif
42,/sftp/sftp_unr/uploads/Reid/Reid00035.tif
48,/sftp/sftp_unr/uploads/Reid/Reid00036.tif
47,/sftp/sftp_unr/uploads/Reid/Reid00037.tif
36,/sftp/sftp_unr/uploads/Reid/Reid00038.tif
41,/sftp/sftp_unr/uploads/Reid/Reid00039.tif
45,/sftp/sftp_unr/uploads/Reid/Reid00040.tif
44,/sftp/sftp_unr/uploads/Reid/Reid00041.tif
34,/sftp/sftp_unr/uploads/Reid/Reid00042.tif
32,/sftp/sftp_unr/uploads/Reid/Reid00043.tif
43,/sftp/sftp_unr/uploads/Reid/Reid00044.tif
40,/sftp/sftp_unr/uploads/Reid/Reid00045.tif
30,/sftp/sftp_unr/uploads/Reid/Reid00046.tif
38,/sftp/sftp_unr/uploads/Reid/Reid00047.tif
39,/sftp/sftp_unr/uploads/Reid/Reid00048.tif
31,/sftp/sftp_unr/uploads/Reid/Reid00049.tif
33,/sftp/sftp_unr/uploads/Reid/Reid00050.tif