150,/sftp/sftp_unr/uploads/Sagebrush_Vern/UNRS-P2003-13-013.tif
260,/sftp/sftp_unr/uploads/Sagebrush_Vern/UNRS-P2003-13-014.tif
199,/sftp/sftp_unr/uploads/Sagebrush_Vern/UNRS-P2003-13-025.tif
211,/sftp/sftp_unr/uploads/Sagebrush_Vern/UNRS-P2003-13-029.tif
218,/sftp/sftp_unr/uploads/Sagebrush_Vern/UNRS-P2003-13-030.tif
243,/sftp/sftp_unr/uploads/Sagebrush_Vern/UNRS-P2003-13-043.tif
246,/sftp/sftp_unr/uploads/Sagebrush_Vern/UNRS-P2003-13-045.tif
247,/sftp/sftp_unr/uploads/Sagebrush_Vern/UNRS-P2003-13-046.tif
248,/sftp/sftp_unr/uploads/Sagebrush_Vern/UNRS-P2003-13-051.tif
249,/sftp/sftp_unr/uploads/Sagebrush_Vern/UNRS-P2003-13-061.tif
250,/sftp/sftp_unr/uploads/Sagebrush_Vern/UNRS-P2003-13-065.tif
251,/sftp/sftp_unr/uploads/Sagebrush_Vern/UNRS-P2003-13-070.tif
252,/sftp/sftp_unr/uploads/Sagebrush_Vern/UNRS-P2003-13-075.tif
253,/sftp/sftp_unr/uploads/Sagebrush_Vern/UNRS-P2003-13-078.tif
254,/sftp/sftp_unr/uploads/Sagebrush_Vern/UNRS-P2003-13-079.tif
255,/sftp/sftp_unr/uploads/Sagebrush_Vern/UNRS-P2003-13-084.tif
256,/sftp/sftp_unr/uploads/Sagebrush_Vern/UNRS-P2003-13-085.tif
257,/sftp/sftp_unr/uploads/Sagebrush_Vern/UNRS-P2003-13-088.tif
55,/sftp/sftp_unr/uploads/Sagebrush_Vern/UNRS-P2003-13-109.tif
143,/sftp/sftp_unr/uploads/Sagebrush_Vern/UNRS-P2003-13-110.tif
144,/sftp/sftp_unr/uploads/Sagebrush_Vern/UNRS-P2003-13-111.tif
145,/sftp/sftp_unr/uploads/Sagebrush_Vern/UNRS-P2003-13-112.tif
146,/sftp/sftp_unr/uploads/Sagebrush_Vern/UNRS-P2003-13-113.tif
147,/sftp/sftp_unr/uploads/Sagebrush_Vern/UNRS-P2003-13-114.tif
148,/sftp/sftp_unr/uploads/Sagebrush_Vern/UNRS-P2003-13-119.tif
149,/sftp/sftp_unr/uploads/Sagebrush_Vern/UNRS-P2003-13-127.tif
151,/sftp/sftp_unr/uploads/Sagebrush_Vern/UNRS-P2003-13-130.tif
152,/sftp/sftp_unr/uploads/Sagebrush_Vern/UNRS-P2003-13-138.tif
153,/sftp/sftp_unr/uploads/Sagebrush_Vern/UNRS-P2003-13-139.tif
154,/sftp/sftp_unr/uploads/Sagebrush_Vern/UNRS-P2003-13-140.tif
155,/sftp/sftp_unr/uploads/Sagebrush_Vern/UNRS-P2003-13-142.tif
156,/sftp/sftp_unr/uploads/Sagebrush_Vern/UNRS-P2003-13-144.tif
157,/sftp/sftp_unr/uploads/Sagebrush_Vern/UNRS-P2003-13-148.tif
158,/sftp/sftp_unr/uploads/Sagebrush_Vern/UNRS-P2003-13-154.tif
159,/sftp/sftp_unr/uploads/Sagebrush_Vern/UNRS-P2003-13-156.tif
160,/sftp/sftp_unr/uploads/Sagebrush_Vern/UNRS-P2003-13-157.tif
161,/sftp/sftp_unr/uploads/Sagebrush_Vern/UNRS-P2003-13-160.tif
162,/sftp/sftp_unr/uploads/Sagebrush_Vern/UNRS-P2003-13-166.tif
163,/sftp/sftp_unr/uploads/Sagebrush_Vern/UNRS-P2003-13-172.tif
164,/sftp/sftp_unr/uploads/Sagebrush_Vern/UNRS-P2003-13-178.tif
165,/sftp/sftp_unr/uploads/Sagebrush_Vern/UNRS-P2003-13-183.tif
166,/sftp/sftp_unr/uploads/Sagebrush_Vern/UNRS-P2003-13-184.tif
167,/sftp/sftp_unr/uploads/Sagebrush_Vern/UNRS-P2003-13-185.tif
168,/sftp/sftp_unr/uploads/Sagebrush_Vern/UNRS-P2003-13-186.tif
169,/sftp/sftp_unr/uploads/Sagebrush_Vern/UNRS-P2003-13-187.tif
170,/sftp/sftp_unr/uploads/Sagebrush_Vern/UNRS-P2003-13-188.tif
171,/sftp/sftp_unr/uploads/Sagebrush_Vern/UNRS-P2003-13-189.tif
172,/sftp/sftp_unr/uploads/Sagebrush_Vern/UNRS-P2003-13-190.tif
173,/sftp/sftp_unr/uploads/Sagebrush_Vern/UNRS-P2003-13-191.tif
174,/sftp/sftp_unr/uploads/Sagebrush_Vern/UNRS-P2003-13-192.tif
175,/sftp/sftp_unr/uploads/Sagebrush_Vern/UNRS-P2003-13-193.tif
176,/sftp/sftp_unr/uploads/Sagebrush_Vern/UNRS-P2003-13-194.tif
177,/sftp/sftp_unr/uploads/Sagebrush_Vern/UNRS-P2003-13-195.tif
178,/sftp/sftp_unr/uploads/Sagebrush_Vern/UNRS-P2003-13-196.tif
179,/sftp/sftp_unr/uploads/Sagebrush_Vern/UNRS-P2003-13-197.tif
180,/sftp/sftp_unr/uploads/Sagebrush_Vern/UNRS-P2003-13-198.tif
259,/sftp/sftp_unr/uploads/Sagebrush_Vern/UNRS-P2003-13-200.tif
181,/sftp/sftp_unr/uploads/Sagebrush_Vern/UNRS-P2003-13-202.tif
182,/sftp/sftp_unr/uploads/Sagebrush_Vern/UNRS-P2003-13-203.tif
183,/sftp/sftp_unr/uploads/Sagebrush_Vern/UNRS-P2003-13-209.tif
261,/sftp/sftp_unr/uploads/Sagebrush_Vern/UNRS-P2003-13-212.tif
184,/sftp/sftp_unr/uploads/Sagebrush_Vern/UNRS-P2003-13-213.tif
185,/sftp/sftp_unr/uploads/Sagebrush_Vern/UNRS-P2003-13-214.tif
186,/sftp/sftp_unr/uploads/Sagebrush_Vern/UNRS-P2003-13-215.tif
187,/sftp/sftp_unr/uploads/Sagebrush_Vern/UNRS-P2003-13-217.tif
188,/sftp/sftp_unr/uploads/Sagebrush_Vern/UNRS-P2003-13-220.tif
189,/sftp/sftp_unr/uploads/Sagebrush_Vern/UNRS-P2003-13-223.tif
190,/sftp/sftp_unr/uploads/Sagebrush_Vern/UNRS-P2003-13-227.tif
191,/sftp/sftp_unr/uploads/Sagebrush_Vern/UNRS-P2003-13-234.tif
192,/sftp/sftp_unr/uploads/Sagebrush_Vern/UNRS-P2003-13-235.tif
193,/sftp/sftp_unr/uploads/Sagebrush_Vern/UNRS-P2003-13-241.tif
194,/sftp/sftp_unr/uploads/Sagebrush_Vern/UNRS-P2003-13-243.tif
196,/sftp/sftp_unr/uploads/Sagebrush_Vern/UNRS-P2003-13-247.tif
197,/sftp/sftp_unr/uploads/Sagebrush_Vern/UNRS-P2003-13-248.tif
198,/sftp/sftp_unr/uploads/Sagebrush_Vern/UNRS-P2003-13-249.tif
200,/sftp/sftp_unr/uploads/Sagebrush_Vern/UNRS-P2003-13-253.tif
201,/sftp/sftp_unr/uploads/Sagebrush_Vern/UNRS-P2003-13-254.tif
202,/sftp/sftp_unr/uploads/Sagebrush_Vern/UNRS-P2003-13-256.tif
203,/sftp/sftp_unr/uploads/Sagebrush_Vern/UNRS-P2003-13-266.tif
204,/sftp/sftp_unr/uploads/Sagebrush_Vern/UNRS-P2003-13-271.tif
205,/sftp/sftp_unr/uploads/Sagebrush_Vern/UNRS-P2003-13-281.tif
206,/sftp/sftp_unr/uploads/Sagebrush_Vern/UNRS-P2003-13-282.tif
207,/sftp/sftp_unr/uploads/Sagebrush_Vern/UNRS-P2003-13-284.tif
208,/sftp/sftp_unr/uploads/Sagebrush_Vern/UNRS-P2003-13-286.tif
209,/sftp/sftp_unr/uploads/Sagebrush_Vern/UNRS-P2003-13-288.tif
210,/sftp/sftp_unr/uploads/Sagebrush_Vern/UNRS-P2003-13-289.tif
212,/sftp/sftp_unr/uploads/Sagebrush_Vern/UNRS-P2003-13-291.tif
213,/sftp/sftp_unr/uploads/Sagebrush_Vern/UNRS-P2003-13-292.tif
214,/sftp/sftp_unr/uploads/Sagebrush_Vern/UNRS-P2003-13-293.tif
215,/sftp/sftp_unr/uploads/Sagebrush_Vern/UNRS-P2003-13-294.tif
216,/sftp/sftp_unr/uploads/Sagebrush_Vern/UNRS-P2003-13-297.tif
217,/sftp/sftp_unr/uploads/Sagebrush_Vern/UNRS-P2003-13-298.tif
219,/sftp/sftp_unr/uploads/Sagebrush_Vern/UNRS-P2003-13-305.tif
220,/sftp/sftp_unr/uploads/Sagebrush_Vern/UNRS-P2003-13-334.tif
221,/sftp/sftp_unr/uploads/Sagebrush_Vern/UNRS-P2003-13-335.tif
222,/sftp/sftp_unr/uploads/Sagebrush_Vern/UNRS-P2003-13-338.tif
223,/sftp/sftp_unr/uploads/Sagebrush_Vern/UNRS-P2003-13-345.tif
224,/sftp/sftp_unr/uploads/Sagebrush_Vern/UNRS-P2003-13-346.tif
225,/sftp/sftp_unr/uploads/Sagebrush_Vern/UNRS-P2003-13-349.tif
226,/sftp/sftp_unr/uploads/Sagebrush_Vern/UNRS-P2003-13-354.tif
227,/sftp/sftp_unr/uploads/Sagebrush_Vern/UNRS-P2003-13-357.tif
228,/sftp/sftp_unr/uploads/Sagebrush_Vern/UNRS-P2003-13-359.tif
229,/sftp/sftp_unr/uploads/Sagebrush_Vern/UNRS-P2003-13-363.tif
230,/sftp/sftp_unr/uploads/Sagebrush_Vern/UNRS-P2003-13-368.tif
231,/sftp/sftp_unr/uploads/Sagebrush_Vern/UNRS-P2003-13-371.tif
232,/sftp/sftp_unr/uploads/Sagebrush_Vern/UNRS-P2003-13-389.tif
233,/sftp/sftp_unr/uploads/Sagebrush_Vern/UNRS-P2003-13-393.tif
234,/sftp/sftp_unr/uploads/Sagebrush_Vern/UNRS-P2003-13-395.tif
235,/sftp/sftp_unr/uploads/Sagebrush_Vern/UNRS-P2003-13-398.tif
236,/sftp/sftp_unr/uploads/Sagebrush_Vern/UNRS-P2003-13-402.tif
237,/sftp/sftp_unr/uploads/Sagebrush_Vern/UNRS-P2003-13-405.tif
238,/sftp/sftp_unr/uploads/Sagebrush_Vern/UNRS-P2003-13-406.tif
239,/sftp/sftp_unr/uploads/Sagebrush_Vern/UNRS-P2003-13-412.tif
240,/sftp/sftp_unr/uploads/Sagebrush_Vern/UNRS-P2003-13-420.tif
241,/sftp/sftp_unr/uploads/Sagebrush_Vern/UNRS-P2003-13-421.tif
242,/sftp/sftp_unr/uploads/Sagebrush_Vern/UNRS-P2003-13-429.tif
258,/sftp/sftp_unr/uploads/Sagebrush_Vern/UNRS-P2003-13-432.tif
244,/sftp/sftp_unr/uploads/Sagebrush_Vern/UNRS-P2003-13-435.tif
245,/sftp/sftp_unr/uploads/Sagebrush_Vern/UNRS-P2003-13-438.tif