0	/sftp/sftp_unr/uploads/la_baskonia/1893/18931010.pdf
1	/sftp/sftp_unr/uploads/la_baskonia/1893/18931020.pdf
2	/sftp/sftp_unr/uploads/la_baskonia/1893/18931030.pdf
3	/sftp/sftp_unr/uploads/la_baskonia/1893/18931110.pdf
4	/sftp/sftp_unr/uploads/la_baskonia/1893/18931120.pdf
5	/sftp/sftp_unr/uploads/la_baskonia/1893/18931130.pdf
6	/sftp/sftp_unr/uploads/la_baskonia/1893/18931210.pdf
7	/sftp/sftp_unr/uploads/la_baskonia/1893/18931220.pdf
8	/sftp/sftp_unr/uploads/la_baskonia/1894/1893_1894TOC.pdf
20	/sftp/sftp_unr/uploads/la_baskonia/1894/18940102.pdf
21	/sftp/sftp_unr/uploads/la_baskonia/1894/18940110.pdf
22	/sftp/sftp_unr/uploads/la_baskonia/1894/18940120.pdf
23	/sftp/sftp_unr/uploads/la_baskonia/1894/18940130.pdf
24	/sftp/sftp_unr/uploads/la_baskonia/1894/18940210.pdf
25	/sftp/sftp_unr/uploads/la_baskonia/1894/18940220.pdf
26	/sftp/sftp_unr/uploads/la_baskonia/1894/18940228.pdf
27	/sftp/sftp_unr/uploads/la_baskonia/1894/18940310.pdf
28	/sftp/sftp_unr/uploads/la_baskonia/1894/18940320.pdf
29	/sftp/sftp_unr/uploads/la_baskonia/1894/18940330.pdf
30	/sftp/sftp_unr/uploads/la_baskonia/1894/18940410.pdf
31	/sftp/sftp_unr/uploads/la_baskonia/1894/18940420.pdf
32	/sftp/sftp_unr/uploads/la_baskonia/1894/18940502.pdf
33	/sftp/sftp_unr/uploads/la_baskonia/1894/18940510.pdf
34	/sftp/sftp_unr/uploads/la_baskonia/1894/18940520.pdf
35	/sftp/sftp_unr/uploads/la_baskonia/1894/18940530.pdf
36	/sftp/sftp_unr/uploads/la_baskonia/1894/18940610.pdf
37	/sftp/sftp_unr/uploads/la_baskonia/1894/18940620.pdf
38	/sftp/sftp_unr/uploads/la_baskonia/1894/18940630.pdf
39	/sftp/sftp_unr/uploads/la_baskonia/1894/18940710.pdf
40	/sftp/sftp_unr/uploads/la_baskonia/1894/18940720.pdf
41	/sftp/sftp_unr/uploads/la_baskonia/1894/18940730.pdf
42	/sftp/sftp_unr/uploads/la_baskonia/1894/18940810.pdf
43	/sftp/sftp_unr/uploads/la_baskonia/1894/18940820.pdf
44	/sftp/sftp_unr/uploads/la_baskonia/1894/18940830.pdf
45	/sftp/sftp_unr/uploads/la_baskonia/1894/18940910.pdf
46	/sftp/sftp_unr/uploads/la_baskonia/1894/18940920.pdf
47	/sftp/sftp_unr/uploads/la_baskonia/1894/18940930.pdf
48	/sftp/sftp_unr/uploads/la_baskonia/1894/18941010.pdf
49	/sftp/sftp_unr/uploads/la_baskonia/1894/18941020.pdf
50	/sftp/sftp_unr/uploads/la_baskonia/1894/18941030.pdf
51	/sftp/sftp_unr/uploads/la_baskonia/1894/18941110.pdf
52	/sftp/sftp_unr/uploads/la_baskonia/1894/18941120.pdf
53	/sftp/sftp_unr/uploads/la_baskonia/1894/18941130.pdf
54	/sftp/sftp_unr/uploads/la_baskonia/1894/18941210.pdf
55	/sftp/sftp_unr/uploads/la_baskonia/1894/18941220.pdf
56	/sftp/sftp_unr/uploads/la_baskonia/1894/18941230.pdf
1526	/sftp/sftp_unr/uploads/la_baskonia/1895/1894_1895TOC.pdf
60	/sftp/sftp_unr/uploads/la_baskonia/1895/18950110.pdf
61	/sftp/sftp_unr/uploads/la_baskonia/1895/18950120.pdf
62	/sftp/sftp_unr/uploads/la_baskonia/1895/18950130.pdf
63	/sftp/sftp_unr/uploads/la_baskonia/1895/18950210.pdf
64	/sftp/sftp_unr/uploads/la_baskonia/1895/18950220.pdf
65	/sftp/sftp_unr/uploads/la_baskonia/1895/18950228.pdf
66	/sftp/sftp_unr/uploads/la_baskonia/1895/18950310.pdf
67	/sftp/sftp_unr/uploads/la_baskonia/1895/18950320.pdf
68	/sftp/sftp_unr/uploads/la_baskonia/1895/18950330.pdf
69	/sftp/sftp_unr/uploads/la_baskonia/1895/18950410.pdf
70	/sftp/sftp_unr/uploads/la_baskonia/1895/18950420.pdf
71	/sftp/sftp_unr/uploads/la_baskonia/1895/18950430.pdf
72	/sftp/sftp_unr/uploads/la_baskonia/1895/18950510.pdf
73	/sftp/sftp_unr/uploads/la_baskonia/1895/18950520.pdf
74	/sftp/sftp_unr/uploads/la_baskonia/1895/18950530.pdf
75	/sftp/sftp_unr/uploads/la_baskonia/1895/18950610.pdf
76	/sftp/sftp_unr/uploads/la_baskonia/1895/18950620.pdf
77	/sftp/sftp_unr/uploads/la_baskonia/1895/18950630.pdf
78	/sftp/sftp_unr/uploads/la_baskonia/1895/18950710.pdf
79	/sftp/sftp_unr/uploads/la_baskonia/1895/18950720.pdf
80	/sftp/sftp_unr/uploads/la_baskonia/1895/18950730.pdf
81	/sftp/sftp_unr/uploads/la_baskonia/1895/18950810.pdf
82	/sftp/sftp_unr/uploads/la_baskonia/1895/18950820.pdf
83	/sftp/sftp_unr/uploads/la_baskonia/1895/18950830.pdf
84	/sftp/sftp_unr/uploads/la_baskonia/1895/18950910.pdf
85	/sftp/sftp_unr/uploads/la_baskonia/1895/18950920.pdf
86	/sftp/sftp_unr/uploads/la_baskonia/1895/18950930.pdf
87	/sftp/sftp_unr/uploads/la_baskonia/1895/18951010.pdf
88	/sftp/sftp_unr/uploads/la_baskonia/1895/18951020.pdf
89	/sftp/sftp_unr/uploads/la_baskonia/1895/18951030.pdf
90	/sftp/sftp_unr/uploads/la_baskonia/1895/18951110.pdf
91	/sftp/sftp_unr/uploads/la_baskonia/1895/18951120.pdf
92	/sftp/sftp_unr/uploads/la_baskonia/1895/18951130.pdf
93	/sftp/sftp_unr/uploads/la_baskonia/1895/18951210.pdf
94	/sftp/sftp_unr/uploads/la_baskonia/1895/18951220.pdf
95	/sftp/sftp_unr/uploads/la_baskonia/1896/1895_1896TOC.pdf
134	/sftp/sftp_unr/uploads/la_baskonia/1896/18960101.pdf
97	/sftp/sftp_unr/uploads/la_baskonia/1896/18960110.pdf
98	/sftp/sftp_unr/uploads/la_baskonia/1896/18960120.pdf
99	/sftp/sftp_unr/uploads/la_baskonia/1896/18960130.pdf
100	/sftp/sftp_unr/uploads/la_baskonia/1896/18960210.pdf
101	/sftp/sftp_unr/uploads/la_baskonia/1896/18960220.pdf
102	/sftp/sftp_unr/uploads/la_baskonia/1896/18960229.pdf
103	/sftp/sftp_unr/uploads/la_baskonia/1896/18960310.pdf
104	/sftp/sftp_unr/uploads/la_baskonia/1896/18960320.pdf
105	/sftp/sftp_unr/uploads/la_baskonia/1896/18960330.pdf
106	/sftp/sftp_unr/uploads/la_baskonia/1896/18960410.pdf
107	/sftp/sftp_unr/uploads/la_baskonia/1896/18960420.pdf
108	/sftp/sftp_unr/uploads/la_baskonia/1896/18960430.pdf
109	/sftp/sftp_unr/uploads/la_baskonia/1896/18960510.pdf
110	/sftp/sftp_unr/uploads/la_baskonia/1896/18960520.pdf
111	/sftp/sftp_unr/uploads/la_baskonia/1896/18960530.pdf
112	/sftp/sftp_unr/uploads/la_baskonia/1896/18960610.pdf
113	/sftp/sftp_unr/uploads/la_baskonia/1896/18960620.pdf
114	/sftp/sftp_unr/uploads/la_baskonia/1896/18960630.pdf
115	/sftp/sftp_unr/uploads/la_baskonia/1896/18960710.pdf
116	/sftp/sftp_unr/uploads/la_baskonia/1896/18960720.pdf
117	/sftp/sftp_unr/uploads/la_baskonia/1896/18960730.pdf
118	/sftp/sftp_unr/uploads/la_baskonia/1896/18960810.pdf
119	/sftp/sftp_unr/uploads/la_baskonia/1896/18960820.pdf
120	/sftp/sftp_unr/uploads/la_baskonia/1896/18960830.pdf
121	/sftp/sftp_unr/uploads/la_baskonia/1896/18960910.pdf
122	/sftp/sftp_unr/uploads/la_baskonia/1896/18960920.pdf
123	/sftp/sftp_unr/uploads/la_baskonia/1896/18960930.pdf
124	/sftp/sftp_unr/uploads/la_baskonia/1896/18961010.pdf
125	/sftp/sftp_unr/uploads/la_baskonia/1896/18961020.pdf
126	/sftp/sftp_unr/uploads/la_baskonia/1896/18961030.pdf
127	/sftp/sftp_unr/uploads/la_baskonia/1896/18961110.pdf
128	/sftp/sftp_unr/uploads/la_baskonia/1896/18961120.pdf
129	/sftp/sftp_unr/uploads/la_baskonia/1896/18961130.pdf
130	/sftp/sftp_unr/uploads/la_baskonia/1896/18961210.pdf
131	/sftp/sftp_unr/uploads/la_baskonia/1896/18961220.pdf
132	/sftp/sftp_unr/uploads/la_baskonia/1896/18961230.pdf
136	/sftp/sftp_unr/uploads/la_baskonia/1897/18970110.pdf
138	/sftp/sftp_unr/uploads/la_baskonia/1897/18970120.pdf
140	/sftp/sftp_unr/uploads/la_baskonia/1897/18970130.pdf
142	/sftp/sftp_unr/uploads/la_baskonia/1897/18970210.pdf
143	/sftp/sftp_unr/uploads/la_baskonia/1897/18970220.pdf
144	/sftp/sftp_unr/uploads/la_baskonia/1897/18970228.pdf
145	/sftp/sftp_unr/uploads/la_baskonia/1897/18970310.pdf
146	/sftp/sftp_unr/uploads/la_baskonia/1897/18970320.pdf
147	/sftp/sftp_unr/uploads/la_baskonia/1897/18970330.pdf
148	/sftp/sftp_unr/uploads/la_baskonia/1897/18970410.pdf
149	/sftp/sftp_unr/uploads/la_baskonia/1897/18970420.pdf
150	/sftp/sftp_unr/uploads/la_baskonia/1897/18970430.pdf
151	/sftp/sftp_unr/uploads/la_baskonia/1897/18970510.pdf
152	/sftp/sftp_unr/uploads/la_baskonia/1897/18970520.pdf
153	/sftp/sftp_unr/uploads/la_baskonia/1897/18970530.pdf
154	/sftp/sftp_unr/uploads/la_baskonia/1897/18970610.pdf
155	/sftp/sftp_unr/uploads/la_baskonia/1897/18970620.pdf
156	/sftp/sftp_unr/uploads/la_baskonia/1897/18970630.pdf
157	/sftp/sftp_unr/uploads/la_baskonia/1897/18970710.pdf
158	/sftp/sftp_unr/uploads/la_baskonia/1897/18970720.pdf
159	/sftp/sftp_unr/uploads/la_baskonia/1897/18970730.pdf
160	/sftp/sftp_unr/uploads/la_baskonia/1897/18970810.pdf
161	/sftp/sftp_unr/uploads/la_baskonia/1897/18970820.pdf
162	/sftp/sftp_unr/uploads/la_baskonia/1897/18970830.pdf
163	/sftp/sftp_unr/uploads/la_baskonia/1897/18970910.pdf
164	/sftp/sftp_unr/uploads/la_baskonia/1897/18970920.pdf
165	/sftp/sftp_unr/uploads/la_baskonia/1897/18970930.pdf
166	/sftp/sftp_unr/uploads/la_baskonia/1897/18971010.pdf
167	/sftp/sftp_unr/uploads/la_baskonia/1897/18971020.pdf
168	/sftp/sftp_unr/uploads/la_baskonia/1897/18971030.pdf
169	/sftp/sftp_unr/uploads/la_baskonia/1897/18971110.pdf
170	/sftp/sftp_unr/uploads/la_baskonia/1897/18971120.pdf
171	/sftp/sftp_unr/uploads/la_baskonia/1897/18971130.pdf
172	/sftp/sftp_unr/uploads/la_baskonia/1897/18971210.pdf
173	/sftp/sftp_unr/uploads/la_baskonia/1897/18971220.pdf
174	/sftp/sftp_unr/uploads/la_baskonia/1897/18971230.pdf
175	/sftp/sftp_unr/uploads/la_baskonia/1898/1897_1898TOC.pdf
137	/sftp/sftp_unr/uploads/la_baskonia/1898/18980110.pdf
139	/sftp/sftp_unr/uploads/la_baskonia/1898/18980120.pdf
141	/sftp/sftp_unr/uploads/la_baskonia/1898/18980130.pdf
179	/sftp/sftp_unr/uploads/la_baskonia/1898/18980210.pdf
180	/sftp/sftp_unr/uploads/la_baskonia/1898/18980220.pdf
181	/sftp/sftp_unr/uploads/la_baskonia/1898/18980228.pdf
182	/sftp/sftp_unr/uploads/la_baskonia/1898/18980310.pdf
183	/sftp/sftp_unr/uploads/la_baskonia/1898/18980320.pdf
184	/sftp/sftp_unr/uploads/la_baskonia/1898/18980410.pdf
185	/sftp/sftp_unr/uploads/la_baskonia/1898/18980420.pdf
186	/sftp/sftp_unr/uploads/la_baskonia/1898/18980430.pdf
187	/sftp/sftp_unr/uploads/la_baskonia/1898/18980510.pdf
188	/sftp/sftp_unr/uploads/la_baskonia/1898/18980520.pdf
189	/sftp/sftp_unr/uploads/la_baskonia/1898/18980530.pdf
190	/sftp/sftp_unr/uploads/la_baskonia/1898/18980610.pdf
191	/sftp/sftp_unr/uploads/la_baskonia/1898/18980620.pdf
192	/sftp/sftp_unr/uploads/la_baskonia/1898/18980630.pdf
193	/sftp/sftp_unr/uploads/la_baskonia/1898/18980710.pdf
194	/sftp/sftp_unr/uploads/la_baskonia/1898/18980720.pdf
195	/sftp/sftp_unr/uploads/la_baskonia/1898/18980730.pdf
196	/sftp/sftp_unr/uploads/la_baskonia/1898/18980810.pdf
197	/sftp/sftp_unr/uploads/la_baskonia/1898/18980820.pdf
198	/sftp/sftp_unr/uploads/la_baskonia/1898/18980830.pdf
199	/sftp/sftp_unr/uploads/la_baskonia/1898/18980910.pdf
200	/sftp/sftp_unr/uploads/la_baskonia/1898/18980920.pdf
201	/sftp/sftp_unr/uploads/la_baskonia/1898/18980930.pdf
202	/sftp/sftp_unr/uploads/la_baskonia/1898/18981010.pdf
203	/sftp/sftp_unr/uploads/la_baskonia/1898/18981020.pdf
204	/sftp/sftp_unr/uploads/la_baskonia/1898/18981030.pdf
205	/sftp/sftp_unr/uploads/la_baskonia/1898/18981110.pdf
206	/sftp/sftp_unr/uploads/la_baskonia/1898/18981120.pdf
207	/sftp/sftp_unr/uploads/la_baskonia/1898/18981130.pdf
208	/sftp/sftp_unr/uploads/la_baskonia/1898/18981210.pdf
209	/sftp/sftp_unr/uploads/la_baskonia/1898/18981220.pdf
210	/sftp/sftp_unr/uploads/la_baskonia/1898/18981230.pdf
211	/sftp/sftp_unr/uploads/la_baskonia/1899/1898_1899TOC.pdf
214	/sftp/sftp_unr/uploads/la_baskonia/1899/18990110.pdf
215	/sftp/sftp_unr/uploads/la_baskonia/1899/18990120.pdf
216	/sftp/sftp_unr/uploads/la_baskonia/1899/18990130.pdf
217	/sftp/sftp_unr/uploads/la_baskonia/1899/18990210.pdf
218	/sftp/sftp_unr/uploads/la_baskonia/1899/18990220.pdf
219	/sftp/sftp_unr/uploads/la_baskonia/1899/18990228.pdf
220	/sftp/sftp_unr/uploads/la_baskonia/1899/18990310.pdf
221	/sftp/sftp_unr/uploads/la_baskonia/1899/18990320.pdf
222	/sftp/sftp_unr/uploads/la_baskonia/1899/18990330.pdf
223	/sftp/sftp_unr/uploads/la_baskonia/1899/18990410.pdf
224	/sftp/sftp_unr/uploads/la_baskonia/1899/18990420.pdf
225	/sftp/sftp_unr/uploads/la_baskonia/1899/18990430.pdf
226	/sftp/sftp_unr/uploads/la_baskonia/1899/18990510.pdf
227	/sftp/sftp_unr/uploads/la_baskonia/1899/18990520.pdf
228	/sftp/sftp_unr/uploads/la_baskonia/1899/18990530.pdf
229	/sftp/sftp_unr/uploads/la_baskonia/1899/18990610.pdf
230	/sftp/sftp_unr/uploads/la_baskonia/1899/18990620.pdf
231	/sftp/sftp_unr/uploads/la_baskonia/1899/18990630.pdf
232	/sftp/sftp_unr/uploads/la_baskonia/1899/18990710.pdf
233	/sftp/sftp_unr/uploads/la_baskonia/1899/18990720.pdf
234	/sftp/sftp_unr/uploads/la_baskonia/1899/18990730.pdf
235	/sftp/sftp_unr/uploads/la_baskonia/1899/18990810.pdf
236	/sftp/sftp_unr/uploads/la_baskonia/1899/18990820.pdf
237	/sftp/sftp_unr/uploads/la_baskonia/1899/18990830.pdf
238	/sftp/sftp_unr/uploads/la_baskonia/1899/18990910.pdf
239	/sftp/sftp_unr/uploads/la_baskonia/1899/18990920.pdf
240	/sftp/sftp_unr/uploads/la_baskonia/1899/18990930.pdf
241	/sftp/sftp_unr/uploads/la_baskonia/1899/18991010.pdf
242	/sftp/sftp_unr/uploads/la_baskonia/1899/18991020.pdf
243	/sftp/sftp_unr/uploads/la_baskonia/1899/18991030.pdf
244	/sftp/sftp_unr/uploads/la_baskonia/1899/18991110.pdf
245	/sftp/sftp_unr/uploads/la_baskonia/1899/18991120.pdf
246	/sftp/sftp_unr/uploads/la_baskonia/1899/18991130.pdf
247	/sftp/sftp_unr/uploads/la_baskonia/1899/18991210.pdf
248	/sftp/sftp_unr/uploads/la_baskonia/1899/18991220.pdf
249	/sftp/sftp_unr/uploads/la_baskonia/1899/18991230.pdf
250	/sftp/sftp_unr/uploads/la_baskonia/1900/1899_1900TOC.pdf
253	/sftp/sftp_unr/uploads/la_baskonia/1900/19000110.pdf
254	/sftp/sftp_unr/uploads/la_baskonia/1900/19000120.pdf
255	/sftp/sftp_unr/uploads/la_baskonia/1900/19000130.pdf
256	/sftp/sftp_unr/uploads/la_baskonia/1900/19000210.pdf
257	/sftp/sftp_unr/uploads/la_baskonia/1900/19000220.pdf
258	/sftp/sftp_unr/uploads/la_baskonia/1900/19000302.pdf
259	/sftp/sftp_unr/uploads/la_baskonia/1900/19000310.pdf
260	/sftp/sftp_unr/uploads/la_baskonia/1900/19000320.pdf
261	/sftp/sftp_unr/uploads/la_baskonia/1900/19000330.pdf
262	/sftp/sftp_unr/uploads/la_baskonia/1900/19000410.pdf
263	/sftp/sftp_unr/uploads/la_baskonia/1900/19000420.pdf
264	/sftp/sftp_unr/uploads/la_baskonia/1900/19000430.pdf
265	/sftp/sftp_unr/uploads/la_baskonia/1900/19000510.pdf
266	/sftp/sftp_unr/uploads/la_baskonia/1900/19000520.pdf
267	/sftp/sftp_unr/uploads/la_baskonia/1900/19000530.pdf
268	/sftp/sftp_unr/uploads/la_baskonia/1900/19000610.pdf
269	/sftp/sftp_unr/uploads/la_baskonia/1900/19000620.pdf
270	/sftp/sftp_unr/uploads/la_baskonia/1900/19000630.pdf
271	/sftp/sftp_unr/uploads/la_baskonia/1900/19000710.pdf
272	/sftp/sftp_unr/uploads/la_baskonia/1900/19000721.pdf
273	/sftp/sftp_unr/uploads/la_baskonia/1900/19000730.pdf
274	/sftp/sftp_unr/uploads/la_baskonia/1900/19000810.pdf
275	/sftp/sftp_unr/uploads/la_baskonia/1900/19000820.pdf
276	/sftp/sftp_unr/uploads/la_baskonia/1900/19000830.pdf
277	/sftp/sftp_unr/uploads/la_baskonia/1900/19000910.pdf
278	/sftp/sftp_unr/uploads/la_baskonia/1900/19000920.pdf
279	/sftp/sftp_unr/uploads/la_baskonia/1900/19000930.pdf
280	/sftp/sftp_unr/uploads/la_baskonia/1900/19001010.pdf
281	/sftp/sftp_unr/uploads/la_baskonia/1900/19001020.pdf
282	/sftp/sftp_unr/uploads/la_baskonia/1900/19001030.pdf
283	/sftp/sftp_unr/uploads/la_baskonia/1900/19001110.pdf
284	/sftp/sftp_unr/uploads/la_baskonia/1900/19001120.pdf
285	/sftp/sftp_unr/uploads/la_baskonia/1900/19001130.pdf
286	/sftp/sftp_unr/uploads/la_baskonia/1900/19001210.pdf
287	/sftp/sftp_unr/uploads/la_baskonia/1900/19001220.pdf
288	/sftp/sftp_unr/uploads/la_baskonia/1900/19001230.pdf
289	/sftp/sftp_unr/uploads/la_baskonia/1901/1900_1901TOC.pdf
292	/sftp/sftp_unr/uploads/la_baskonia/1901/19010110.pdf
293	/sftp/sftp_unr/uploads/la_baskonia/1901/19010120.pdf
294	/sftp/sftp_unr/uploads/la_baskonia/1901/19010130.pdf
295	/sftp/sftp_unr/uploads/la_baskonia/1901/19010210.pdf
296	/sftp/sftp_unr/uploads/la_baskonia/1901/19010220.pdf
297	/sftp/sftp_unr/uploads/la_baskonia/1901/19010228.pdf
298	/sftp/sftp_unr/uploads/la_baskonia/1901/19010310.pdf
299	/sftp/sftp_unr/uploads/la_baskonia/1901/19010320.pdf
300	/sftp/sftp_unr/uploads/la_baskonia/1901/19010330.pdf
301	/sftp/sftp_unr/uploads/la_baskonia/1901/19010410.pdf
302	/sftp/sftp_unr/uploads/la_baskonia/1901/19010420.pdf
303	/sftp/sftp_unr/uploads/la_baskonia/1901/19010430.pdf
304	/sftp/sftp_unr/uploads/la_baskonia/1901/19010510.pdf
305	/sftp/sftp_unr/uploads/la_baskonia/1901/19010520.pdf
306	/sftp/sftp_unr/uploads/la_baskonia/1901/19010530.pdf
307	/sftp/sftp_unr/uploads/la_baskonia/1901/19010610.pdf
308	/sftp/sftp_unr/uploads/la_baskonia/1901/19010620.pdf
309	/sftp/sftp_unr/uploads/la_baskonia/1901/19010630.pdf
310	/sftp/sftp_unr/uploads/la_baskonia/1901/19010710.pdf
311	/sftp/sftp_unr/uploads/la_baskonia/1901/19010721.pdf
312	/sftp/sftp_unr/uploads/la_baskonia/1901/19010730.pdf
313	/sftp/sftp_unr/uploads/la_baskonia/1901/19010810.pdf
314	/sftp/sftp_unr/uploads/la_baskonia/1901/19010820.pdf
315	/sftp/sftp_unr/uploads/la_baskonia/1901/19010830.pdf
316	/sftp/sftp_unr/uploads/la_baskonia/1901/19010910.pdf
317	/sftp/sftp_unr/uploads/la_baskonia/1901/19010920.pdf
318	/sftp/sftp_unr/uploads/la_baskonia/1901/19010930.pdf
319	/sftp/sftp_unr/uploads/la_baskonia/1901/19011010.pdf
320	/sftp/sftp_unr/uploads/la_baskonia/1901/19011020.pdf
321	/sftp/sftp_unr/uploads/la_baskonia/1901/19011030.pdf
322	/sftp/sftp_unr/uploads/la_baskonia/1901/19011110.pdf
323	/sftp/sftp_unr/uploads/la_baskonia/1901/19011120.pdf
324	/sftp/sftp_unr/uploads/la_baskonia/1901/19011130.pdf
325	/sftp/sftp_unr/uploads/la_baskonia/1901/19011210.pdf
326	/sftp/sftp_unr/uploads/la_baskonia/1901/19011220.pdf
327	/sftp/sftp_unr/uploads/la_baskonia/1901/19011230.pdf
328	/sftp/sftp_unr/uploads/la_baskonia/1902/1901_1902TOC.pdf
331	/sftp/sftp_unr/uploads/la_baskonia/1902/19020110.pdf
332	/sftp/sftp_unr/uploads/la_baskonia/1902/19020120.pdf
333	/sftp/sftp_unr/uploads/la_baskonia/1902/19020130.pdf
334	/sftp/sftp_unr/uploads/la_baskonia/1902/19020210.pdf
335	/sftp/sftp_unr/uploads/la_baskonia/1902/19020220.pdf
336	/sftp/sftp_unr/uploads/la_baskonia/1902/19020228.pdf
337	/sftp/sftp_unr/uploads/la_baskonia/1902/19020310.pdf
338	/sftp/sftp_unr/uploads/la_baskonia/1902/19020320.pdf
339	/sftp/sftp_unr/uploads/la_baskonia/1902/19020330.pdf
340	/sftp/sftp_unr/uploads/la_baskonia/1902/19020410.pdf
341	/sftp/sftp_unr/uploads/la_baskonia/1902/19020420.pdf
342	/sftp/sftp_unr/uploads/la_baskonia/1902/19020430.pdf
343	/sftp/sftp_unr/uploads/la_baskonia/1902/19020510.pdf
344	/sftp/sftp_unr/uploads/la_baskonia/1902/19020520.pdf
345	/sftp/sftp_unr/uploads/la_baskonia/1902/19020530.pdf
346	/sftp/sftp_unr/uploads/la_baskonia/1902/19020610.pdf
347	/sftp/sftp_unr/uploads/la_baskonia/1902/19020620.pdf
348	/sftp/sftp_unr/uploads/la_baskonia/1902/19020630.pdf
349	/sftp/sftp_unr/uploads/la_baskonia/1902/19020710.pdf
350	/sftp/sftp_unr/uploads/la_baskonia/1902/19020720.pdf
351	/sftp/sftp_unr/uploads/la_baskonia/1902/19020730.pdf
352	/sftp/sftp_unr/uploads/la_baskonia/1902/19020810.pdf
353	/sftp/sftp_unr/uploads/la_baskonia/1902/19020820.pdf
354	/sftp/sftp_unr/uploads/la_baskonia/1902/19020830.pdf
355	/sftp/sftp_unr/uploads/la_baskonia/1902/19020910.pdf
356	/sftp/sftp_unr/uploads/la_baskonia/1902/19020920.pdf
357	/sftp/sftp_unr/uploads/la_baskonia/1902/19020930.pdf
358	/sftp/sftp_unr/uploads/la_baskonia/1902/19021010.pdf
359	/sftp/sftp_unr/uploads/la_baskonia/1902/19021020.pdf
360	/sftp/sftp_unr/uploads/la_baskonia/1902/19021030.pdf
361	/sftp/sftp_unr/uploads/la_baskonia/1902/19021110.pdf
362	/sftp/sftp_unr/uploads/la_baskonia/1902/19021120.pdf
363	/sftp/sftp_unr/uploads/la_baskonia/1902/19021130.pdf
364	/sftp/sftp_unr/uploads/la_baskonia/1902/19021210.pdf
365	/sftp/sftp_unr/uploads/la_baskonia/1902/19021220.pdf
366	/sftp/sftp_unr/uploads/la_baskonia/1902/19021230.pdf
367	/sftp/sftp_unr/uploads/la_baskonia/1903/1902_1903TOC.pdf
370	/sftp/sftp_unr/uploads/la_baskonia/1903/19030110.pdf
371	/sftp/sftp_unr/uploads/la_baskonia/1903/19030120.pdf
372	/sftp/sftp_unr/uploads/la_baskonia/1903/19030130.pdf
373	/sftp/sftp_unr/uploads/la_baskonia/1903/19030210.pdf
374	/sftp/sftp_unr/uploads/la_baskonia/1903/19030220.pdf
375	/sftp/sftp_unr/uploads/la_baskonia/1903/19030228.pdf
376	/sftp/sftp_unr/uploads/la_baskonia/1903/19030310.pdf
377	/sftp/sftp_unr/uploads/la_baskonia/1903/19030320.pdf
378	/sftp/sftp_unr/uploads/la_baskonia/1903/19030330.pdf
379	/sftp/sftp_unr/uploads/la_baskonia/1903/19030410.pdf
380	/sftp/sftp_unr/uploads/la_baskonia/1903/19030420.pdf
381	/sftp/sftp_unr/uploads/la_baskonia/1903/19030430.pdf
382	/sftp/sftp_unr/uploads/la_baskonia/1903/19030510.pdf
383	/sftp/sftp_unr/uploads/la_baskonia/1903/19030520.pdf
384	/sftp/sftp_unr/uploads/la_baskonia/1903/19030530.pdf
385	/sftp/sftp_unr/uploads/la_baskonia/1903/19030610.pdf
386	/sftp/sftp_unr/uploads/la_baskonia/1903/19030620.pdf
387	/sftp/sftp_unr/uploads/la_baskonia/1903/19030630.pdf
388	/sftp/sftp_unr/uploads/la_baskonia/1903/19030710.pdf
389	/sftp/sftp_unr/uploads/la_baskonia/1903/19030720.pdf
390	/sftp/sftp_unr/uploads/la_baskonia/1903/19030730.pdf
391	/sftp/sftp_unr/uploads/la_baskonia/1903/19030810.pdf
392	/sftp/sftp_unr/uploads/la_baskonia/1903/19030820.pdf
393	/sftp/sftp_unr/uploads/la_baskonia/1903/19030830.pdf
394	/sftp/sftp_unr/uploads/la_baskonia/1903/19030910.pdf
395	/sftp/sftp_unr/uploads/la_baskonia/1903/19030920.pdf
396	/sftp/sftp_unr/uploads/la_baskonia/1903/19030930.pdf
397	/sftp/sftp_unr/uploads/la_baskonia/1903/19031010.pdf
398	/sftp/sftp_unr/uploads/la_baskonia/1903/19031020.pdf
399	/sftp/sftp_unr/uploads/la_baskonia/1903/19031030.pdf
400	/sftp/sftp_unr/uploads/la_baskonia/1903/19031110.pdf
401	/sftp/sftp_unr/uploads/la_baskonia/1903/19031120.pdf
402	/sftp/sftp_unr/uploads/la_baskonia/1903/19031130.pdf
403	/sftp/sftp_unr/uploads/la_baskonia/1903/19031210.pdf
404	/sftp/sftp_unr/uploads/la_baskonia/1903/19031220.pdf
405	/sftp/sftp_unr/uploads/la_baskonia/1904/1903_1904TOC.pdf
408	/sftp/sftp_unr/uploads/la_baskonia/1904/19040101.pdf
409	/sftp/sftp_unr/uploads/la_baskonia/1904/19040110.pdf
410	/sftp/sftp_unr/uploads/la_baskonia/1904/19040120.pdf
411	/sftp/sftp_unr/uploads/la_baskonia/1904/19040130.pdf
412	/sftp/sftp_unr/uploads/la_baskonia/1904/19040210.pdf
413	/sftp/sftp_unr/uploads/la_baskonia/1904/19040220.pdf
414	/sftp/sftp_unr/uploads/la_baskonia/1904/19040229.pdf
415	/sftp/sftp_unr/uploads/la_baskonia/1904/19040310.pdf
416	/sftp/sftp_unr/uploads/la_baskonia/1904/19040320.pdf
417	/sftp/sftp_unr/uploads/la_baskonia/1904/19040330.pdf
418	/sftp/sftp_unr/uploads/la_baskonia/1904/19040410.pdf
419	/sftp/sftp_unr/uploads/la_baskonia/1904/19040420.pdf
420	/sftp/sftp_unr/uploads/la_baskonia/1904/19040430.pdf
421	/sftp/sftp_unr/uploads/la_baskonia/1904/19040510.pdf
422	/sftp/sftp_unr/uploads/la_baskonia/1904/19040520.pdf
423	/sftp/sftp_unr/uploads/la_baskonia/1904/19040530.pdf
424	/sftp/sftp_unr/uploads/la_baskonia/1904/19040610.pdf
425	/sftp/sftp_unr/uploads/la_baskonia/1904/19040620.pdf
426	/sftp/sftp_unr/uploads/la_baskonia/1904/19040630.pdf
427	/sftp/sftp_unr/uploads/la_baskonia/1904/19040710.pdf
428	/sftp/sftp_unr/uploads/la_baskonia/1904/19040720.pdf
429	/sftp/sftp_unr/uploads/la_baskonia/1904/19040730.pdf
430	/sftp/sftp_unr/uploads/la_baskonia/1904/19040810.pdf
431	/sftp/sftp_unr/uploads/la_baskonia/1904/19040820.pdf
432	/sftp/sftp_unr/uploads/la_baskonia/1904/19040830.pdf
433	/sftp/sftp_unr/uploads/la_baskonia/1904/19040910.pdf
434	/sftp/sftp_unr/uploads/la_baskonia/1904/19040920.pdf
435	/sftp/sftp_unr/uploads/la_baskonia/1904/19040930.pdf
436	/sftp/sftp_unr/uploads/la_baskonia/1904/19041010.pdf
437	/sftp/sftp_unr/uploads/la_baskonia/1904/19041020.pdf
438	/sftp/sftp_unr/uploads/la_baskonia/1904/19041030.pdf
439	/sftp/sftp_unr/uploads/la_baskonia/1904/19041110.pdf
440	/sftp/sftp_unr/uploads/la_baskonia/1904/19041120.pdf
441	/sftp/sftp_unr/uploads/la_baskonia/1904/19041130.pdf
442	/sftp/sftp_unr/uploads/la_baskonia/1904/19041210.pdf
443	/sftp/sftp_unr/uploads/la_baskonia/1904/19041220.pdf
444	/sftp/sftp_unr/uploads/la_baskonia/1904/19041230.pdf
445	/sftp/sftp_unr/uploads/la_baskonia/1905/1904_1905TOC.pdf
448	/sftp/sftp_unr/uploads/la_baskonia/1905/19050110.pdf
449	/sftp/sftp_unr/uploads/la_baskonia/1905/19050120.pdf
450	/sftp/sftp_unr/uploads/la_baskonia/1905/19050130.pdf
451	/sftp/sftp_unr/uploads/la_baskonia/1905/19050210.pdf
452	/sftp/sftp_unr/uploads/la_baskonia/1905/19050220.pdf
453	/sftp/sftp_unr/uploads/la_baskonia/1905/19050228.pdf
454	/sftp/sftp_unr/uploads/la_baskonia/1905/19050310.pdf
455	/sftp/sftp_unr/uploads/la_baskonia/1905/19050320.pdf
456	/sftp/sftp_unr/uploads/la_baskonia/1905/19050330.pdf
457	/sftp/sftp_unr/uploads/la_baskonia/1905/19050410.pdf
458	/sftp/sftp_unr/uploads/la_baskonia/1905/19050420.pdf
459	/sftp/sftp_unr/uploads/la_baskonia/1905/19050430.pdf
460	/sftp/sftp_unr/uploads/la_baskonia/1905/19050510.pdf
461	/sftp/sftp_unr/uploads/la_baskonia/1905/19050520.pdf
462	/sftp/sftp_unr/uploads/la_baskonia/1905/19050530.pdf
463	/sftp/sftp_unr/uploads/la_baskonia/1905/19050610.pdf
464	/sftp/sftp_unr/uploads/la_baskonia/1905/19050620.pdf
465	/sftp/sftp_unr/uploads/la_baskonia/1905/19050630.pdf
466	/sftp/sftp_unr/uploads/la_baskonia/1905/19050710.pdf
467	/sftp/sftp_unr/uploads/la_baskonia/1905/19050720.pdf
468	/sftp/sftp_unr/uploads/la_baskonia/1905/19050730.pdf
469	/sftp/sftp_unr/uploads/la_baskonia/1905/19050810.pdf
470	/sftp/sftp_unr/uploads/la_baskonia/1905/19050820.pdf
471	/sftp/sftp_unr/uploads/la_baskonia/1905/19050830.pdf
472	/sftp/sftp_unr/uploads/la_baskonia/1905/19050910.pdf
473	/sftp/sftp_unr/uploads/la_baskonia/1905/19050920.pdf
474	/sftp/sftp_unr/uploads/la_baskonia/1905/19050930.pdf
475	/sftp/sftp_unr/uploads/la_baskonia/1905/19051010.pdf
476	/sftp/sftp_unr/uploads/la_baskonia/1905/19051020.pdf
477	/sftp/sftp_unr/uploads/la_baskonia/1905/19051030.pdf
478	/sftp/sftp_unr/uploads/la_baskonia/1905/19051110.pdf
479	/sftp/sftp_unr/uploads/la_baskonia/1905/19051120.pdf
480	/sftp/sftp_unr/uploads/la_baskonia/1905/19051130.pdf
481	/sftp/sftp_unr/uploads/la_baskonia/1905/19051210.pdf
482	/sftp/sftp_unr/uploads/la_baskonia/1905/19051220.pdf
483	/sftp/sftp_unr/uploads/la_baskonia/1905/19051230.pdf
484	/sftp/sftp_unr/uploads/la_baskonia/1906/1905_1906TOC.pdf
487	/sftp/sftp_unr/uploads/la_baskonia/1906/19060110.pdf
488	/sftp/sftp_unr/uploads/la_baskonia/1906/19060120.pdf
489	/sftp/sftp_unr/uploads/la_baskonia/1906/19060130.pdf
490	/sftp/sftp_unr/uploads/la_baskonia/1906/19060210.pdf
491	/sftp/sftp_unr/uploads/la_baskonia/1906/19060220.pdf
492	/sftp/sftp_unr/uploads/la_baskonia/1906/19060228.pdf
493	/sftp/sftp_unr/uploads/la_baskonia/1906/19060310.pdf
494	/sftp/sftp_unr/uploads/la_baskonia/1906/19060320.pdf
495	/sftp/sftp_unr/uploads/la_baskonia/1906/19060330.pdf
496	/sftp/sftp_unr/uploads/la_baskonia/1906/19060410.pdf
497	/sftp/sftp_unr/uploads/la_baskonia/1906/19060420.pdf
498	/sftp/sftp_unr/uploads/la_baskonia/1906/19060510.pdf
499	/sftp/sftp_unr/uploads/la_baskonia/1906/19060520.pdf
500	/sftp/sftp_unr/uploads/la_baskonia/1906/19060530.pdf
501	/sftp/sftp_unr/uploads/la_baskonia/1906/19060610.pdf
502	/sftp/sftp_unr/uploads/la_baskonia/1906/19060620.pdf
503	/sftp/sftp_unr/uploads/la_baskonia/1906/19060630.pdf
504	/sftp/sftp_unr/uploads/la_baskonia/1906/19060710.pdf
505	/sftp/sftp_unr/uploads/la_baskonia/1906/19060720.pdf
506	/sftp/sftp_unr/uploads/la_baskonia/1906/19060730.pdf
507	/sftp/sftp_unr/uploads/la_baskonia/1906/19060810.pdf
508	/sftp/sftp_unr/uploads/la_baskonia/1906/19060820.pdf
509	/sftp/sftp_unr/uploads/la_baskonia/1906/19060830.pdf
510	/sftp/sftp_unr/uploads/la_baskonia/1906/19060910.pdf
511	/sftp/sftp_unr/uploads/la_baskonia/1906/19060920.pdf
512	/sftp/sftp_unr/uploads/la_baskonia/1906/19060930.pdf
513	/sftp/sftp_unr/uploads/la_baskonia/1906/19061010.pdf
514	/sftp/sftp_unr/uploads/la_baskonia/1906/19061020.pdf
515	/sftp/sftp_unr/uploads/la_baskonia/1906/19061030.pdf
516	/sftp/sftp_unr/uploads/la_baskonia/1906/19061110.pdf
517	/sftp/sftp_unr/uploads/la_baskonia/1906/19061120.pdf
518	/sftp/sftp_unr/uploads/la_baskonia/1906/19061130.pdf
519	/sftp/sftp_unr/uploads/la_baskonia/1906/19061210.pdf
520	/sftp/sftp_unr/uploads/la_baskonia/1906/19061220.pdf
521	/sftp/sftp_unr/uploads/la_baskonia/1906/19061230.pdf
522	/sftp/sftp_unr/uploads/la_baskonia/1906/19060430.pdf
523	/sftp/sftp_unr/uploads/la_baskonia/1907/1906_1907TOC.pdf
526	/sftp/sftp_unr/uploads/la_baskonia/1907/19070110.pdf
527	/sftp/sftp_unr/uploads/la_baskonia/1907/19070120.pdf
528	/sftp/sftp_unr/uploads/la_baskonia/1907/19070130.pdf
529	/sftp/sftp_unr/uploads/la_baskonia/1907/19070210.pdf
530	/sftp/sftp_unr/uploads/la_baskonia/1907/19070220.pdf
531	/sftp/sftp_unr/uploads/la_baskonia/1907/19070228.pdf
532	/sftp/sftp_unr/uploads/la_baskonia/1907/19070310.pdf
533	/sftp/sftp_unr/uploads/la_baskonia/1907/19070320.pdf
534	/sftp/sftp_unr/uploads/la_baskonia/1907/19070330.pdf
535	/sftp/sftp_unr/uploads/la_baskonia/1907/19070410.pdf
536	/sftp/sftp_unr/uploads/la_baskonia/1907/19070420.pdf
537	/sftp/sftp_unr/uploads/la_baskonia/1907/19070430.pdf
538	/sftp/sftp_unr/uploads/la_baskonia/1907/19070510.pdf
539	/sftp/sftp_unr/uploads/la_baskonia/1907/19070520.pdf
540	/sftp/sftp_unr/uploads/la_baskonia/1907/19070530.pdf
541	/sftp/sftp_unr/uploads/la_baskonia/1907/19070610.pdf
542	/sftp/sftp_unr/uploads/la_baskonia/1907/19070620.pdf
543	/sftp/sftp_unr/uploads/la_baskonia/1907/19070630.pdf
544	/sftp/sftp_unr/uploads/la_baskonia/1907/19070710.pdf
545	/sftp/sftp_unr/uploads/la_baskonia/1907/19070720.pdf
546	/sftp/sftp_unr/uploads/la_baskonia/1907/19070730.pdf
547	/sftp/sftp_unr/uploads/la_baskonia/1907/19070810.pdf
548	/sftp/sftp_unr/uploads/la_baskonia/1907/19070820.pdf
549	/sftp/sftp_unr/uploads/la_baskonia/1907/19070830.pdf
550	/sftp/sftp_unr/uploads/la_baskonia/1907/19070910.pdf
551	/sftp/sftp_unr/uploads/la_baskonia/1907/19070920.pdf
552	/sftp/sftp_unr/uploads/la_baskonia/1907/19070930.pdf
553	/sftp/sftp_unr/uploads/la_baskonia/1907/19071010.pdf
554	/sftp/sftp_unr/uploads/la_baskonia/1907/19071020.pdf
555	/sftp/sftp_unr/uploads/la_baskonia/1907/19071030.pdf
556	/sftp/sftp_unr/uploads/la_baskonia/1907/19071110.pdf
557	/sftp/sftp_unr/uploads/la_baskonia/1907/19071120.pdf
558	/sftp/sftp_unr/uploads/la_baskonia/1907/19071130.pdf
559	/sftp/sftp_unr/uploads/la_baskonia/1907/19071210.pdf
560	/sftp/sftp_unr/uploads/la_baskonia/1907/19071220.pdf
561	/sftp/sftp_unr/uploads/la_baskonia/1907/19071230.pdf
563	/sftp/sftp_unr/uploads/la_baskonia/1908/19080110.pdf
564	/sftp/sftp_unr/uploads/la_baskonia/1908/19080120.pdf
565	/sftp/sftp_unr/uploads/la_baskonia/1908/19080130.pdf
566	/sftp/sftp_unr/uploads/la_baskonia/1908/19080210.pdf
567	/sftp/sftp_unr/uploads/la_baskonia/1908/19080220.pdf
568	/sftp/sftp_unr/uploads/la_baskonia/1908/19080229.pdf
569	/sftp/sftp_unr/uploads/la_baskonia/1908/19080310.pdf
570	/sftp/sftp_unr/uploads/la_baskonia/1908/19080320.pdf
571	/sftp/sftp_unr/uploads/la_baskonia/1908/19080330.pdf
572	/sftp/sftp_unr/uploads/la_baskonia/1908/19080410.pdf
573	/sftp/sftp_unr/uploads/la_baskonia/1908/19080420.pdf
574	/sftp/sftp_unr/uploads/la_baskonia/1908/19080430.pdf
575	/sftp/sftp_unr/uploads/la_baskonia/1908/19080510.pdf
576	/sftp/sftp_unr/uploads/la_baskonia/1908/19080520.pdf
577	/sftp/sftp_unr/uploads/la_baskonia/1908/19080530.pdf
578	/sftp/sftp_unr/uploads/la_baskonia/1908/19080610.pdf
579	/sftp/sftp_unr/uploads/la_baskonia/1908/19080620.pdf
580	/sftp/sftp_unr/uploads/la_baskonia/1908/19080630.pdf
581	/sftp/sftp_unr/uploads/la_baskonia/1908/19080710.pdf
582	/sftp/sftp_unr/uploads/la_baskonia/1908/19080720.pdf
583	/sftp/sftp_unr/uploads/la_baskonia/1908/19080730.pdf
584	/sftp/sftp_unr/uploads/la_baskonia/1908/19080810.pdf
585	/sftp/sftp_unr/uploads/la_baskonia/1908/19080820.pdf
586	/sftp/sftp_unr/uploads/la_baskonia/1908/19080830.pdf
587	/sftp/sftp_unr/uploads/la_baskonia/1908/19080910.pdf
588	/sftp/sftp_unr/uploads/la_baskonia/1908/19080920.pdf
589	/sftp/sftp_unr/uploads/la_baskonia/1908/19080930.pdf
590	/sftp/sftp_unr/uploads/la_baskonia/1908/19081010.pdf
591	/sftp/sftp_unr/uploads/la_baskonia/1908/19081020.pdf
592	/sftp/sftp_unr/uploads/la_baskonia/1908/19081030.pdf
593	/sftp/sftp_unr/uploads/la_baskonia/1908/19081110.pdf
594	/sftp/sftp_unr/uploads/la_baskonia/1908/19081120.pdf
595	/sftp/sftp_unr/uploads/la_baskonia/1908/19081130.pdf
596	/sftp/sftp_unr/uploads/la_baskonia/1908/19081210.pdf
597	/sftp/sftp_unr/uploads/la_baskonia/1908/19081220.pdf
598	/sftp/sftp_unr/uploads/la_baskonia/1908/19081230.pdf
600	/sftp/sftp_unr/uploads/la_baskonia/1909/19090110.pdf
601	/sftp/sftp_unr/uploads/la_baskonia/1909/19090120.pdf
602	/sftp/sftp_unr/uploads/la_baskonia/1909/19090130.pdf
603	/sftp/sftp_unr/uploads/la_baskonia/1909/19090210.pdf
604	/sftp/sftp_unr/uploads/la_baskonia/1909/19090220.pdf
605	/sftp/sftp_unr/uploads/la_baskonia/1909/19090228.pdf
606	/sftp/sftp_unr/uploads/la_baskonia/1909/19090310.pdf
607	/sftp/sftp_unr/uploads/la_baskonia/1909/19090320.pdf
608	/sftp/sftp_unr/uploads/la_baskonia/1909/19090330.pdf
609	/sftp/sftp_unr/uploads/la_baskonia/1909/19090410.pdf
610	/sftp/sftp_unr/uploads/la_baskonia/1909/19090420.pdf
611	/sftp/sftp_unr/uploads/la_baskonia/1909/19090430.pdf
612	/sftp/sftp_unr/uploads/la_baskonia/1909/19090510.pdf
613	/sftp/sftp_unr/uploads/la_baskonia/1909/19090520.pdf
614	/sftp/sftp_unr/uploads/la_baskonia/1909/19090530.pdf
615	/sftp/sftp_unr/uploads/la_baskonia/1909/19090610.pdf
616	/sftp/sftp_unr/uploads/la_baskonia/1909/19090620.pdf
617	/sftp/sftp_unr/uploads/la_baskonia/1909/19090630.pdf
618	/sftp/sftp_unr/uploads/la_baskonia/1909/19090710.pdf
619	/sftp/sftp_unr/uploads/la_baskonia/1909/19090720.pdf
620	/sftp/sftp_unr/uploads/la_baskonia/1909/19090730.pdf
621	/sftp/sftp_unr/uploads/la_baskonia/1909/19090810.pdf
622	/sftp/sftp_unr/uploads/la_baskonia/1909/19090820.pdf
623	/sftp/sftp_unr/uploads/la_baskonia/1909/19090830.pdf
624	/sftp/sftp_unr/uploads/la_baskonia/1909/19090910.pdf
625	/sftp/sftp_unr/uploads/la_baskonia/1909/19090920.pdf
626	/sftp/sftp_unr/uploads/la_baskonia/1909/19090930.pdf
627	/sftp/sftp_unr/uploads/la_baskonia/1909/19091010.pdf
628	/sftp/sftp_unr/uploads/la_baskonia/1909/19091020.pdf
629	/sftp/sftp_unr/uploads/la_baskonia/1909/19091030.pdf
630	/sftp/sftp_unr/uploads/la_baskonia/1909/19091110.pdf
631	/sftp/sftp_unr/uploads/la_baskonia/1909/19091120.pdf
632	/sftp/sftp_unr/uploads/la_baskonia/1909/19091130.pdf
633	/sftp/sftp_unr/uploads/la_baskonia/1909/19091210.pdf
634	/sftp/sftp_unr/uploads/la_baskonia/1909/19091220.pdf
635	/sftp/sftp_unr/uploads/la_baskonia/1909/19091230.pdf
636	/sftp/sftp_unr/uploads/la_baskonia/1910/1909_1910TOC.pdf
639	/sftp/sftp_unr/uploads/la_baskonia/1910/19100110.pdf
640	/sftp/sftp_unr/uploads/la_baskonia/1910/19100120.pdf
641	/sftp/sftp_unr/uploads/la_baskonia/1910/19100130.pdf
642	/sftp/sftp_unr/uploads/la_baskonia/1910/19100210.pdf
643	/sftp/sftp_unr/uploads/la_baskonia/1910/19100220.pdf
644	/sftp/sftp_unr/uploads/la_baskonia/1910/19100228.pdf
645	/sftp/sftp_unr/uploads/la_baskonia/1910/19100310.pdf
646	/sftp/sftp_unr/uploads/la_baskonia/1910/19100320.pdf
647	/sftp/sftp_unr/uploads/la_baskonia/1910/19100330.pdf
648	/sftp/sftp_unr/uploads/la_baskonia/1910/19100410.pdf
649	/sftp/sftp_unr/uploads/la_baskonia/1910/19100420.pdf
650	/sftp/sftp_unr/uploads/la_baskonia/1910/19100430.pdf
651	/sftp/sftp_unr/uploads/la_baskonia/1910/19100510.pdf
652	/sftp/sftp_unr/uploads/la_baskonia/1910/19100520.pdf
653	/sftp/sftp_unr/uploads/la_baskonia/1910/19100530.pdf
654	/sftp/sftp_unr/uploads/la_baskonia/1910/19100610.pdf
655	/sftp/sftp_unr/uploads/la_baskonia/1910/19100620.pdf
656	/sftp/sftp_unr/uploads/la_baskonia/1910/19100630.pdf
657	/sftp/sftp_unr/uploads/la_baskonia/1910/19100710.pdf
658	/sftp/sftp_unr/uploads/la_baskonia/1910/19100720.pdf
659	/sftp/sftp_unr/uploads/la_baskonia/1910/19100730.pdf
660	/sftp/sftp_unr/uploads/la_baskonia/1910/19100810.pdf
661	/sftp/sftp_unr/uploads/la_baskonia/1910/19100820.pdf
662	/sftp/sftp_unr/uploads/la_baskonia/1910/19100830.pdf
663	/sftp/sftp_unr/uploads/la_baskonia/1910/19100910.pdf
664	/sftp/sftp_unr/uploads/la_baskonia/1910/19100920.pdf
665	/sftp/sftp_unr/uploads/la_baskonia/1910/19100930.pdf
666	/sftp/sftp_unr/uploads/la_baskonia/1910/19101010.pdf
667	/sftp/sftp_unr/uploads/la_baskonia/1910/19101020.pdf
668	/sftp/sftp_unr/uploads/la_baskonia/1910/19101030.pdf
669	/sftp/sftp_unr/uploads/la_baskonia/1910/19101110.pdf
670	/sftp/sftp_unr/uploads/la_baskonia/1910/19101120.pdf
671	/sftp/sftp_unr/uploads/la_baskonia/1910/19101130.pdf
672	/sftp/sftp_unr/uploads/la_baskonia/1910/19101210.pdf
673	/sftp/sftp_unr/uploads/la_baskonia/1910/19101220.pdf
674	/sftp/sftp_unr/uploads/la_baskonia/1910/19101230.pdf
675	/sftp/sftp_unr/uploads/la_baskonia/1911/1910_1911TOC.pdf
716	/sftp/sftp_unr/uploads/la_baskonia/1911/19110110.pdf
679	/sftp/sftp_unr/uploads/la_baskonia/1911/19110120.pdf
718	/sftp/sftp_unr/uploads/la_baskonia/1911/19110130.pdf
681	/sftp/sftp_unr/uploads/la_baskonia/1911/19110210.pdf
682	/sftp/sftp_unr/uploads/la_baskonia/1911/19110220.pdf
721	/sftp/sftp_unr/uploads/la_baskonia/1911/19110228.pdf
722	/sftp/sftp_unr/uploads/la_baskonia/1911/19110310.pdf
723	/sftp/sftp_unr/uploads/la_baskonia/1911/19110320.pdf
686	/sftp/sftp_unr/uploads/la_baskonia/1911/19110330.pdf
725	/sftp/sftp_unr/uploads/la_baskonia/1911/19110410.pdf
726	/sftp/sftp_unr/uploads/la_baskonia/1911/19110420.pdf
727	/sftp/sftp_unr/uploads/la_baskonia/1911/19110430.pdf
728	/sftp/sftp_unr/uploads/la_baskonia/1911/19110510.pdf
691	/sftp/sftp_unr/uploads/la_baskonia/1911/19110520.pdf
730	/sftp/sftp_unr/uploads/la_baskonia/1911/19110530.pdf
693	/sftp/sftp_unr/uploads/la_baskonia/1911/19110610.pdf
732	/sftp/sftp_unr/uploads/la_baskonia/1911/19110620.pdf
695	/sftp/sftp_unr/uploads/la_baskonia/1911/19110630.pdf
734	/sftp/sftp_unr/uploads/la_baskonia/1911/19110710.pdf
735	/sftp/sftp_unr/uploads/la_baskonia/1911/19110720.pdf
736	/sftp/sftp_unr/uploads/la_baskonia/1911/19110730.pdf
699	/sftp/sftp_unr/uploads/la_baskonia/1911/19110810.pdf
700	/sftp/sftp_unr/uploads/la_baskonia/1911/19110820.pdf
701	/sftp/sftp_unr/uploads/la_baskonia/1911/19110830.pdf
740	/sftp/sftp_unr/uploads/la_baskonia/1911/19110910.pdf
703	/sftp/sftp_unr/uploads/la_baskonia/1911/19110920.pdf
704	/sftp/sftp_unr/uploads/la_baskonia/1911/19110930.pdf
743	/sftp/sftp_unr/uploads/la_baskonia/1911/19111010.pdf
744	/sftp/sftp_unr/uploads/la_baskonia/1911/19111020.pdf
745	/sftp/sftp_unr/uploads/la_baskonia/1911/19111030.pdf
1527	/sftp/sftp_unr/uploads/la_baskonia/1911/19111110.pdf
747	/sftp/sftp_unr/uploads/la_baskonia/1911/19111120.pdf
748	/sftp/sftp_unr/uploads/la_baskonia/1911/19111130.pdf
711	/sftp/sftp_unr/uploads/la_baskonia/1911/19111210.pdf
750	/sftp/sftp_unr/uploads/la_baskonia/1911/19111220.pdf
713	/sftp/sftp_unr/uploads/la_baskonia/1911/19111230.pdf
752	/sftp/sftp_unr/uploads/la_baskonia/1912/1911_1912TOC.pdf
755	/sftp/sftp_unr/uploads/la_baskonia/1912/19120110.pdf
756	/sftp/sftp_unr/uploads/la_baskonia/1912/19120120.pdf
757	/sftp/sftp_unr/uploads/la_baskonia/1912/19120130.pdf
758	/sftp/sftp_unr/uploads/la_baskonia/1912/19120210.pdf
759	/sftp/sftp_unr/uploads/la_baskonia/1912/19120220.pdf
760	/sftp/sftp_unr/uploads/la_baskonia/1912/19120229.pdf
761	/sftp/sftp_unr/uploads/la_baskonia/1912/19120310.pdf
762	/sftp/sftp_unr/uploads/la_baskonia/1912/19120320.pdf
763	/sftp/sftp_unr/uploads/la_baskonia/1912/19120330.pdf
764	/sftp/sftp_unr/uploads/la_baskonia/1912/19120410.pdf
765	/sftp/sftp_unr/uploads/la_baskonia/1912/19120420.pdf
766	/sftp/sftp_unr/uploads/la_baskonia/1912/19120430.pdf
767	/sftp/sftp_unr/uploads/la_baskonia/1912/19120510.pdf
768	/sftp/sftp_unr/uploads/la_baskonia/1912/19120520.pdf
769	/sftp/sftp_unr/uploads/la_baskonia/1912/19120530.pdf
770	/sftp/sftp_unr/uploads/la_baskonia/1912/19120610.pdf
771	/sftp/sftp_unr/uploads/la_baskonia/1912/19120620.pdf
772	/sftp/sftp_unr/uploads/la_baskonia/1912/19120630.pdf
773	/sftp/sftp_unr/uploads/la_baskonia/1912/19120709.pdf
774	/sftp/sftp_unr/uploads/la_baskonia/1912/19120720.pdf
775	/sftp/sftp_unr/uploads/la_baskonia/1912/19120730.pdf
776	/sftp/sftp_unr/uploads/la_baskonia/1912/19120810.pdf
777	/sftp/sftp_unr/uploads/la_baskonia/1912/19120820.pdf
778	/sftp/sftp_unr/uploads/la_baskonia/1912/19120830.pdf
779	/sftp/sftp_unr/uploads/la_baskonia/1912/19120910.pdf
780	/sftp/sftp_unr/uploads/la_baskonia/1912/19120920.pdf
781	/sftp/sftp_unr/uploads/la_baskonia/1912/19120930.pdf
782	/sftp/sftp_unr/uploads/la_baskonia/1912/19121010.pdf
783	/sftp/sftp_unr/uploads/la_baskonia/1912/19121020.pdf
784	/sftp/sftp_unr/uploads/la_baskonia/1912/19121030.pdf
785	/sftp/sftp_unr/uploads/la_baskonia/1912/19121110.pdf
786	/sftp/sftp_unr/uploads/la_baskonia/1912/19121120.pdf
787	/sftp/sftp_unr/uploads/la_baskonia/1912/19121130.pdf
788	/sftp/sftp_unr/uploads/la_baskonia/1912/19121210.pdf
789	/sftp/sftp_unr/uploads/la_baskonia/1912/19121220.pdf
790	/sftp/sftp_unr/uploads/la_baskonia/1912/19121230.pdf
791	/sftp/sftp_unr/uploads/la_baskonia/1913/1912_1913TOC.pdf
794	/sftp/sftp_unr/uploads/la_baskonia/1913/19130110.pdf
795	/sftp/sftp_unr/uploads/la_baskonia/1913/19130120.pdf
796	/sftp/sftp_unr/uploads/la_baskonia/1913/19130130.pdf
797	/sftp/sftp_unr/uploads/la_baskonia/1913/19130210.pdf
798	/sftp/sftp_unr/uploads/la_baskonia/1913/19130220.pdf
799	/sftp/sftp_unr/uploads/la_baskonia/1913/19130228.pdf
800	/sftp/sftp_unr/uploads/la_baskonia/1913/19130310.pdf
801	/sftp/sftp_unr/uploads/la_baskonia/1913/19130320.pdf
802	/sftp/sftp_unr/uploads/la_baskonia/1913/19130330.pdf
803	/sftp/sftp_unr/uploads/la_baskonia/1913/19130410.pdf
804	/sftp/sftp_unr/uploads/la_baskonia/1913/19130420.pdf
805	/sftp/sftp_unr/uploads/la_baskonia/1913/19130430.pdf
806	/sftp/sftp_unr/uploads/la_baskonia/1913/19130510.pdf
807	/sftp/sftp_unr/uploads/la_baskonia/1913/19130520.pdf
808	/sftp/sftp_unr/uploads/la_baskonia/1913/19130530.pdf
809	/sftp/sftp_unr/uploads/la_baskonia/1913/19130610.pdf
810	/sftp/sftp_unr/uploads/la_baskonia/1913/19130620.pdf
811	/sftp/sftp_unr/uploads/la_baskonia/1913/19130630.pdf
812	/sftp/sftp_unr/uploads/la_baskonia/1913/19130710.pdf
813	/sftp/sftp_unr/uploads/la_baskonia/1913/19130720.pdf
814	/sftp/sftp_unr/uploads/la_baskonia/1913/19130730.pdf
815	/sftp/sftp_unr/uploads/la_baskonia/1913/19130810.pdf
816	/sftp/sftp_unr/uploads/la_baskonia/1913/19130820.pdf
817	/sftp/sftp_unr/uploads/la_baskonia/1913/19130830.pdf
818	/sftp/sftp_unr/uploads/la_baskonia/1913/19130910.pdf
819	/sftp/sftp_unr/uploads/la_baskonia/1913/19130920.pdf
820	/sftp/sftp_unr/uploads/la_baskonia/1913/19130930.pdf
821	/sftp/sftp_unr/uploads/la_baskonia/1913/19131010.pdf
822	/sftp/sftp_unr/uploads/la_baskonia/1913/19131020.pdf
823	/sftp/sftp_unr/uploads/la_baskonia/1913/19131030.pdf
824	/sftp/sftp_unr/uploads/la_baskonia/1913/19131110.pdf
825	/sftp/sftp_unr/uploads/la_baskonia/1913/19131120.pdf
826	/sftp/sftp_unr/uploads/la_baskonia/1913/19131130.pdf
827	/sftp/sftp_unr/uploads/la_baskonia/1913/19131210.pdf
828	/sftp/sftp_unr/uploads/la_baskonia/1913/19131220.pdf
829	/sftp/sftp_unr/uploads/la_baskonia/1913/19131230.pdf
830	/sftp/sftp_unr/uploads/la_baskonia/1914/1913_1914TOC.pdf
833	/sftp/sftp_unr/uploads/la_baskonia/1914/19140110.pdf
834	/sftp/sftp_unr/uploads/la_baskonia/1914/19140120.pdf
835	/sftp/sftp_unr/uploads/la_baskonia/1914/19140130.pdf
836	/sftp/sftp_unr/uploads/la_baskonia/1914/19140210.pdf
837	/sftp/sftp_unr/uploads/la_baskonia/1914/19140220.pdf
838	/sftp/sftp_unr/uploads/la_baskonia/1914/19140228.pdf
839	/sftp/sftp_unr/uploads/la_baskonia/1914/19140310.pdf
840	/sftp/sftp_unr/uploads/la_baskonia/1914/19140320.pdf
841	/sftp/sftp_unr/uploads/la_baskonia/1914/19140330.pdf
842	/sftp/sftp_unr/uploads/la_baskonia/1914/19140410.pdf
843	/sftp/sftp_unr/uploads/la_baskonia/1914/19140420.pdf
844	/sftp/sftp_unr/uploads/la_baskonia/1914/19140430.pdf
845	/sftp/sftp_unr/uploads/la_baskonia/1914/19140510.pdf
846	/sftp/sftp_unr/uploads/la_baskonia/1914/19140520.pdf
847	/sftp/sftp_unr/uploads/la_baskonia/1914/19140530.pdf
848	/sftp/sftp_unr/uploads/la_baskonia/1914/19140610.pdf
849	/sftp/sftp_unr/uploads/la_baskonia/1914/19140620.pdf
850	/sftp/sftp_unr/uploads/la_baskonia/1914/19140630.pdf
851	/sftp/sftp_unr/uploads/la_baskonia/1914/19140710.pdf
852	/sftp/sftp_unr/uploads/la_baskonia/1914/19140720.pdf
853	/sftp/sftp_unr/uploads/la_baskonia/1914/19140730.pdf
854	/sftp/sftp_unr/uploads/la_baskonia/1914/19140810.pdf
855	/sftp/sftp_unr/uploads/la_baskonia/1914/19140820.pdf
856	/sftp/sftp_unr/uploads/la_baskonia/1914/19140830.pdf
857	/sftp/sftp_unr/uploads/la_baskonia/1914/19140910.pdf
858	/sftp/sftp_unr/uploads/la_baskonia/1914/19140920.pdf
859	/sftp/sftp_unr/uploads/la_baskonia/1914/19140930.pdf
860	/sftp/sftp_unr/uploads/la_baskonia/1914/19141010.pdf
861	/sftp/sftp_unr/uploads/la_baskonia/1914/19141020.pdf
862	/sftp/sftp_unr/uploads/la_baskonia/1914/19141030.pdf
863	/sftp/sftp_unr/uploads/la_baskonia/1914/19141110.pdf
864	/sftp/sftp_unr/uploads/la_baskonia/1914/19141120.pdf
865	/sftp/sftp_unr/uploads/la_baskonia/1914/19141130.pdf
866	/sftp/sftp_unr/uploads/la_baskonia/1914/19141210.pdf
867	/sftp/sftp_unr/uploads/la_baskonia/1914/19141220.pdf
868	/sftp/sftp_unr/uploads/la_baskonia/1914/19141230.pdf
869	/sftp/sftp_unr/uploads/la_baskonia/1915/1914_1915TOC.pdf
872	/sftp/sftp_unr/uploads/la_baskonia/1915/19150110.pdf
873	/sftp/sftp_unr/uploads/la_baskonia/1915/19150120.pdf
874	/sftp/sftp_unr/uploads/la_baskonia/1915/19150130.pdf
875	/sftp/sftp_unr/uploads/la_baskonia/1915/19150210.pdf
876	/sftp/sftp_unr/uploads/la_baskonia/1915/19150220.pdf
877	/sftp/sftp_unr/uploads/la_baskonia/1915/19150228.pdf
878	/sftp/sftp_unr/uploads/la_baskonia/1915/19150310.pdf
879	/sftp/sftp_unr/uploads/la_baskonia/1915/19150320.pdf
880	/sftp/sftp_unr/uploads/la_baskonia/1915/19150330.pdf
881	/sftp/sftp_unr/uploads/la_baskonia/1915/19150410.pdf
882	/sftp/sftp_unr/uploads/la_baskonia/1915/19150420.pdf
883	/sftp/sftp_unr/uploads/la_baskonia/1915/19150430.pdf
884	/sftp/sftp_unr/uploads/la_baskonia/1915/19150510.pdf
885	/sftp/sftp_unr/uploads/la_baskonia/1915/19150520.pdf
886	/sftp/sftp_unr/uploads/la_baskonia/1915/19150530.pdf
887	/sftp/sftp_unr/uploads/la_baskonia/1915/19150610.pdf
888	/sftp/sftp_unr/uploads/la_baskonia/1915/19150620.pdf
889	/sftp/sftp_unr/uploads/la_baskonia/1915/19150630.pdf
890	/sftp/sftp_unr/uploads/la_baskonia/1915/19150710.pdf
891	/sftp/sftp_unr/uploads/la_baskonia/1915/19150720.pdf
892	/sftp/sftp_unr/uploads/la_baskonia/1915/19150730.pdf
893	/sftp/sftp_unr/uploads/la_baskonia/1915/19150810.pdf
894	/sftp/sftp_unr/uploads/la_baskonia/1915/19150820.pdf
895	/sftp/sftp_unr/uploads/la_baskonia/1915/19150830.pdf
896	/sftp/sftp_unr/uploads/la_baskonia/1915/19150910.pdf
897	/sftp/sftp_unr/uploads/la_baskonia/1915/19150920.pdf
898	/sftp/sftp_unr/uploads/la_baskonia/1915/19150930.pdf
899	/sftp/sftp_unr/uploads/la_baskonia/1915/19151010.pdf
900	/sftp/sftp_unr/uploads/la_baskonia/1915/19151020.pdf
901	/sftp/sftp_unr/uploads/la_baskonia/1915/19151030.pdf
902	/sftp/sftp_unr/uploads/la_baskonia/1915/19151110.pdf
903	/sftp/sftp_unr/uploads/la_baskonia/1915/19151120.pdf
904	/sftp/sftp_unr/uploads/la_baskonia/1915/19151130.pdf
905	/sftp/sftp_unr/uploads/la_baskonia/1915/19151210.pdf
906	/sftp/sftp_unr/uploads/la_baskonia/1915/19151220.pdf
907	/sftp/sftp_unr/uploads/la_baskonia/1915/19151230.pdf
908	/sftp/sftp_unr/uploads/la_baskonia/1916/1915_1916TOC.pdf
911	/sftp/sftp_unr/uploads/la_baskonia/1916/19160110.pdf
912	/sftp/sftp_unr/uploads/la_baskonia/1916/19160120.pdf
913	/sftp/sftp_unr/uploads/la_baskonia/1916/19160130.pdf
914	/sftp/sftp_unr/uploads/la_baskonia/1916/19160210.pdf
915	/sftp/sftp_unr/uploads/la_baskonia/1916/19160220.pdf
916	/sftp/sftp_unr/uploads/la_baskonia/1916/19160229.pdf
917	/sftp/sftp_unr/uploads/la_baskonia/1916/19160310.pdf
918	/sftp/sftp_unr/uploads/la_baskonia/1916/19160320.pdf
919	/sftp/sftp_unr/uploads/la_baskonia/1916/19160330.pdf
920	/sftp/sftp_unr/uploads/la_baskonia/1916/19160410.pdf
921	/sftp/sftp_unr/uploads/la_baskonia/1916/19160420.pdf
922	/sftp/sftp_unr/uploads/la_baskonia/1916/19160430.pdf
923	/sftp/sftp_unr/uploads/la_baskonia/1916/19160510.pdf
924	/sftp/sftp_unr/uploads/la_baskonia/1916/19160520.pdf
925	/sftp/sftp_unr/uploads/la_baskonia/1916/19160530.pdf
926	/sftp/sftp_unr/uploads/la_baskonia/1916/19160610.pdf
927	/sftp/sftp_unr/uploads/la_baskonia/1916/19160620.pdf
928	/sftp/sftp_unr/uploads/la_baskonia/1916/19160630.pdf
929	/sftp/sftp_unr/uploads/la_baskonia/1916/19160710.pdf
930	/sftp/sftp_unr/uploads/la_baskonia/1916/19160720.pdf
931	/sftp/sftp_unr/uploads/la_baskonia/1916/19160730.pdf
932	/sftp/sftp_unr/uploads/la_baskonia/1916/19160810.pdf
933	/sftp/sftp_unr/uploads/la_baskonia/1916/19160820.pdf
934	/sftp/sftp_unr/uploads/la_baskonia/1916/19160830.pdf
935	/sftp/sftp_unr/uploads/la_baskonia/1916/19160910.pdf
936	/sftp/sftp_unr/uploads/la_baskonia/1916/19160920.pdf
937	/sftp/sftp_unr/uploads/la_baskonia/1916/19160930.pdf
938	/sftp/sftp_unr/uploads/la_baskonia/1916/19161010.pdf
939	/sftp/sftp_unr/uploads/la_baskonia/1916/19161020.pdf
940	/sftp/sftp_unr/uploads/la_baskonia/1916/19161030.pdf
941	/sftp/sftp_unr/uploads/la_baskonia/1916/19161110.pdf
942	/sftp/sftp_unr/uploads/la_baskonia/1916/19161120.pdf
943	/sftp/sftp_unr/uploads/la_baskonia/1916/19161130.pdf
944	/sftp/sftp_unr/uploads/la_baskonia/1916/19161210.pdf
945	/sftp/sftp_unr/uploads/la_baskonia/1916/19161220.pdf
946	/sftp/sftp_unr/uploads/la_baskonia/1916/19161230.pdf
947	/sftp/sftp_unr/uploads/la_baskonia/1917/1916_1917TOC.pdf
950	/sftp/sftp_unr/uploads/la_baskonia/1917/19170110.pdf
951	/sftp/sftp_unr/uploads/la_baskonia/1917/19170120.pdf
952	/sftp/sftp_unr/uploads/la_baskonia/1917/19170130.pdf
953	/sftp/sftp_unr/uploads/la_baskonia/1917/19170210.pdf
954	/sftp/sftp_unr/uploads/la_baskonia/1917/19170220.pdf
955	/sftp/sftp_unr/uploads/la_baskonia/1917/19170228.pdf
956	/sftp/sftp_unr/uploads/la_baskonia/1917/19170310.pdf
957	/sftp/sftp_unr/uploads/la_baskonia/1917/19170320.pdf
958	/sftp/sftp_unr/uploads/la_baskonia/1917/19170330.pdf
959	/sftp/sftp_unr/uploads/la_baskonia/1917/19170410.pdf
960	/sftp/sftp_unr/uploads/la_baskonia/1917/19170420.pdf
961	/sftp/sftp_unr/uploads/la_baskonia/1917/19170430.pdf
962	/sftp/sftp_unr/uploads/la_baskonia/1917/19170510.pdf
963	/sftp/sftp_unr/uploads/la_baskonia/1917/19170520.pdf
964	/sftp/sftp_unr/uploads/la_baskonia/1917/19170530.pdf
965	/sftp/sftp_unr/uploads/la_baskonia/1917/19170610.pdf
966	/sftp/sftp_unr/uploads/la_baskonia/1917/19170620.pdf
967	/sftp/sftp_unr/uploads/la_baskonia/1917/19170630.pdf
968	/sftp/sftp_unr/uploads/la_baskonia/1917/19170710.pdf
969	/sftp/sftp_unr/uploads/la_baskonia/1917/19170720.pdf
970	/sftp/sftp_unr/uploads/la_baskonia/1917/19170730.pdf
971	/sftp/sftp_unr/uploads/la_baskonia/1917/19170810.pdf
972	/sftp/sftp_unr/uploads/la_baskonia/1917/19170820.pdf
973	/sftp/sftp_unr/uploads/la_baskonia/1917/19170830.pdf
974	/sftp/sftp_unr/uploads/la_baskonia/1917/19170910.pdf
975	/sftp/sftp_unr/uploads/la_baskonia/1917/19170920.pdf
976	/sftp/sftp_unr/uploads/la_baskonia/1917/19170930.pdf
977	/sftp/sftp_unr/uploads/la_baskonia/1917/19171010.pdf
978	/sftp/sftp_unr/uploads/la_baskonia/1917/19171020.pdf
979	/sftp/sftp_unr/uploads/la_baskonia/1917/19171030.pdf
980	/sftp/sftp_unr/uploads/la_baskonia/1917/19171110.pdf
981	/sftp/sftp_unr/uploads/la_baskonia/1917/19171120.pdf
982	/sftp/sftp_unr/uploads/la_baskonia/1917/19171130.pdf
983	/sftp/sftp_unr/uploads/la_baskonia/1917/19171210.pdf
984	/sftp/sftp_unr/uploads/la_baskonia/1917/19171220.pdf
985	/sftp/sftp_unr/uploads/la_baskonia/1917/19171230.pdf
986	/sftp/sftp_unr/uploads/la_baskonia/1918/1917_1918TOC.pdf
1015	/sftp/sftp_unr/uploads/la_baskonia/1918/19180110.pdf
1016	/sftp/sftp_unr/uploads/la_baskonia/1918/19180120.pdf
1017	/sftp/sftp_unr/uploads/la_baskonia/1918/19180130.pdf
1018	/sftp/sftp_unr/uploads/la_baskonia/1918/19180210.pdf
1019	/sftp/sftp_unr/uploads/la_baskonia/1918/19180220.pdf
1020	/sftp/sftp_unr/uploads/la_baskonia/1918/19180228.pdf
1021	/sftp/sftp_unr/uploads/la_baskonia/1918/19180310.pdf
1022	/sftp/sftp_unr/uploads/la_baskonia/1918/19180320.pdf
1023	/sftp/sftp_unr/uploads/la_baskonia/1918/19180330.pdf
1024	/sftp/sftp_unr/uploads/la_baskonia/1918/19180410.pdf
988	/sftp/sftp_unr/uploads/la_baskonia/1918/19180420.pdf
989	/sftp/sftp_unr/uploads/la_baskonia/1918/19180430.pdf
990	/sftp/sftp_unr/uploads/la_baskonia/1918/19180510.pdf
991	/sftp/sftp_unr/uploads/la_baskonia/1918/19180520.pdf
992	/sftp/sftp_unr/uploads/la_baskonia/1918/19180530.pdf
993	/sftp/sftp_unr/uploads/la_baskonia/1918/19180610.pdf
994	/sftp/sftp_unr/uploads/la_baskonia/1918/19180620.pdf
995	/sftp/sftp_unr/uploads/la_baskonia/1918/19180710.pdf
996	/sftp/sftp_unr/uploads/la_baskonia/1918/19180720.pdf
997	/sftp/sftp_unr/uploads/la_baskonia/1918/19180730.pdf
998	/sftp/sftp_unr/uploads/la_baskonia/1918/19180810.pdf
999	/sftp/sftp_unr/uploads/la_baskonia/1918/19180820.pdf
1000	/sftp/sftp_unr/uploads/la_baskonia/1918/19180830.pdf
1001	/sftp/sftp_unr/uploads/la_baskonia/1918/19180910.pdf
1002	/sftp/sftp_unr/uploads/la_baskonia/1918/19180920.pdf
1003	/sftp/sftp_unr/uploads/la_baskonia/1918/19180930.pdf
1004	/sftp/sftp_unr/uploads/la_baskonia/1918/19181010.pdf
1005	/sftp/sftp_unr/uploads/la_baskonia/1918/19181020.pdf
1006	/sftp/sftp_unr/uploads/la_baskonia/1918/19181030.pdf
1007	/sftp/sftp_unr/uploads/la_baskonia/1918/19181110.pdf
1008	/sftp/sftp_unr/uploads/la_baskonia/1918/19181120.pdf
1009	/sftp/sftp_unr/uploads/la_baskonia/1918/19181130.pdf
1010	/sftp/sftp_unr/uploads/la_baskonia/1918/19181210.pdf
1011	/sftp/sftp_unr/uploads/la_baskonia/1918/19181220.pdf
1012	/sftp/sftp_unr/uploads/la_baskonia/1918/19181230.pdf
1528	/sftp/sftp_unr/uploads/la_baskonia/1919/1918_1919TOC.pdf
1027	/sftp/sftp_unr/uploads/la_baskonia/1919/19190110.pdf
1028	/sftp/sftp_unr/uploads/la_baskonia/1919/19190120.pdf
1029	/sftp/sftp_unr/uploads/la_baskonia/1919/19190130.pdf
1030	/sftp/sftp_unr/uploads/la_baskonia/1919/19190210.pdf
1031	/sftp/sftp_unr/uploads/la_baskonia/1919/19190220.pdf
1032	/sftp/sftp_unr/uploads/la_baskonia/1919/19190228.pdf
1033	/sftp/sftp_unr/uploads/la_baskonia/1919/19190310.pdf
1034	/sftp/sftp_unr/uploads/la_baskonia/1919/19190320.pdf
1035	/sftp/sftp_unr/uploads/la_baskonia/1919/19190330.pdf
1036	/sftp/sftp_unr/uploads/la_baskonia/1919/19190410.pdf
1037	/sftp/sftp_unr/uploads/la_baskonia/1919/19190420.pdf
1038	/sftp/sftp_unr/uploads/la_baskonia/1919/19190430.pdf
1039	/sftp/sftp_unr/uploads/la_baskonia/1919/19190510.pdf
1040	/sftp/sftp_unr/uploads/la_baskonia/1919/19190520.pdf
1041	/sftp/sftp_unr/uploads/la_baskonia/1919/19190530.pdf
1042	/sftp/sftp_unr/uploads/la_baskonia/1919/19190610.pdf
1043	/sftp/sftp_unr/uploads/la_baskonia/1919/19190620.pdf
1044	/sftp/sftp_unr/uploads/la_baskonia/1919/19190630.pdf
1045	/sftp/sftp_unr/uploads/la_baskonia/1919/19190710.pdf
1046	/sftp/sftp_unr/uploads/la_baskonia/1919/19190720.pdf
1047	/sftp/sftp_unr/uploads/la_baskonia/1919/19190730.pdf
1048	/sftp/sftp_unr/uploads/la_baskonia/1919/19190810.pdf
1049	/sftp/sftp_unr/uploads/la_baskonia/1919/19190820.pdf
1050	/sftp/sftp_unr/uploads/la_baskonia/1919/19190830.pdf
1051	/sftp/sftp_unr/uploads/la_baskonia/1919/19190910.pdf
1052	/sftp/sftp_unr/uploads/la_baskonia/1919/19190920.pdf
1053	/sftp/sftp_unr/uploads/la_baskonia/1919/19190930.pdf
1054	/sftp/sftp_unr/uploads/la_baskonia/1919/19191010.pdf
1055	/sftp/sftp_unr/uploads/la_baskonia/1919/19191020.pdf
1056	/sftp/sftp_unr/uploads/la_baskonia/1919/19191030.pdf
1057	/sftp/sftp_unr/uploads/la_baskonia/1919/19191110.pdf
1058	/sftp/sftp_unr/uploads/la_baskonia/1919/19191120.pdf
1059	/sftp/sftp_unr/uploads/la_baskonia/1919/19191130.pdf
1060	/sftp/sftp_unr/uploads/la_baskonia/1919/19191210.pdf
1061	/sftp/sftp_unr/uploads/la_baskonia/1919/19191220.pdf
1062	/sftp/sftp_unr/uploads/la_baskonia/1919/19191230.pdf
1063	/sftp/sftp_unr/uploads/la_baskonia/1920/1919_1920TOC.pdf
1066	/sftp/sftp_unr/uploads/la_baskonia/1920/19200110.pdf
1067	/sftp/sftp_unr/uploads/la_baskonia/1920/19200120.pdf
1068	/sftp/sftp_unr/uploads/la_baskonia/1920/19200130.pdf
1069	/sftp/sftp_unr/uploads/la_baskonia/1920/19200210.pdf
1070	/sftp/sftp_unr/uploads/la_baskonia/1920/19200220.pdf
1071	/sftp/sftp_unr/uploads/la_baskonia/1920/19200229.pdf
1072	/sftp/sftp_unr/uploads/la_baskonia/1920/19200310.pdf
1073	/sftp/sftp_unr/uploads/la_baskonia/1920/19200320.pdf
1074	/sftp/sftp_unr/uploads/la_baskonia/1920/19200330.pdf
1075	/sftp/sftp_unr/uploads/la_baskonia/1920/19200410.pdf
1076	/sftp/sftp_unr/uploads/la_baskonia/1920/19200420.pdf
1077	/sftp/sftp_unr/uploads/la_baskonia/1920/19200430.pdf
1078	/sftp/sftp_unr/uploads/la_baskonia/1920/19200510.pdf
1079	/sftp/sftp_unr/uploads/la_baskonia/1920/19200520.pdf
1080	/sftp/sftp_unr/uploads/la_baskonia/1920/19200530.pdf
1081	/sftp/sftp_unr/uploads/la_baskonia/1920/19200610.pdf
1082	/sftp/sftp_unr/uploads/la_baskonia/1920/19200620.pdf
1083	/sftp/sftp_unr/uploads/la_baskonia/1920/19200630.pdf
1084	/sftp/sftp_unr/uploads/la_baskonia/1920/19200710.pdf
1085	/sftp/sftp_unr/uploads/la_baskonia/1920/19200720.pdf
1086	/sftp/sftp_unr/uploads/la_baskonia/1920/19200730.pdf
1087	/sftp/sftp_unr/uploads/la_baskonia/1920/19200810.pdf
1088	/sftp/sftp_unr/uploads/la_baskonia/1920/19200820.pdf
1089	/sftp/sftp_unr/uploads/la_baskonia/1920/19200830.pdf
1090	/sftp/sftp_unr/uploads/la_baskonia/1920/19200910.pdf
1091	/sftp/sftp_unr/uploads/la_baskonia/1920/19200920.pdf
1092	/sftp/sftp_unr/uploads/la_baskonia/1920/19200930.pdf
1093	/sftp/sftp_unr/uploads/la_baskonia/1920/19201010.pdf
1094	/sftp/sftp_unr/uploads/la_baskonia/1920/19201020.pdf
1095	/sftp/sftp_unr/uploads/la_baskonia/1920/19201030.pdf
1096	/sftp/sftp_unr/uploads/la_baskonia/1920/19201110.pdf
1097	/sftp/sftp_unr/uploads/la_baskonia/1920/19201120.pdf
1098	/sftp/sftp_unr/uploads/la_baskonia/1920/19201130.pdf
1099	/sftp/sftp_unr/uploads/la_baskonia/1920/19201210.pdf
1100	/sftp/sftp_unr/uploads/la_baskonia/1920/19201220.pdf
1101	/sftp/sftp_unr/uploads/la_baskonia/1920/19201230.pdf
1102	/sftp/sftp_unr/uploads/la_baskonia/1921/1920_1921TOC.pdf
1105	/sftp/sftp_unr/uploads/la_baskonia/1921/19210110.pdf
1106	/sftp/sftp_unr/uploads/la_baskonia/1921/19210120.pdf
1107	/sftp/sftp_unr/uploads/la_baskonia/1921/19210130.pdf
1108	/sftp/sftp_unr/uploads/la_baskonia/1921/19210210.pdf
1109	/sftp/sftp_unr/uploads/la_baskonia/1921/19210220.pdf
1110	/sftp/sftp_unr/uploads/la_baskonia/1921/19210228.pdf
1111	/sftp/sftp_unr/uploads/la_baskonia/1921/19210310.pdf
1112	/sftp/sftp_unr/uploads/la_baskonia/1921/19210320.pdf
1113	/sftp/sftp_unr/uploads/la_baskonia/1921/19210330.pdf
1114	/sftp/sftp_unr/uploads/la_baskonia/1921/19210410.pdf
1115	/sftp/sftp_unr/uploads/la_baskonia/1921/19210420.pdf
1116	/sftp/sftp_unr/uploads/la_baskonia/1921/19210430.pdf
1117	/sftp/sftp_unr/uploads/la_baskonia/1921/19210510.pdf
1118	/sftp/sftp_unr/uploads/la_baskonia/1921/19210520.pdf
1119	/sftp/sftp_unr/uploads/la_baskonia/1921/19210530.pdf
1120	/sftp/sftp_unr/uploads/la_baskonia/1921/19210610.pdf
1121	/sftp/sftp_unr/uploads/la_baskonia/1921/19210620.pdf
1122	/sftp/sftp_unr/uploads/la_baskonia/1921/19210630.pdf
1123	/sftp/sftp_unr/uploads/la_baskonia/1921/19210710.pdf
1124	/sftp/sftp_unr/uploads/la_baskonia/1921/19210720.pdf
1125	/sftp/sftp_unr/uploads/la_baskonia/1921/19210730.pdf
1126	/sftp/sftp_unr/uploads/la_baskonia/1921/19210810.pdf
1127	/sftp/sftp_unr/uploads/la_baskonia/1921/19210820.pdf
1128	/sftp/sftp_unr/uploads/la_baskonia/1921/19210830.pdf
1129	/sftp/sftp_unr/uploads/la_baskonia/1921/19210910.pdf
1130	/sftp/sftp_unr/uploads/la_baskonia/1921/19210920.pdf
1131	/sftp/sftp_unr/uploads/la_baskonia/1921/19210930.pdf
1132	/sftp/sftp_unr/uploads/la_baskonia/1921/19211010.pdf
1133	/sftp/sftp_unr/uploads/la_baskonia/1921/19211020.pdf
1134	/sftp/sftp_unr/uploads/la_baskonia/1921/19211030.pdf
1135	/sftp/sftp_unr/uploads/la_baskonia/1921/19211110.pdf
1136	/sftp/sftp_unr/uploads/la_baskonia/1921/19211120.pdf
1137	/sftp/sftp_unr/uploads/la_baskonia/1921/19211130.pdf
1138	/sftp/sftp_unr/uploads/la_baskonia/1921/19211210.pdf
1139	/sftp/sftp_unr/uploads/la_baskonia/1921/19211220.pdf
1140	/sftp/sftp_unr/uploads/la_baskonia/1921/19211230.pdf
1141	/sftp/sftp_unr/uploads/la_baskonia/1922/1921_1922TOC.pdf
1144	/sftp/sftp_unr/uploads/la_baskonia/1922/19220110.pdf
1145	/sftp/sftp_unr/uploads/la_baskonia/1922/19220120.pdf
1146	/sftp/sftp_unr/uploads/la_baskonia/1922/19220130.pdf
1147	/sftp/sftp_unr/uploads/la_baskonia/1922/19220210.pdf
1148	/sftp/sftp_unr/uploads/la_baskonia/1922/19220220.pdf
1149	/sftp/sftp_unr/uploads/la_baskonia/1922/19220228.pdf
1150	/sftp/sftp_unr/uploads/la_baskonia/1922/19220310.pdf
1151	/sftp/sftp_unr/uploads/la_baskonia/1922/19220320.pdf
1152	/sftp/sftp_unr/uploads/la_baskonia/1922/19220330.pdf
1153	/sftp/sftp_unr/uploads/la_baskonia/1922/19220410.pdf
1154	/sftp/sftp_unr/uploads/la_baskonia/1922/19220420.pdf
1155	/sftp/sftp_unr/uploads/la_baskonia/1922/19220430.pdf
1156	/sftp/sftp_unr/uploads/la_baskonia/1922/19220510.pdf
1157	/sftp/sftp_unr/uploads/la_baskonia/1922/19220520.pdf
1158	/sftp/sftp_unr/uploads/la_baskonia/1922/19220530.pdf
1159	/sftp/sftp_unr/uploads/la_baskonia/1922/19220610.pdf
1160	/sftp/sftp_unr/uploads/la_baskonia/1922/19220620.pdf
1161	/sftp/sftp_unr/uploads/la_baskonia/1922/19220630.pdf
1162	/sftp/sftp_unr/uploads/la_baskonia/1922/19220710.pdf
1163	/sftp/sftp_unr/uploads/la_baskonia/1922/19220720.pdf
1164	/sftp/sftp_unr/uploads/la_baskonia/1922/19220730.pdf
1165	/sftp/sftp_unr/uploads/la_baskonia/1922/19220810.pdf
1166	/sftp/sftp_unr/uploads/la_baskonia/1922/19220820.pdf
1167	/sftp/sftp_unr/uploads/la_baskonia/1922/19220830.pdf
1168	/sftp/sftp_unr/uploads/la_baskonia/1922/19220910.pdf
1169	/sftp/sftp_unr/uploads/la_baskonia/1922/19220920.pdf
1170	/sftp/sftp_unr/uploads/la_baskonia/1922/19220930.pdf
1171	/sftp/sftp_unr/uploads/la_baskonia/1922/19221010.pdf
1172	/sftp/sftp_unr/uploads/la_baskonia/1922/19221020.pdf
1173	/sftp/sftp_unr/uploads/la_baskonia/1922/19221030.pdf
1174	/sftp/sftp_unr/uploads/la_baskonia/1922/19221110.pdf
1175	/sftp/sftp_unr/uploads/la_baskonia/1922/19221120.pdf
1176	/sftp/sftp_unr/uploads/la_baskonia/1922/19221210.pdf
1177	/sftp/sftp_unr/uploads/la_baskonia/1922/19221220.pdf
1178	/sftp/sftp_unr/uploads/la_baskonia/1922/19221230.pdf
1179	/sftp/sftp_unr/uploads/la_baskonia/1923/1922_1923TOC.pdf
1182	/sftp/sftp_unr/uploads/la_baskonia/1923/19230110.pdf
1183	/sftp/sftp_unr/uploads/la_baskonia/1923/19230120.pdf
1184	/sftp/sftp_unr/uploads/la_baskonia/1923/19230130.pdf
1185	/sftp/sftp_unr/uploads/la_baskonia/1923/19230210.pdf
1186	/sftp/sftp_unr/uploads/la_baskonia/1923/19230220.pdf
1187	/sftp/sftp_unr/uploads/la_baskonia/1923/19230228.pdf
1188	/sftp/sftp_unr/uploads/la_baskonia/1923/19230310.pdf
1189	/sftp/sftp_unr/uploads/la_baskonia/1923/19230320.pdf
1190	/sftp/sftp_unr/uploads/la_baskonia/1923/19230330.pdf
1191	/sftp/sftp_unr/uploads/la_baskonia/1923/19230410.pdf
1192	/sftp/sftp_unr/uploads/la_baskonia/1923/19230420.pdf
1193	/sftp/sftp_unr/uploads/la_baskonia/1923/19230430.pdf
1194	/sftp/sftp_unr/uploads/la_baskonia/1923/19230510.pdf
1195	/sftp/sftp_unr/uploads/la_baskonia/1923/19230520.pdf
1196	/sftp/sftp_unr/uploads/la_baskonia/1923/19230530.pdf
1197	/sftp/sftp_unr/uploads/la_baskonia/1923/19230610.pdf
1198	/sftp/sftp_unr/uploads/la_baskonia/1923/19230620.pdf
1199	/sftp/sftp_unr/uploads/la_baskonia/1923/19230720.pdf
1200	/sftp/sftp_unr/uploads/la_baskonia/1923/19230730.pdf
1201	/sftp/sftp_unr/uploads/la_baskonia/1923/19230820.pdf
1202	/sftp/sftp_unr/uploads/la_baskonia/1923/19230830.pdf
1203	/sftp/sftp_unr/uploads/la_baskonia/1923/19230910.pdf
1204	/sftp/sftp_unr/uploads/la_baskonia/1923/19230920.pdf
1205	/sftp/sftp_unr/uploads/la_baskonia/1923/19230930.pdf
1206	/sftp/sftp_unr/uploads/la_baskonia/1923/19231010.pdf
1207	/sftp/sftp_unr/uploads/la_baskonia/1923/19231020.pdf
1208	/sftp/sftp_unr/uploads/la_baskonia/1923/19231030.pdf
1209	/sftp/sftp_unr/uploads/la_baskonia/1923/19231110.pdf
1210	/sftp/sftp_unr/uploads/la_baskonia/1923/19231120.pdf
1211	/sftp/sftp_unr/uploads/la_baskonia/1923/19231130.pdf
1212	/sftp/sftp_unr/uploads/la_baskonia/1923/19231210.pdf
1213	/sftp/sftp_unr/uploads/la_baskonia/1923/19231220.pdf
1214	/sftp/sftp_unr/uploads/la_baskonia/1923/19231230.pdf
1215	/sftp/sftp_unr/uploads/la_baskonia/1924/1923_1924TOC.pdf
1217	/sftp/sftp_unr/uploads/la_baskonia/1924/19240120.pdf
1219	/sftp/sftp_unr/uploads/la_baskonia/1924/19240110.pdf
1221	/sftp/sftp_unr/uploads/la_baskonia/1924/19240130.pdf
1222	/sftp/sftp_unr/uploads/la_baskonia/1924/19240210.pdf
1223	/sftp/sftp_unr/uploads/la_baskonia/1924/19240220.pdf
1224	/sftp/sftp_unr/uploads/la_baskonia/1924/19240229.pdf
1225	/sftp/sftp_unr/uploads/la_baskonia/1924/19240310.pdf
1226	/sftp/sftp_unr/uploads/la_baskonia/1924/19240320.pdf
1227	/sftp/sftp_unr/uploads/la_baskonia/1924/19240330.pdf
1228	/sftp/sftp_unr/uploads/la_baskonia/1924/19240410.pdf
1229	/sftp/sftp_unr/uploads/la_baskonia/1924/19240420.pdf
1230	/sftp/sftp_unr/uploads/la_baskonia/1924/19240430.pdf
1231	/sftp/sftp_unr/uploads/la_baskonia/1924/19240510.pdf
1232	/sftp/sftp_unr/uploads/la_baskonia/1924/19240520.pdf
1233	/sftp/sftp_unr/uploads/la_baskonia/1924/19240530.pdf
1234	/sftp/sftp_unr/uploads/la_baskonia/1924/19240610.pdf
1235	/sftp/sftp_unr/uploads/la_baskonia/1924/19240620.pdf
1236	/sftp/sftp_unr/uploads/la_baskonia/1924/19240630.pdf
1237	/sftp/sftp_unr/uploads/la_baskonia/1924/19240710.pdf
1238	/sftp/sftp_unr/uploads/la_baskonia/1924/19240720.pdf
1239	/sftp/sftp_unr/uploads/la_baskonia/1924/19240730.pdf
1240	/sftp/sftp_unr/uploads/la_baskonia/1924/19240810.pdf
1241	/sftp/sftp_unr/uploads/la_baskonia/1924/19240820.pdf
1242	/sftp/sftp_unr/uploads/la_baskonia/1924/19240830.pdf
1243	/sftp/sftp_unr/uploads/la_baskonia/1924/19240910.pdf
1244	/sftp/sftp_unr/uploads/la_baskonia/1924/19240920.pdf
1245	/sftp/sftp_unr/uploads/la_baskonia/1924/19240930.pdf
1246	/sftp/sftp_unr/uploads/la_baskonia/1924/19241010.pdf
1247	/sftp/sftp_unr/uploads/la_baskonia/1924/19241020.pdf
1248	/sftp/sftp_unr/uploads/la_baskonia/1924/19241030.pdf
1249	/sftp/sftp_unr/uploads/la_baskonia/1924/19241110.pdf
1250	/sftp/sftp_unr/uploads/la_baskonia/1924/19241120.pdf
1251	/sftp/sftp_unr/uploads/la_baskonia/1924/19241130.pdf
1252	/sftp/sftp_unr/uploads/la_baskonia/1924/19241210.pdf
1253	/sftp/sftp_unr/uploads/la_baskonia/1924/19241220.pdf
1254	/sftp/sftp_unr/uploads/la_baskonia/1924/19241230.pdf
1255	/sftp/sftp_unr/uploads/la_baskonia/1925/1924_1925TOC.pdf
1258	/sftp/sftp_unr/uploads/la_baskonia/1925/19250110.pdf
1259	/sftp/sftp_unr/uploads/la_baskonia/1925/19250120.pdf
1260	/sftp/sftp_unr/uploads/la_baskonia/1925/19250130.pdf
1261	/sftp/sftp_unr/uploads/la_baskonia/1925/19250210.pdf
1262	/sftp/sftp_unr/uploads/la_baskonia/1925/19250220.pdf
1263	/sftp/sftp_unr/uploads/la_baskonia/1925/19250228.pdf
1264	/sftp/sftp_unr/uploads/la_baskonia/1925/19250310.pdf
1265	/sftp/sftp_unr/uploads/la_baskonia/1925/19250320.pdf
1266	/sftp/sftp_unr/uploads/la_baskonia/1925/19250330.pdf
1267	/sftp/sftp_unr/uploads/la_baskonia/1925/19250410.pdf
1268	/sftp/sftp_unr/uploads/la_baskonia/1925/19250420.pdf
1269	/sftp/sftp_unr/uploads/la_baskonia/1925/19250430.pdf
1270	/sftp/sftp_unr/uploads/la_baskonia/1925/19250510.pdf
1271	/sftp/sftp_unr/uploads/la_baskonia/1925/19250520.pdf
1272	/sftp/sftp_unr/uploads/la_baskonia/1925/19250530.pdf
1273	/sftp/sftp_unr/uploads/la_baskonia/1925/19250610.pdf
1274	/sftp/sftp_unr/uploads/la_baskonia/1925/19250620.pdf
1275	/sftp/sftp_unr/uploads/la_baskonia/1925/19250630.pdf
1276	/sftp/sftp_unr/uploads/la_baskonia/1925/19250710.pdf
1277	/sftp/sftp_unr/uploads/la_baskonia/1925/19250720.pdf
1278	/sftp/sftp_unr/uploads/la_baskonia/1925/19250730.pdf
1279	/sftp/sftp_unr/uploads/la_baskonia/1925/19250810.pdf
1280	/sftp/sftp_unr/uploads/la_baskonia/1925/19250820.pdf
1281	/sftp/sftp_unr/uploads/la_baskonia/1925/19250830.pdf
1282	/sftp/sftp_unr/uploads/la_baskonia/1925/19250910.pdf
1283	/sftp/sftp_unr/uploads/la_baskonia/1925/19250920.pdf
1284	/sftp/sftp_unr/uploads/la_baskonia/1925/19250930.pdf
1285	/sftp/sftp_unr/uploads/la_baskonia/1925/19251010.pdf
1286	/sftp/sftp_unr/uploads/la_baskonia/1925/19251020.pdf
1287	/sftp/sftp_unr/uploads/la_baskonia/1925/19251030.pdf
1288	/sftp/sftp_unr/uploads/la_baskonia/1925/19251110.pdf
1289	/sftp/sftp_unr/uploads/la_baskonia/1925/19251120.pdf
1290	/sftp/sftp_unr/uploads/la_baskonia/1925/19251130.pdf
1291	/sftp/sftp_unr/uploads/la_baskonia/1925/19251210.pdf
1292	/sftp/sftp_unr/uploads/la_baskonia/1925/19251220.pdf
1293	/sftp/sftp_unr/uploads/la_baskonia/1925/19251230.pdf
1294	/sftp/sftp_unr/uploads/la_baskonia/1926/1925_1926TOC.pdf
1297	/sftp/sftp_unr/uploads/la_baskonia/1926/19260110.pdf
1298	/sftp/sftp_unr/uploads/la_baskonia/1926/19260120.pdf
1299	/sftp/sftp_unr/uploads/la_baskonia/1926/19260130.pdf
1300	/sftp/sftp_unr/uploads/la_baskonia/1926/19260210.pdf
1301	/sftp/sftp_unr/uploads/la_baskonia/1926/19260220.pdf
1302	/sftp/sftp_unr/uploads/la_baskonia/1926/19260228.pdf
1303	/sftp/sftp_unr/uploads/la_baskonia/1926/19260310.pdf
1304	/sftp/sftp_unr/uploads/la_baskonia/1926/19260320.pdf
1305	/sftp/sftp_unr/uploads/la_baskonia/1926/19260330.pdf
1306	/sftp/sftp_unr/uploads/la_baskonia/1926/19260410.pdf
1307	/sftp/sftp_unr/uploads/la_baskonia/1926/19260420.pdf
1308	/sftp/sftp_unr/uploads/la_baskonia/1926/19260430.pdf
1309	/sftp/sftp_unr/uploads/la_baskonia/1926/19260510.pdf
1310	/sftp/sftp_unr/uploads/la_baskonia/1926/19260520.pdf
1311	/sftp/sftp_unr/uploads/la_baskonia/1926/19260530.pdf
1312	/sftp/sftp_unr/uploads/la_baskonia/1926/19260610.pdf
1313	/sftp/sftp_unr/uploads/la_baskonia/1926/19260620.pdf
1314	/sftp/sftp_unr/uploads/la_baskonia/1926/19260630.pdf
1315	/sftp/sftp_unr/uploads/la_baskonia/1926/19260710.pdf
1316	/sftp/sftp_unr/uploads/la_baskonia/1926/19260720.pdf
1317	/sftp/sftp_unr/uploads/la_baskonia/1926/19260730.pdf
1318	/sftp/sftp_unr/uploads/la_baskonia/1926/19260810.pdf
1319	/sftp/sftp_unr/uploads/la_baskonia/1926/19260820.pdf
1320	/sftp/sftp_unr/uploads/la_baskonia/1926/19260830.pdf
1321	/sftp/sftp_unr/uploads/la_baskonia/1926/19260910.pdf
1322	/sftp/sftp_unr/uploads/la_baskonia/1926/19260920.pdf
1323	/sftp/sftp_unr/uploads/la_baskonia/1926/19260930.pdf
1324	/sftp/sftp_unr/uploads/la_baskonia/1926/19261010.pdf
1325	/sftp/sftp_unr/uploads/la_baskonia/1926/19261020.pdf
1326	/sftp/sftp_unr/uploads/la_baskonia/1926/19261030.pdf
1327	/sftp/sftp_unr/uploads/la_baskonia/1926/19261110.pdf
1328	/sftp/sftp_unr/uploads/la_baskonia/1926/19261120.pdf
1329	/sftp/sftp_unr/uploads/la_baskonia/1926/19261130.pdf
1330	/sftp/sftp_unr/uploads/la_baskonia/1926/19261210.pdf
1331	/sftp/sftp_unr/uploads/la_baskonia/1926/19261220.pdf
1332	/sftp/sftp_unr/uploads/la_baskonia/1926/19261230.pdf
1333	/sftp/sftp_unr/uploads/la_baskonia/1927/1926_1927TOC.pdf
1336	/sftp/sftp_unr/uploads/la_baskonia/1927/19270110.pdf
1337	/sftp/sftp_unr/uploads/la_baskonia/1927/19270120.pdf
1338	/sftp/sftp_unr/uploads/la_baskonia/1927/19270130.pdf
1339	/sftp/sftp_unr/uploads/la_baskonia/1927/19270210.pdf
1340	/sftp/sftp_unr/uploads/la_baskonia/1927/19270220.pdf
1341	/sftp/sftp_unr/uploads/la_baskonia/1927/19270228.pdf
1342	/sftp/sftp_unr/uploads/la_baskonia/1927/19270310.pdf
1343	/sftp/sftp_unr/uploads/la_baskonia/1927/19270320.pdf
1344	/sftp/sftp_unr/uploads/la_baskonia/1927/19270330.pdf
1345	/sftp/sftp_unr/uploads/la_baskonia/1927/19270410.pdf
1346	/sftp/sftp_unr/uploads/la_baskonia/1927/19270420.pdf
1347	/sftp/sftp_unr/uploads/la_baskonia/1927/19270430.pdf
1348	/sftp/sftp_unr/uploads/la_baskonia/1927/19270510.pdf
1349	/sftp/sftp_unr/uploads/la_baskonia/1927/19270520.pdf
1350	/sftp/sftp_unr/uploads/la_baskonia/1927/19270530.pdf
1351	/sftp/sftp_unr/uploads/la_baskonia/1927/19270610.pdf
1352	/sftp/sftp_unr/uploads/la_baskonia/1927/19270620.pdf
1353	/sftp/sftp_unr/uploads/la_baskonia/1927/19270630.pdf
1354	/sftp/sftp_unr/uploads/la_baskonia/1927/19270710.pdf
1355	/sftp/sftp_unr/uploads/la_baskonia/1927/19270720.pdf
1356	/sftp/sftp_unr/uploads/la_baskonia/1927/19270730.pdf
1357	/sftp/sftp_unr/uploads/la_baskonia/1927/19270810.pdf
1358	/sftp/sftp_unr/uploads/la_baskonia/1927/19270820.pdf
1359	/sftp/sftp_unr/uploads/la_baskonia/1927/19270830.pdf
1360	/sftp/sftp_unr/uploads/la_baskonia/1927/19270910.pdf
1361	/sftp/sftp_unr/uploads/la_baskonia/1927/19270920.pdf
1362	/sftp/sftp_unr/uploads/la_baskonia/1927/19270930.pdf
1363	/sftp/sftp_unr/uploads/la_baskonia/1927/19271010.pdf
1364	/sftp/sftp_unr/uploads/la_baskonia/1927/19271020.pdf
1365	/sftp/sftp_unr/uploads/la_baskonia/1927/19271030.pdf
1366	/sftp/sftp_unr/uploads/la_baskonia/1927/19271110.pdf
1367	/sftp/sftp_unr/uploads/la_baskonia/1927/19271120.pdf
1368	/sftp/sftp_unr/uploads/la_baskonia/1927/19271130.pdf
1369	/sftp/sftp_unr/uploads/la_baskonia/1927/19271210.pdf
1370	/sftp/sftp_unr/uploads/la_baskonia/1927/19271220.pdf
1371	/sftp/sftp_unr/uploads/la_baskonia/1927/19271230.pdf
1372	/sftp/sftp_unr/uploads/la_baskonia/1928/1927_1928TOC.pdf
1375	/sftp/sftp_unr/uploads/la_baskonia/1928/19280110.pdf
1376	/sftp/sftp_unr/uploads/la_baskonia/1928/19280120.pdf
1377	/sftp/sftp_unr/uploads/la_baskonia/1928/19280130.pdf
1378	/sftp/sftp_unr/uploads/la_baskonia/1928/19280210.pdf
1379	/sftp/sftp_unr/uploads/la_baskonia/1928/19280220.pdf
1380	/sftp/sftp_unr/uploads/la_baskonia/1928/19280229.pdf
1381	/sftp/sftp_unr/uploads/la_baskonia/1928/19280310.pdf
1382	/sftp/sftp_unr/uploads/la_baskonia/1928/19280320.pdf
1383	/sftp/sftp_unr/uploads/la_baskonia/1928/19280330.pdf
1384	/sftp/sftp_unr/uploads/la_baskonia/1928/19280410.pdf
1385	/sftp/sftp_unr/uploads/la_baskonia/1928/19280420.pdf
1386	/sftp/sftp_unr/uploads/la_baskonia/1928/19280430.pdf
1387	/sftp/sftp_unr/uploads/la_baskonia/1928/19280510.pdf
1388	/sftp/sftp_unr/uploads/la_baskonia/1928/19280520.pdf
1389	/sftp/sftp_unr/uploads/la_baskonia/1928/19280530.pdf
1390	/sftp/sftp_unr/uploads/la_baskonia/1928/19280610.pdf
1391	/sftp/sftp_unr/uploads/la_baskonia/1928/19280620.pdf
1392	/sftp/sftp_unr/uploads/la_baskonia/1928/19280630.pdf
1393	/sftp/sftp_unr/uploads/la_baskonia/1928/19280710.pdf
1394	/sftp/sftp_unr/uploads/la_baskonia/1928/19280720.pdf
1395	/sftp/sftp_unr/uploads/la_baskonia/1928/19280730.pdf
1396	/sftp/sftp_unr/uploads/la_baskonia/1928/19280810.pdf
1397	/sftp/sftp_unr/uploads/la_baskonia/1928/19280820.pdf
1398	/sftp/sftp_unr/uploads/la_baskonia/1928/19280830.pdf
1399	/sftp/sftp_unr/uploads/la_baskonia/1928/19280910.pdf
1400	/sftp/sftp_unr/uploads/la_baskonia/1928/19280920.pdf
1401	/sftp/sftp_unr/uploads/la_baskonia/1928/19280930.pdf
1402	/sftp/sftp_unr/uploads/la_baskonia/1928/19281010.pdf
1403	/sftp/sftp_unr/uploads/la_baskonia/1928/19281020.pdf
1404	/sftp/sftp_unr/uploads/la_baskonia/1928/19281030.pdf
1405	/sftp/sftp_unr/uploads/la_baskonia/1928/19281110.pdf
1406	/sftp/sftp_unr/uploads/la_baskonia/1928/19281120.pdf
1407	/sftp/sftp_unr/uploads/la_baskonia/1928/19281130.pdf
1408	/sftp/sftp_unr/uploads/la_baskonia/1928/19281210.pdf
1409	/sftp/sftp_unr/uploads/la_baskonia/1928/19281220.pdf
1410	/sftp/sftp_unr/uploads/la_baskonia/1928/19281230.pdf
1411	/sftp/sftp_unr/uploads/la_baskonia/1929/1928_1929TOC.pdf
1414	/sftp/sftp_unr/uploads/la_baskonia/1929/19290110.pdf
1415	/sftp/sftp_unr/uploads/la_baskonia/1929/19290120.pdf
1416	/sftp/sftp_unr/uploads/la_baskonia/1929/19290130.pdf
1417	/sftp/sftp_unr/uploads/la_baskonia/1929/19290210.pdf
1418	/sftp/sftp_unr/uploads/la_baskonia/1929/19290220.pdf
1419	/sftp/sftp_unr/uploads/la_baskonia/1929/19290228.pdf
1420	/sftp/sftp_unr/uploads/la_baskonia/1929/19290310.pdf
1421	/sftp/sftp_unr/uploads/la_baskonia/1929/19290320.pdf
1422	/sftp/sftp_unr/uploads/la_baskonia/1929/19290330.pdf
1423	/sftp/sftp_unr/uploads/la_baskonia/1929/19290410.pdf
1424	/sftp/sftp_unr/uploads/la_baskonia/1929/19290420.pdf
1425	/sftp/sftp_unr/uploads/la_baskonia/1929/19290430.pdf
1426	/sftp/sftp_unr/uploads/la_baskonia/1929/19290510.pdf
1427	/sftp/sftp_unr/uploads/la_baskonia/1929/19290520.pdf
1428	/sftp/sftp_unr/uploads/la_baskonia/1929/19290530.pdf
1429	/sftp/sftp_unr/uploads/la_baskonia/1929/19290610.pdf
1430	/sftp/sftp_unr/uploads/la_baskonia/1929/19290620.pdf
1431	/sftp/sftp_unr/uploads/la_baskonia/1929/19290630.pdf
1432	/sftp/sftp_unr/uploads/la_baskonia/1929/19290710.pdf
1433	/sftp/sftp_unr/uploads/la_baskonia/1929/19290720.pdf
1434	/sftp/sftp_unr/uploads/la_baskonia/1929/19290730.pdf
1435	/sftp/sftp_unr/uploads/la_baskonia/1929/19290810.pdf
1436	/sftp/sftp_unr/uploads/la_baskonia/1929/19290820.pdf
1437	/sftp/sftp_unr/uploads/la_baskonia/1929/19290830.pdf
1438	/sftp/sftp_unr/uploads/la_baskonia/1929/19290910.pdf
1439	/sftp/sftp_unr/uploads/la_baskonia/1929/19290920.pdf
1440	/sftp/sftp_unr/uploads/la_baskonia/1929/19290930.pdf
1441	/sftp/sftp_unr/uploads/la_baskonia/1929/19291010.pdf
1442	/sftp/sftp_unr/uploads/la_baskonia/1929/19291020.pdf
1443	/sftp/sftp_unr/uploads/la_baskonia/1929/19291030.pdf
1444	/sftp/sftp_unr/uploads/la_baskonia/1929/19291110.pdf
1445	/sftp/sftp_unr/uploads/la_baskonia/1929/19291120.pdf
1446	/sftp/sftp_unr/uploads/la_baskonia/1929/19291130.pdf
1447	/sftp/sftp_unr/uploads/la_baskonia/1929/19291210.pdf
1448	/sftp/sftp_unr/uploads/la_baskonia/1929/19291220.pdf
1449	/sftp/sftp_unr/uploads/la_baskonia/1929/19291230.pdf
1450	/sftp/sftp_unr/uploads/la_baskonia/1930/1929_1930TOC.pdf
1453	/sftp/sftp_unr/uploads/la_baskonia/1930/19300110.pdf
1454	/sftp/sftp_unr/uploads/la_baskonia/1930/19300120.pdf
1455	/sftp/sftp_unr/uploads/la_baskonia/1930/19300130.pdf
1456	/sftp/sftp_unr/uploads/la_baskonia/1930/19300210.pdf
1457	/sftp/sftp_unr/uploads/la_baskonia/1930/19300220.pdf
1458	/sftp/sftp_unr/uploads/la_baskonia/1930/19300228.pdf
1459	/sftp/sftp_unr/uploads/la_baskonia/1930/19300310.pdf
1460	/sftp/sftp_unr/uploads/la_baskonia/1930/19300320.pdf
1461	/sftp/sftp_unr/uploads/la_baskonia/1930/19300330.pdf
1462	/sftp/sftp_unr/uploads/la_baskonia/1930/19300410.pdf
1463	/sftp/sftp_unr/uploads/la_baskonia/1930/19300420.pdf
1464	/sftp/sftp_unr/uploads/la_baskonia/1930/19300430.pdf
1465	/sftp/sftp_unr/uploads/la_baskonia/1930/19300510.pdf
1466	/sftp/sftp_unr/uploads/la_baskonia/1930/19300520.pdf
1467	/sftp/sftp_unr/uploads/la_baskonia/1930/19300530.pdf
1468	/sftp/sftp_unr/uploads/la_baskonia/1930/19300610.pdf
1469	/sftp/sftp_unr/uploads/la_baskonia/1930/19300620.pdf
1470	/sftp/sftp_unr/uploads/la_baskonia/1930/19300630.pdf
1471	/sftp/sftp_unr/uploads/la_baskonia/1930/19300710.pdf
1472	/sftp/sftp_unr/uploads/la_baskonia/1930/19300720.pdf
1473	/sftp/sftp_unr/uploads/la_baskonia/1930/19300730.pdf
1474	/sftp/sftp_unr/uploads/la_baskonia/1930/19300810.pdf
1475	/sftp/sftp_unr/uploads/la_baskonia/1930/19300820.pdf
1476	/sftp/sftp_unr/uploads/la_baskonia/1930/19300830.pdf
1477	/sftp/sftp_unr/uploads/la_baskonia/1930/19300910.pdf
1478	/sftp/sftp_unr/uploads/la_baskonia/1930/19300920.pdf
1479	/sftp/sftp_unr/uploads/la_baskonia/1930/19300930.pdf
1480	/sftp/sftp_unr/uploads/la_baskonia/1930/19301010.pdf
1481	/sftp/sftp_unr/uploads/la_baskonia/1930/19301020.pdf
1482	/sftp/sftp_unr/uploads/la_baskonia/1930/19301030.pdf
1483	/sftp/sftp_unr/uploads/la_baskonia/1930/19301110.pdf
1484	/sftp/sftp_unr/uploads/la_baskonia/1930/19301120.pdf
1485	/sftp/sftp_unr/uploads/la_baskonia/1930/19301130.pdf
1486	/sftp/sftp_unr/uploads/la_baskonia/1930/19301210.pdf
1487	/sftp/sftp_unr/uploads/la_baskonia/1930/19301220.pdf
1488	/sftp/sftp_unr/uploads/la_baskonia/1930/19301230.pdf
1490	/sftp/sftp_unr/uploads/la_baskonia/1931/19310110.pdf
1491	/sftp/sftp_unr/uploads/la_baskonia/1931/19310120.pdf
1492	/sftp/sftp_unr/uploads/la_baskonia/1931/19310130.pdf
1493	/sftp/sftp_unr/uploads/la_baskonia/1931/19310210.pdf
1494	/sftp/sftp_unr/uploads/la_baskonia/1931/19310220.pdf
1495	/sftp/sftp_unr/uploads/la_baskonia/1931/19310228.pdf
1496	/sftp/sftp_unr/uploads/la_baskonia/1931/19310310.pdf
1497	/sftp/sftp_unr/uploads/la_baskonia/1931/19310320.pdf
1498	/sftp/sftp_unr/uploads/la_baskonia/1931/19310330.pdf
1499	/sftp/sftp_unr/uploads/la_baskonia/1931/19310410.pdf
1500	/sftp/sftp_unr/uploads/la_baskonia/1931/19310420.pdf
1501	/sftp/sftp_unr/uploads/la_baskonia/1931/19310430.pdf
1502	/sftp/sftp_unr/uploads/la_baskonia/1931/19310510.pdf
1503	/sftp/sftp_unr/uploads/la_baskonia/1931/19310520.pdf
1504	/sftp/sftp_unr/uploads/la_baskonia/1931/19310530.pdf
1505	/sftp/sftp_unr/uploads/la_baskonia/1931/19310610.pdf
1506	/sftp/sftp_unr/uploads/la_baskonia/1931/19310620.pdf
1507	/sftp/sftp_unr/uploads/la_baskonia/1931/19310630.pdf
1508	/sftp/sftp_unr/uploads/la_baskonia/1931/19310710.pdf
1509	/sftp/sftp_unr/uploads/la_baskonia/1931/19310720.pdf
1510	/sftp/sftp_unr/uploads/la_baskonia/1931/19310730.pdf
1511	/sftp/sftp_unr/uploads/la_baskonia/1931/19310810.pdf
1512	/sftp/sftp_unr/uploads/la_baskonia/1931/19310820.pdf
1513	/sftp/sftp_unr/uploads/la_baskonia/1931/19310830.pdf
1514	/sftp/sftp_unr/uploads/la_baskonia/1931/19310910.pdf
1515	/sftp/sftp_unr/uploads/la_baskonia/1931/19310920.pdf
1516	/sftp/sftp_unr/uploads/la_baskonia/1931/19310930.pdf
1518	/sftp/sftp_unr/uploads/la_baskonia/1932/19320710.pdf
1519	/sftp/sftp_unr/uploads/la_baskonia/1932/19320720.pdf
1520	/sftp/sftp_unr/uploads/la_baskonia/1932/19320810.pdf
1521	/sftp/sftp_unr/uploads/la_baskonia/1932/19320820.pdf
1522	/sftp/sftp_unr/uploads/la_baskonia/1932/19320830.pdf
1523	/sftp/sftp_unr/uploads/la_baskonia/1932/19320920.pdf
1524	/sftp/sftp_unr/uploads/la_baskonia/1932/19320930.pdf
