823,/sftp/sftp_upload/Digitized_Vinyl/vinyl000004-001.jpg
824,/sftp/sftp_upload/Digitized_Vinyl/vinyl000004-002.mp3
825,/sftp/sftp_upload/Digitized_Vinyl/vinyl000004-003.mp3
826,/sftp/sftp_upload/Digitized_Vinyl/vinyl000004-004.mp3
827,/sftp/sftp_upload/Digitized_Vinyl/vinyl000004-005.mp3
828,/sftp/sftp_upload/Digitized_Vinyl/vinyl000004-006.mp3
829,/sftp/sftp_upload/Digitized_Vinyl/vinyl000004-007.mp3
830,/sftp/sftp_upload/Digitized_Vinyl/vinyl000004-008.mp3
831,/sftp/sftp_upload/Digitized_Vinyl/vinyl000004-009.mp3
832,/sftp/sftp_upload/Digitized_Vinyl/vinyl000004-010.mp3
833,/sftp/sftp_upload/Digitized_Vinyl/vinyl000004-011.mp3
834,/sftp/sftp_upload/Digitized_Vinyl/vinyl000004-012.mp3
835,/sftp/sftp_upload/Digitized_Vinyl/vinyl000004-013.mp3
836,/sftp/sftp_upload/Digitized_Vinyl/vinyl000004-014.jpg
838,/sftp/sftp_upload/Digitized_Vinyl/vinyl000001-001.jpg
839,/sftp/sftp_upload/Digitized_Vinyl/vinyl000001-002.mp3
840,/sftp/sftp_upload/Digitized_Vinyl/vinyl000001-003.mp3
841,/sftp/sftp_upload/Digitized_Vinyl/vinyl000001-004.mp3
842,/sftp/sftp_upload/Digitized_Vinyl/vinyl000001-005.mp3
843,/sftp/sftp_upload/Digitized_Vinyl/vinyl000001-006.mp3
844,/sftp/sftp_upload/Digitized_Vinyl/vinyl000001-007.mp3
845,/sftp/sftp_upload/Digitized_Vinyl/vinyl000001-008.mp3
846,/sftp/sftp_upload/Digitized_Vinyl/vinyl000001-009.mp3
847,/sftp/sftp_upload/Digitized_Vinyl/vinyl000001-010.mp3
848,/sftp/sftp_upload/Digitized_Vinyl/vinyl000001-011.mp3
849,/sftp/sftp_upload/Digitized_Vinyl/vinyl000001-012.mp3
850,/sftp/sftp_upload/Digitized_Vinyl/vinyl000001-013.jpg
852,/sftp/sftp_upload/Digitized_Vinyl/vinyl000002-001.tif
853,/sftp/sftp_upload/Digitized_Vinyl/vinyl000002-002.mp3
854,/sftp/sftp_upload/Digitized_Vinyl/vinyl000002-003.mp3
855,/sftp/sftp_upload/Digitized_Vinyl/vinyl000002-004.mp3
856,/sftp/sftp_upload/Digitized_Vinyl/vinyl000002-005.mp3
857,/sftp/sftp_upload/Digitized_Vinyl/vinyl000002-006.mp3
858,/sftp/sftp_upload/Digitized_Vinyl/vinyl000002-007.mp3
859,/sftp/sftp_upload/Digitized_Vinyl/vinyl000002-008.mp3
860,/sftp/sftp_upload/Digitized_Vinyl/vinyl000002-009.mp3
861,/sftp/sftp_upload/Digitized_Vinyl/vinyl000002-010.mp3
862,/sftp/sftp_upload/Digitized_Vinyl/vinyl000002-011.mp3
863,/sftp/sftp_upload/Digitized_Vinyl/vinyl000002-012.mp3
864,/sftp/sftp_upload/Digitized_Vinyl/vinyl000002-013.mp3
865,/sftp/sftp_upload/Digitized_Vinyl/vinyl000002-014.mp3
866,/sftp/sftp_upload/Digitized_Vinyl/vinyl000002-015.mp3
867,/sftp/sftp_upload/Digitized_Vinyl/vinyl000002-016.tif
869,/sftp/sftp_upload/Digitized_Vinyl/vinyl000005-001.jpg
870,/sftp/sftp_upload/Digitized_Vinyl/vinyl000005-002.mp3
871,/sftp/sftp_upload/Digitized_Vinyl/vinyl000005-003.mp3
872,/sftp/sftp_upload/Digitized_Vinyl/vinyl000005-004.mp3
873,/sftp/sftp_upload/Digitized_Vinyl/vinyl000005-005.mp3
874,/sftp/sftp_upload/Digitized_Vinyl/vinyl000005-006.mp3
875,/sftp/sftp_upload/Digitized_Vinyl/vinyl000005-007.mp3
876,/sftp/sftp_upload/Digitized_Vinyl/vinyl000005-008.mp3
877,/sftp/sftp_upload/Digitized_Vinyl/vinyl000005-009.mp3
878,/sftp/sftp_upload/Digitized_Vinyl/vinyl000005-010.mp3
879,/sftp/sftp_upload/Digitized_Vinyl/vinyl000005-011.mp3
880,/sftp/sftp_upload/Digitized_Vinyl/vinyl000005-012.mp3
881,/sftp/sftp_upload/Digitized_Vinyl/vinyl000005-013.mp3
882,/sftp/sftp_upload/Digitized_Vinyl/vinyl000005-014.jpg
884,/sftp/sftp_upload/Digitized_Vinyl/vinyl000008-001.jpg
885,/sftp/sftp_upload/Digitized_Vinyl/vinyl000008-002.mp3
886,/sftp/sftp_upload/Digitized_Vinyl/vinyl000008-003.mp3
887,/sftp/sftp_upload/Digitized_Vinyl/vinyl000008-004.mp3
888,/sftp/sftp_upload/Digitized_Vinyl/vinyl000008-005.mp3
889,/sftp/sftp_upload/Digitized_Vinyl/vinyl000008-006.mp3
890,/sftp/sftp_upload/Digitized_Vinyl/vinyl000008-007.mp3
891,/sftp/sftp_upload/Digitized_Vinyl/vinyl000008-008.mp3
892,/sftp/sftp_upload/Digitized_Vinyl/vinyl000008-009.mp3
893,/sftp/sftp_upload/Digitized_Vinyl/vinyl000008-010.mp3
894,/sftp/sftp_upload/Digitized_Vinyl/vinyl000008-011.mp3
895,/sftp/sftp_upload/Digitized_Vinyl/vinyl000008-012.mp3
896,/sftp/sftp_upload/Digitized_Vinyl/vinyl000008-013.mp3
897,/sftp/sftp_upload/Digitized_Vinyl/vinyl000008-014.jpg
899,/sftp/sftp_upload/Digitized_Vinyl/vinyl000006-001.jpg
900,/sftp/sftp_upload/Digitized_Vinyl/vinyl000006-002.mp3
901,/sftp/sftp_upload/Digitized_Vinyl/vinyl000006-003.mp3
902,/sftp/sftp_upload/Digitized_Vinyl/vinyl000006-004.mp3
903,/sftp/sftp_upload/Digitized_Vinyl/vinyl000006-005.mp3
904,/sftp/sftp_upload/Digitized_Vinyl/vinyl000006-006.mp3
905,/sftp/sftp_upload/Digitized_Vinyl/vinyl000006-007.mp3
906,/sftp/sftp_upload/Digitized_Vinyl/vinyl000006-008.mp3
907,/sftp/sftp_upload/Digitized_Vinyl/vinyl000006-009.mp3
908,/sftp/sftp_upload/Digitized_Vinyl/vinyl000006-010.mp3
909,/sftp/sftp_upload/Digitized_Vinyl/vinyl000006-011.mp3
910,/sftp/sftp_upload/Digitized_Vinyl/vinyl000006-012.mp3
911,/sftp/sftp_upload/Digitized_Vinyl/vinyl000006-013.mp3
912,/sftp/sftp_upload/Digitized_Vinyl/vinyl000006-014.jpg
914,/sftp/sftp_upload/Digitized_Vinyl/vinyl000009-001.tif
915,/sftp/sftp_upload/Digitized_Vinyl/vinyl000009-002.mp3
916,/sftp/sftp_upload/Digitized_Vinyl/vinyl000009-003.mp3
917,/sftp/sftp_upload/Digitized_Vinyl/vinyl000009-004.mp3
918,/sftp/sftp_upload/Digitized_Vinyl/vinyl000009-005.mp3
919,/sftp/sftp_upload/Digitized_Vinyl/vinyl000009-006.mp3
920,/sftp/sftp_upload/Digitized_Vinyl/vinyl000009-007.mp3
921,/sftp/sftp_upload/Digitized_Vinyl/vinyl000009-008.mp3
922,/sftp/sftp_upload/Digitized_Vinyl/vinyl000009-009.mp3
923,/sftp/sftp_upload/Digitized_Vinyl/vinyl000009-010.mp3
924,/sftp/sftp_upload/Digitized_Vinyl/vinyl000009-011.mp3
925,/sftp/sftp_upload/Digitized_Vinyl/vinyl000009-012.mp3
926,/sftp/sftp_upload/Digitized_Vinyl/vinyl000009-013.mp3
927,/sftp/sftp_upload/Digitized_Vinyl/vinyl000009-014.tif
929,/sftp/sftp_upload/Digitized_Vinyl/vinyl000010-001.tif
930,/sftp/sftp_upload/Digitized_Vinyl/vinyl000010-002.mp3
931,/sftp/sftp_upload/Digitized_Vinyl/vinyl000010-003.mp3
932,/sftp/sftp_upload/Digitized_Vinyl/vinyl000010-004.mp3
933,/sftp/sftp_upload/Digitized_Vinyl/vinyl000010-005.mp3
934,/sftp/sftp_upload/Digitized_Vinyl/vinyl000010-006.mp3
935,/sftp/sftp_upload/Digitized_Vinyl/vinyl000010-007.mp3
936,/sftp/sftp_upload/Digitized_Vinyl/vinyl000010-008.mp3
937,/sftp/sftp_upload/Digitized_Vinyl/vinyl000010-009.mp3
938,/sftp/sftp_upload/Digitized_Vinyl/vinyl000010-010.mp3
939,/sftp/sftp_upload/Digitized_Vinyl/vinyl000010-011.mp3
940,/sftp/sftp_upload/Digitized_Vinyl/vinyl000010-012.tif