350,/sftp/uploads/Reno_Street_Art/210Moran_Back-JF.tif
339,/sftp/uploads/Reno_Street_Art/210MoranApts._Front-JR.tif
196,/sftp/uploads/Reno_Street_Art/40MileSaloon.tif
352,/sftp/uploads/Reno_Street_Art/AnthonyOrtega_Davidsons-closeup.tif
21,/sftp/uploads/Reno_Street_Art/AnthonyOrtega_Davidsons-closeup2.tif
354,/sftp/uploads/Reno_Street_Art/AnthonyOrtega_Davidsons-leftangle.tif
341,/sftp/uploads/Reno_Street_Art/AnthonyOrtega_Davidsons-logo.tif
193,/sftp/uploads/Reno_Street_Art/AnthonyOrtega_Davidsons-rightangle.tif
496,/sftp/uploads/Reno_Street_Art/AnthonyOrtega_Davidsons-straighton.tif
6,/sftp/uploads/Reno_Street_Art/AnthonyOrtega_MuralContest-all.tif
78,/sftp/uploads/Reno_Street_Art/AnthonyOrtega_MuralContest-closeup2.tif
398,/sftp/uploads/Reno_Street_Art/AnthonyOrtega_MuralContest.tif
389,/sftp/uploads/Reno_Street_Art/AnthonyOrtega_MuralExpo-closeup.tif
164,/sftp/uploads/Reno_Street_Art/AnthonyOrtega_MuralExpo.tif
93,/sftp/uploads/Reno_Street_Art/ArtDogs_Back-JF.tif
146,/sftp/uploads/Reno_Street_Art/ArtDogs-back-fencedin.tif
517,/sftp/uploads/Reno_Street_Art/ArtDogs-back-fencedin2.tif
148,/sftp/uploads/Reno_Street_Art/ArtDogs-back-fencedin3.tif
224,/sftp/uploads/Reno_Street_Art/ArtDogs-back.tif
363,/sftp/uploads/Reno_Street_Art/ArtDogs-leftangle.tif
376,/sftp/uploads/Reno_Street_Art/ArtDogs-leftangle2.tif
114,/sftp/uploads/Reno_Street_Art/ArtDogs-rightangle.tif
346,/sftp/uploads/Reno_Street_Art/AsaKennedy_MechanicalFlower-JF.tif
239,/sftp/uploads/Reno_Street_Art/AsaKennedy_MuralExpo_JF.tif
72,/sftp/uploads/Reno_Street_Art/AsaKennedy_MuralExpo-full.tif
277,/sftp/uploads/Reno_Street_Art/AsaKennedy_MuralExpo-left.tif
192,/sftp/uploads/Reno_Street_Art/AsaKennedy_MuralExpo-left2.tif
73,/sftp/uploads/Reno_Street_Art/AsaKennedy_MuralExpo-right.tif
510,/sftp/uploads/Reno_Street_Art/AsaKennedy_MuralExpo-rightside.tif
333,/sftp/uploads/Reno_Street_Art/BigHorn_WestStMarketAlley.tif
372,/sftp/uploads/Reno_Street_Art/BigLilCity_back.tif
499,/sftp/uploads/Reno_Street_Art/BigLilCity_front.tif
315,/sftp/uploads/Reno_Street_Art/BIgLilCity_left.tif
318,/sftp/uploads/Reno_Street_Art/BIgLilCity_right.tif
529,/sftp/uploads/Reno_Street_Art/BirchTrees_back.tif
474,/sftp/uploads/Reno_Street_Art/BirchTrees_front.tif
483,/sftp/uploads/Reno_Street_Art/BirchTrees_front2.tif
528,/sftp/uploads/Reno_Street_Art/BirchTrees_left.tif
40,/sftp/uploads/Reno_Street_Art/BirchTrees_right.tif
445,/sftp/uploads/Reno_Street_Art/BirdofaFeather_WestStMarketAlley.tif
188,/sftp/uploads/Reno_Street_Art/Blanco_MuralExpo-JF.tif
392,/sftp/uploads/Reno_Street_Art/BlueBird_back-closeup.tif
264,/sftp/uploads/Reno_Street_Art/BlueBird_back.tif
523,/sftp/uploads/Reno_Street_Art/BlueBird_front.tif
79,/sftp/uploads/Reno_Street_Art/BlueBird_right.tif
199,/sftp/uploads/Reno_Street_Art/BLzRD_back.tif
410,/sftp/uploads/Reno_Street_Art/BLzRD_front.tif
175,/sftp/uploads/Reno_Street_Art/BLzRD_front2.tif
163,/sftp/uploads/Reno_Street_Art/BLzRD_left angle.tif
415,/sftp/uploads/Reno_Street_Art/BLzRD_left side.tif
75,/sftp/uploads/Reno_Street_Art/BLzRD_right angle.tif
391,/sftp/uploads/Reno_Street_Art/Bryce_Dickersonsigbox.tif
111,/sftp/uploads/Reno_Street_Art/Bryce_Harrahs-back.tif
63,/sftp/uploads/Reno_Street_Art/Bryce_Harrahs-front.tif
520,/sftp/uploads/Reno_Street_Art/Bryce_Harrahs-left.tif
53,/sftp/uploads/Reno_Street_Art/Bryce_Harrahs-right.tif
304,/sftp/uploads/Reno_Street_Art/Bryce_MuralExpo-angle.tif
296,/sftp/uploads/Reno_Street_Art/Bryce_MuralExpo-closeup.tif
177,/sftp/uploads/Reno_Street_Art/Bryce_MuralExpo.tif
301,/sftp/uploads/Reno_Street_Art/Bryce_SmokeShop-closeup.tif
525,/sftp/uploads/Reno_Street_Art/Bryce_SmokeShop-closeup2.tif
326,/sftp/uploads/Reno_Street_Art/Bryce_SmokeShop-deepleftangle.tif
132,/sftp/uploads/Reno_Street_Art/Bryce_SmokeShop-deeprightangle.tif
282,/sftp/uploads/Reno_Street_Art/Bryce_SmokeShop-full.tif
55,/sftp/uploads/Reno_Street_Art/Bryce_SmokeShop-leftangle.tif
342,/sftp/uploads/Reno_Street_Art/Bryce_SmokeShop-rightangle.tif
204,/sftp/uploads/Reno_Street_Art/Bryce_Theater.tif
506,/sftp/uploads/Reno_Street_Art/BryceChisholm_High775-south-JF.tif
583,/sftp/uploads/Reno_Street_Art/Burke_BackInTheDay-angle.tif
581,/sftp/uploads/Reno_Street_Art/Burke_BackInTheDay-closeup.tif
579,/sftp/uploads/Reno_Street_Art/Burke_BackInTheDay-straight.tif
200,/sftp/uploads/Reno_Street_Art/Burke_Craft-JF.tif
405,/sftp/uploads/Reno_Street_Art/Burke_Craft2-JF.tif
80,/sftp/uploads/Reno_Street_Art/Burke_GirlsEyes.tif
332,/sftp/uploads/Reno_Street_Art/Burke_HollandProject-JF.tif
468,/sftp/uploads/Reno_Street_Art/Burke_MuralExpo-closeupmid.tif
387,/sftp/uploads/Reno_Street_Art/Burke_MuralExpo-closeupright.tif
225,/sftp/uploads/Reno_Street_Art/Burke_MuralExpo-pano.tif
182,/sftp/uploads/Reno_Street_Art/Burke_MuralExpo-rightangle.tif
17,/sftp/uploads/Reno_Street_Art/Burke_PonderosaMeat.tif
584,/sftp/uploads/Reno_Street_Art/Burning-Man-Park-Photo-Pano.tif
589,/sftp/uploads/Reno_Street_Art/BurningManPark.tif
170,/sftp/uploads/Reno_Street_Art/CandyDream_left.tif
22,/sftp/uploads/Reno_Street_Art/CandyDream_right.tif
45,/sftp/uploads/Reno_Street_Art/CandyShop-closeup.tif
134,/sftp/uploads/Reno_Street_Art/CandyShop-closeup2.tif
37,/sftp/uploads/Reno_Street_Art/CandyShop-closeup3.tif
514,/sftp/uploads/Reno_Street_Art/CandyShop-entrance.tif
198,/sftp/uploads/Reno_Street_Art/CandyShop-full.tif
297,/sftp/uploads/Reno_Street_Art/CandyShop-leftangle.tif
406,/sftp/uploads/Reno_Street_Art/CatBoxStudio_angle.tif
533,/sftp/uploads/Reno_Street_Art/CatBoxStudio_back closeup.tif
64,/sftp/uploads/Reno_Street_Art/CatBoxStudio_back2.tif
124,/sftp/uploads/Reno_Street_Art/CatBoxStudio_front.tif
375,/sftp/uploads/Reno_Street_Art/CatBoxStudio_left side.tif
251,/sftp/uploads/Reno_Street_Art/CatBoxStudio_right side.tif
450,/sftp/uploads/Reno_Street_Art/CherryBlossoms_back.tif
149,/sftp/uploads/Reno_Street_Art/CherryBlossoms_front.tif
482,/sftp/uploads/Reno_Street_Art/CherryBlossoms_left.tif
238,/sftp/uploads/Reno_Street_Art/CherryBlossoms_right.tif
253,/sftp/uploads/Reno_Street_Art/Children'sCab.tif
241,/sftp/uploads/Reno_Street_Art/Chip_WeArePowerful-leftangle.tif
360,/sftp/uploads/Reno_Street_Art/Chip_WeArePowerful-rightangle.tif
255,/sftp/uploads/Reno_Street_Art/Chip_WeArePowerful.tif
419,/sftp/uploads/Reno_Street_Art/ChipThomas_MuralExop-BeTheChange.tif
478,/sftp/uploads/Reno_Street_Art/ChristinaAngelina_ParkingGarage-close.tif
269,/sftp/uploads/Reno_Street_Art/ChristinaAngelina_ParkingGarage.tif
231,/sftp/uploads/Reno_Street_Art/Craft-JF.tif
395,/sftp/uploads/Reno_Street_Art/DealsonWheels.tif
362,/sftp/uploads/Reno_Street_Art/DepotFull_MuralExpo-JF.tif
265,/sftp/uploads/Reno_Street_Art/DickersonBack_Bryce-JF.tif
540,/sftp/uploads/Reno_Street_Art/DickersonBack_GarageDoor-JF.tif
25,/sftp/uploads/Reno_Street_Art/DickersonBack_Playa-angle-JF.tif
13,/sftp/uploads/Reno_Street_Art/DickersonBack_Playa-JF.tif
206,/sftp/uploads/Reno_Street_Art/DickersonBack_Pots-full-JF.tif
34,/sftp/uploads/Reno_Street_Art/DickersonBack_Pots-JF.tif
60,/sftp/uploads/Reno_Street_Art/DickersonWharehouse_AnthonyOrtega.tif
76,/sftp/uploads/Reno_Street_Art/DickersonWharehouse-leftangle.tif
322,/sftp/uploads/Reno_Street_Art/DickersonWharehouse.tif
127,/sftp/uploads/Reno_Street_Art/DickersonWharehouse2.tif
384,/sftp/uploads/Reno_Street_Art/DrawingOnRuledPaper_CharterSchool-JF.tif
507,/sftp/uploads/Reno_Street_Art/ElAdobe.tif
117,/sftp/uploads/Reno_Street_Art/Eldo-back.tif
317,/sftp/uploads/Reno_Street_Art/Eldo-front.tif
12,/sftp/uploads/Reno_Street_Art/Eldo-right.tif
172,/sftp/uploads/Reno_Street_Art/EmilyReid_MuralExpo-JF.tif
52,/sftp/uploads/Reno_Street_Art/EndlessInk-closeup.tif
110,/sftp/uploads/Reno_Street_Art/EndlessInk-full.tif
455,/sftp/uploads/Reno_Street_Art/EndlessInk-leftangle.tif
382,/sftp/uploads/Reno_Street_Art/EndlessInk-leftanglecloseup.tif
115,/sftp/uploads/Reno_Street_Art/EricBurk_SurveyingTheWest-JF.tif
593,/sftp/uploads/Reno_Street_Art/EricBurke_CMajor7-angle-JF.tif
594,/sftp/uploads/Reno_Street_Art/EricBurke_CMajor7-JF.tif
545,/sftp/uploads/Reno_Street_Art/EricBurke_Dreamers-angle-JF.tif
426,/sftp/uploads/Reno_Street_Art/EricBurke_DreamersJF.tif
534,/sftp/uploads/Reno_Street_Art/EricBurke_GoWest-JF.tif
319,/sftp/uploads/Reno_Street_Art/EricBurke_Nanny-JF.tif
173,/sftp/uploads/Reno_Street_Art/EricBurke_Patagonia-JF.tif
312,/sftp/uploads/Reno_Street_Art/EricBurke_PeerlessCleaners-JF.tif
83,/sftp/uploads/Reno_Street_Art/EricBurke_PeerlessCleaners2-JF.tif
261,/sftp/uploads/Reno_Street_Art/EricBurke_PicaPice-JF.tif
152,/sftp/uploads/Reno_Street_Art/EricBurke_Ponderous-JF.tif
266,/sftp/uploads/Reno_Street_Art/EricBurke_SurveyingTheWest2_JF.tif
432,/sftp/uploads/Reno_Street_Art/ErikBurke_Dreamers-full.tif
95,/sftp/uploads/Reno_Street_Art/ErikBurke_Dreamers-leftangle.tif
407,/sftp/uploads/Reno_Street_Art/ErikBurke_Dreamers-rightangle.tif
509,/sftp/uploads/Reno_Street_Art/ErikBurke_FatherDaughter-full.tif
314,/sftp/uploads/Reno_Street_Art/ErikBurke_FatherDaughter-leftangle.tif
569,/sftp/uploads/Reno_Street_Art/ErikBurke_Miguels-angle.tif
570,/sftp/uploads/Reno_Street_Art/ErikBurke_Miguels-entrance.tif
567,/sftp/uploads/Reno_Street_Art/ErikBurke_Miguels-face.tif
566,/sftp/uploads/Reno_Street_Art/ErikBurke_Miguels-full.tif
568,/sftp/uploads/Reno_Street_Art/ErikBurke_Miguels-tortillas.tif
58,/sftp/uploads/Reno_Street_Art/ErikBurke_Morgans-angle.tif
378,/sftp/uploads/Reno_Street_Art/ErikBurke_Morgans.tif
582,/sftp/uploads/Reno_Street_Art/ErikBurke_ParkingGarage-closeup.tif
580,/sftp/uploads/Reno_Street_Art/ErikBurke_ParkingGarage.tif
162,/sftp/uploads/Reno_Street_Art/ErikBurke_Peerless-rightangle-JF.tif
465,/sftp/uploads/Reno_Street_Art/ErikBurke_Peerless-rightanlgefull-JF.tif
497,/sftp/uploads/Reno_Street_Art/ErikBurke_Poppy.tif
16,/sftp/uploads/Reno_Street_Art/ErikBurke_YogaCenter.tif
186,/sftp/uploads/Reno_Street_Art/ErikBurke-Bees.tif
61,/sftp/uploads/Reno_Street_Art/ErikBurke-GoWest.tif
203,/sftp/uploads/Reno_Street_Art/ErikBurke-GoWest2.tif
44,/sftp/uploads/Reno_Street_Art/EvolutionTatoo-JR.tif
577,/sftp/uploads/Reno_Street_Art/FallenRose_MuralExpo-angle.tif
571,/sftp/uploads/Reno_Street_Art/FallenRose_MuralExpo-angle2.tif
575,/sftp/uploads/Reno_Street_Art/FallenRose_MuralExpo-angle3.tif
576,/sftp/uploads/Reno_Street_Art/FallenRose_MuralExpo-closeup.tif
578,/sftp/uploads/Reno_Street_Art/FallenRose_MuralExpo-closeup2.tif
573,/sftp/uploads/Reno_Street_Art/FallenRose_MuralExpo.tif
572,/sftp/uploads/Reno_Street_Art/FallenRose_MuralExpo2.tif
574,/sftp/uploads/Reno_Street_Art/FallenRose_MuralExpo3.tif
413,/sftp/uploads/Reno_Street_Art/Fassbender_Comstock-JR.tif
292,/sftp/uploads/Reno_Street_Art/Fassbender_MuralExpo.tif
532,/sftp/uploads/Reno_Street_Art/HandsomeHernan-MuralExpo.tif
479,/sftp/uploads/Reno_Street_Art/Hernan&Bryce_MuralExpo.tif
424,/sftp/uploads/Reno_Street_Art/Hernan&Bryce2_MuralExpo.tif
324,/sftp/uploads/Reno_Street_Art/Hertel_MuralExpo.tif
209,/sftp/uploads/Reno_Street_Art/Hertel&JoeC_MuralExpo.tif
271,/sftp/uploads/Reno_Street_Art/HipsterElephant_WestStMarketAlley.tif
504,/sftp/uploads/Reno_Street_Art/J.Darraghart_BlackHole_JF.tif
300,/sftp/uploads/Reno_Street_Art/J.Darrargh_MuralExpo.tif
207,/sftp/uploads/Reno_Street_Art/JCHarboneau_AlturasBar-closeup.tif
374,/sftp/uploads/Reno_Street_Art/JDarragh_MuralExpo-JF.tif
526,/sftp/uploads/Reno_Street_Art/JeneParise_MuralExpo.tif
99,/sftp/uploads/Reno_Street_Art/JenniferCharboneau_AlturasBar.tif
359,/sftp/uploads/Reno_Street_Art/JenniferCharboneau_UrbanAirGallery.tif
227,/sftp/uploads/Reno_Street_Art/JenniferCharboneau_UrbanAirGallery2.tif
530,/sftp/uploads/Reno_Street_Art/JenniferCharboneau_UrbanAirGallery3.tif
467,/sftp/uploads/Reno_Street_Art/JenniferCharboneau_UrbanAirGallery4.tif
20,/sftp/uploads/Reno_Street_Art/JenniferCharboneau_UrbanAirGallery5.tif
334,/sftp/uploads/Reno_Street_Art/JenniferCharboneau_UrbanAirGallery6.tif
469,/sftp/uploads/Reno_Street_Art/JenniferCharboneau_UrbanAirGallery7.tif
160,/sftp/uploads/Reno_Street_Art/JenniferCharboneau_UrbanAirGallery8.tif
294,/sftp/uploads/Reno_Street_Art/JenniferCharboneau_UrbanAirGallery9.tif
102,/sftp/uploads/Reno_Street_Art/JoeC_AceHardware.tif
26,/sftp/uploads/Reno_Street_Art/JoeC_AceHardware2-JF.tif
463,/sftp/uploads/Reno_Street_Art/JoeC_Aikido.tif
485,/sftp/uploads/Reno_Street_Art/JoeC_AlturasBar-closeup.tif
380,/sftp/uploads/Reno_Street_Art/JoeC_BlueJay-closeup.tif
547,/sftp/uploads/Reno_Street_Art/JoeC_BlueJay-full.tif
409,/sftp/uploads/Reno_Street_Art/JoeC_BoyInStripedShirt-JF.tif
421,/sftp/uploads/Reno_Street_Art/JoeC_Bright-bottomangle.tif
48,/sftp/uploads/Reno_Street_Art/JoeC_Bright-closeup.tif
299,/sftp/uploads/Reno_Street_Art/JoeC_Bright.tif
585,/sftp/uploads/Reno_Street_Art/JoeC_BurgerJoint.tif
587,/sftp/uploads/Reno_Street_Art/JoeC_BurningManPark-closeup.tif
586,/sftp/uploads/Reno_Street_Art/JoeC_BurningManPark-closeupangle.tif
588,/sftp/uploads/Reno_Street_Art/JoeC_BurningManPark-full.tif
252,/sftp/uploads/Reno_Street_Art/JoeC_BurningManPark-leftangle.tif
27,/sftp/uploads/Reno_Street_Art/JoeC_CherryPicker-angle.tif
412,/sftp/uploads/Reno_Street_Art/JoeC_ChocWalrus-JF.tif
477,/sftp/uploads/Reno_Street_Art/JoeC_Daydream-pan.tif
197,/sftp/uploads/Reno_Street_Art/JoeC_DayDream!-left.tif
141,/sftp/uploads/Reno_Street_Art/JoeC_DayDream!-leftangle.tif
113,/sftp/uploads/Reno_Street_Art/JoeC_DayDream!-mid.tif
214,/sftp/uploads/Reno_Street_Art/JoeC_DayDreaming.tif
150,/sftp/uploads/Reno_Street_Art/JoeC_Evolution-JF.tif
538,/sftp/uploads/Reno_Street_Art/JoeC_FenceAlley-2.tif
453,/sftp/uploads/Reno_Street_Art/JoeC_FenceAlley-face.tif
401,/sftp/uploads/Reno_Street_Art/JoeC_FenceAlley-full.tif
32,/sftp/uploads/Reno_Street_Art/JoeC_FenceAlley.tif
441,/sftp/uploads/Reno_Street_Art/JoeC_FireHouse-closeleft.tif
98,/sftp/uploads/Reno_Street_Art/JoeC_FireHouse-closeright.tif
178,/sftp/uploads/Reno_Street_Art/JoeC_FireHouse.tif
438,/sftp/uploads/Reno_Street_Art/JoeC_FreshMIx_JR.tif
449,/sftp/uploads/Reno_Street_Art/JoeC_Funky-JR.tif
86,/sftp/uploads/Reno_Street_Art/JoeC_GasLampFence-JF.tif
268,/sftp/uploads/Reno_Street_Art/JoeC_GeorgiaOnMyMind-closeup.tif
68,/sftp/uploads/Reno_Street_Art/JoeC_GeorgiaOnMyMind-closeup2.tif
36,/sftp/uploads/Reno_Street_Art/JoeC_GeorgiaOnMyMind-closeup3.tif
439,/sftp/uploads/Reno_Street_Art/JoeC_GeorgiaOnMyMind.tif
205,/sftp/uploads/Reno_Street_Art/JoeC_HeartOfTheCity-angle.tif
397,/sftp/uploads/Reno_Street_Art/JoeC_HeartOfTheCity-front.tif
447,/sftp/uploads/Reno_Street_Art/JoeC_HeartOfTheCity-ThingsChange.tif
216,/sftp/uploads/Reno_Street_Art/JoeC_Junky-closeup.tif
394,/sftp/uploads/Reno_Street_Art/JoeC_Junky-closeup10.tif
181,/sftp/uploads/Reno_Street_Art/JoeC_Junky-closeup11.tif
237,/sftp/uploads/Reno_Street_Art/JoeC_Junky-closeup12.tif
344,/sftp/uploads/Reno_Street_Art/JoeC_Junky-closeup13.tif
280,/sftp/uploads/Reno_Street_Art/JoeC_Junky-closeup14.tif
373,/sftp/uploads/Reno_Street_Art/JoeC_Junky-closeup2.tif
18,/sftp/uploads/Reno_Street_Art/JoeC_Junky-closeup3.tif
306,/sftp/uploads/Reno_Street_Art/JoeC_Junky-closeup4.tif
331,/sftp/uploads/Reno_Street_Art/JoeC_Junky-closeup5.tif
371,/sftp/uploads/Reno_Street_Art/JoeC_Junky-closeup6.tif
258,/sftp/uploads/Reno_Street_Art/JoeC_Junky-closeup7.tif
481,/sftp/uploads/Reno_Street_Art/JoeC_Junky-closeup8.tif
47,/sftp/uploads/Reno_Street_Art/JoeC_Junky-closeup9.tif
286,/sftp/uploads/Reno_Street_Art/JoeC_Junky-full 2.tif
343,/sftp/uploads/Reno_Street_Art/JoeC_Junky-full.tif
472,/sftp/uploads/Reno_Street_Art/JoeC_Junky-full3.tif
14,/sftp/uploads/Reno_Street_Art/JoeC_Junky-full5.tif
210,/sftp/uploads/Reno_Street_Art/JoeC_Junky-full6.tif
119,/sftp/uploads/Reno_Street_Art/JoeC_Junky-full7.tif
158,/sftp/uploads/Reno_Street_Art/JoeC_Junky-full9.tif
129,/sftp/uploads/Reno_Street_Art/JoeC_LastingDose-closeup.tif
87,/sftp/uploads/Reno_Street_Art/JoeC_LastingDose.tif
535,/sftp/uploads/Reno_Street_Art/JoeC_LincolnHighway-closeup.tif
35,/sftp/uploads/Reno_Street_Art/JoeC_LincolnHighway-closeup2.tif
396,/sftp/uploads/Reno_Street_Art/JoeC_LincolnHighway-closeup3.tif
291,/sftp/uploads/Reno_Street_Art/JoeC_LincolnHighway-face.tif
461,/sftp/uploads/Reno_Street_Art/JoeC_LincolnHighway-leftangle.tif
302,/sftp/uploads/Reno_Street_Art/JoeC_LuLu's-JF.tif
462,/sftp/uploads/Reno_Street_Art/JoeC_Midtown-closeup.tif
399,/sftp/uploads/Reno_Street_Art/JoeC_Midtown-closeup10.tif
145,/sftp/uploads/Reno_Street_Art/JoeC_Midtown-Closeup11.tif
495,/sftp/uploads/Reno_Street_Art/JoeC_Midtown-closeup2.tif
274,/sftp/uploads/Reno_Street_Art/JoeC_Midtown-closeup3.tif
131,/sftp/uploads/Reno_Street_Art/JoeC_Midtown-closeup4.tif
144,/sftp/uploads/Reno_Street_Art/JoeC_Midtown-closeup5.tif
202,/sftp/uploads/Reno_Street_Art/JoeC_Midtown-closeup6.tif
542,/sftp/uploads/Reno_Street_Art/JoeC_Midtown-closeup7.tif
428,/sftp/uploads/Reno_Street_Art/JoeC_Midtown-closeup8.tif
234,/sftp/uploads/Reno_Street_Art/JoeC_Midtown-closeup9.tif
70,/sftp/uploads/Reno_Street_Art/JoeC_Midtown-full.tif
298,/sftp/uploads/Reno_Street_Art/JoeC_Midtown-JF.tif
524,/sftp/uploads/Reno_Street_Art/JoeC_MuralExpo-Depot.tif
11,/sftp/uploads/Reno_Street_Art/JoeC_MuralExpo-Depotcloseup.tif
423,/sftp/uploads/Reno_Street_Art/JoeC_MuralExpo-Depotrightangle.tif
451,/sftp/uploads/Reno_Street_Art/JoeC_MuralExpo-JF.tif
307,/sftp/uploads/Reno_Street_Art/JoeC_Nevadan.tif
137,/sftp/uploads/Reno_Street_Art/JoeC_NevadaPlacesFence-angle.tif
433,/sftp/uploads/Reno_Street_Art/JoeC_NevadaPlacesFence-closeup.tif
166,/sftp/uploads/Reno_Street_Art/JoeC_NevadaPlacesFence-rightangle.tif
165,/sftp/uploads/Reno_Street_Art/Joec_NevadaPlacesFence.tif
454,/sftp/uploads/Reno_Street_Art/JoeC_Renaissance-closeup.tif
38,/sftp/uploads/Reno_Street_Art/JoeC_Renaissance-moniker.tif
561,/sftp/uploads/Reno_Street_Art/JoeC_Renaissance.tif
562,/sftp/uploads/Reno_Street_Art/JoeC_Rose-cloesup.tif
560,/sftp/uploads/Reno_Street_Art/JoeC_Rose-closeupangle.tif
96,/sftp/uploads/Reno_Street_Art/JoeC_Rose.tif
67,/sftp/uploads/Reno_Street_Art/JoeC_SierraNevChoc-JF.tif
259,/sftp/uploads/Reno_Street_Art/JoeC_SkippingSchool.tif
431,/sftp/uploads/Reno_Street_Art/JoeC_SpeakHear&See.tif
147,/sftp/uploads/Reno_Street_Art/JoeC_Timeless&LuLu's-JF.tif
46,/sftp/uploads/Reno_Street_Art/JoeC_TimelessFashion-JF.tif
257,/sftp/uploads/Reno_Street_Art/JoeC_TwoSidedFence-closeupleft.tif
476,/sftp/uploads/Reno_Street_Art/JoeC_TwoSidedFence-full.tif
325,/sftp/uploads/Reno_Street_Art/JoeC_TwoSidedFence-JesseReno.tif
249,/sftp/uploads/Reno_Street_Art/JoeC_TwoSidedFence-JohnSparks.tif
459,/sftp/uploads/Reno_Street_Art/JoeC_TwoSidedFence-leftside.tif
338,/sftp/uploads/Reno_Street_Art/JoeC_TwoSidedFence-rightside.tif
220,/sftp/uploads/Reno_Street_Art/JoeC_TwoSidedFence-rightsideangle.tif
355,/sftp/uploads/Reno_Street_Art/JoeC-CherryPicker.tif
429,/sftp/uploads/Reno_Street_Art/JoshuaCoffey_MuralExpo 2.tif
281,/sftp/uploads/Reno_Street_Art/JoshuaCoffey_MuralExpo.tif
548,/sftp/uploads/Reno_Street_Art/JubJubs_Biggy.tif
511,/sftp/uploads/Reno_Street_Art/JubJubs_CyberPunk.tif
512,/sftp/uploads/Reno_Street_Art/JubJubs_full.tif
168,/sftp/uploads/Reno_Street_Art/JubJubs_JoeC.tif
487,/sftp/uploads/Reno_Street_Art/JubJubs_Statue.tif
2,/sftp/uploads/Reno_Street_Art/JubJubs_TuPac.tif
33,/sftp/uploads/Reno_Street_Art/KatiePackham_WestStMarketAlley-closeup.tif
541,/sftp/uploads/Reno_Street_Art/KatiePackham_WestStMarketAlley.tif
546,/sftp/uploads/Reno_Street_Art/KellyPeyton_MuralExpo-JF.tif
9,/sftp/uploads/Reno_Street_Art/KendelLeslie-back.tif
275,/sftp/uploads/Reno_Street_Art/KendelLeslie-front.tif
153,/sftp/uploads/Reno_Street_Art/KendelLeslie-left.tif
91,/sftp/uploads/Reno_Street_Art/KendelLeslie-right.tif
592,/sftp/uploads/Reno_Street_Art/Kim_MuralExpo-Comfort.tif
590,/sftp/uploads/Reno_Street_Art/Kim_MuralExpo-Comfortangle.tif
591,/sftp/uploads/Reno_Street_Art/Kim_MuralExpo-Comfortcloseup.tif
400,/sftp/uploads/Reno_Street_Art/KnowThySelf_face.tif
138,/sftp/uploads/Reno_Street_Art/KnowThySelf_Lillies.tif
228,/sftp/uploads/Reno_Street_Art/KnowThySelf-full.tif
3,/sftp/uploads/Reno_Street_Art/KP_MuralExpo.tif
370,/sftp/uploads/Reno_Street_Art/KurtCoffeyDarraghart_MuralExpo.tif
393,/sftp/uploads/Reno_Street_Art/LifeExposed_leftend2.tif
310,/sftp/uploads/Reno_Street_Art/LifeExposed_pan.tif
448,/sftp/uploads/Reno_Street_Art/LifeExposed-leftend.tif
323,/sftp/uploads/Reno_Street_Art/LifeExposed-leftend3.tif
28,/sftp/uploads/Reno_Street_Art/LifeExposed-mid.tif
176,/sftp/uploads/Reno_Street_Art/LifeExposed-mid2.tif
230,/sftp/uploads/Reno_Street_Art/LifeExposed-mid3.tif
316,/sftp/uploads/Reno_Street_Art/LifeExposed-rightangle.tif
531,/sftp/uploads/Reno_Street_Art/LifeExposed-rightend.tif
368,/sftp/uploads/Reno_Street_Art/LifeExposed-rightend2.tif
446,/sftp/uploads/Reno_Street_Art/LifeExposed-rightend3.tif
19,/sftp/uploads/Reno_Street_Art/LifesABeach.tif
549,/sftp/uploads/Reno_Street_Art/LisaKurt_MuralExpo-JF.tif
69,/sftp/uploads/Reno_Street_Art/LisaKurt_MuralExpo2.tif
288,/sftp/uploads/Reno_Street_Art/Lucido_MuralExpo.tif
39,/sftp/uploads/Reno_Street_Art/Lucido_MuralExpp-JF.tif
498,/sftp/uploads/Reno_Street_Art/Lucido_RacoonBus-back.tif
59,/sftp/uploads/Reno_Street_Art/Lucido_RacoonBus-front.tif
92,/sftp/uploads/Reno_Street_Art/Lucido_RacoonBus-frontclose.tif
56,/sftp/uploads/Reno_Street_Art/Lucido_RacoonBus-frontleft.tif
427,/sftp/uploads/Reno_Street_Art/Lucido_RacoonFort-back.tif
212,/sftp/uploads/Reno_Street_Art/Lucido_RacoonFort-front.tif
81,/sftp/uploads/Reno_Street_Art/Lucido_RacoonFort-left.tif
103,/sftp/uploads/Reno_Street_Art/Lucido_RacoonFort-right.tif
260,/sftp/uploads/Reno_Street_Art/Lucido_RacoonFort-rightback.tif
488,/sftp/uploads/Reno_Street_Art/Lucido_SkaterRacoon-back.tif
179,/sftp/uploads/Reno_Street_Art/Lucido_SkaterRacoon-backangle.tif
4,/sftp/uploads/Reno_Street_Art/Lucido_SkaterRacoon-closeup.tif
383,/sftp/uploads/Reno_Street_Art/Lucido_SkaterRacoon-front.tif
88,/sftp/uploads/Reno_Street_Art/Lucido_SkaterRacoon-left.tif
335,/sftp/uploads/Reno_Street_Art/MeltingPot_Full-JF.tif
430,/sftp/uploads/Reno_Street_Art/MeltingPot_rightend-JF.tif
539,/sftp/uploads/Reno_Street_Art/MeltingPot-face.tif
357,/sftp/uploads/Reno_Street_Art/MeltingPot-full.tif
411,/sftp/uploads/Reno_Street_Art/MeltingPot-keymoniker.tif
82,/sftp/uploads/Reno_Street_Art/MeltingPot-leftend.tif
444,/sftp/uploads/Reno_Street_Art/MeltingPot-octopus.tif
236,/sftp/uploads/Reno_Street_Art/MeltingPot-rightend.tif
112,/sftp/uploads/Reno_Street_Art/MeltingPot-tenticles&feathers.tif
285,/sftp/uploads/Reno_Street_Art/MesoAmericanFigures-JF.tif
365,/sftp/uploads/Reno_Street_Art/Micano-closeup.tif
142,/sftp/uploads/Reno_Street_Art/Micano-full.tif
7,/sftp/uploads/Reno_Street_Art/MidTownApts.tif
336,/sftp/uploads/Reno_Street_Art/MindBlown_Back.tif
263,/sftp/uploads/Reno_Street_Art/MindBlown_Front.tif
221,/sftp/uploads/Reno_Street_Art/Mountains_WestStMarketAlley.tif
276,/sftp/uploads/Reno_Street_Art/MuralComp_Anthony.tif
156,/sftp/uploads/Reno_Street_Art/MuralComp_Hannah.tif
437,/sftp/uploads/Reno_Street_Art/MuralComp_KendelLeslie.tif
187,/sftp/uploads/Reno_Street_Art/MuralComp_Riley.tif
305,/sftp/uploads/Reno_Street_Art/MuralComp_Seth.tif
57,/sftp/uploads/Reno_Street_Art/MuralComp_SwordFighter.tif
215,/sftp/uploads/Reno_Street_Art/MuralComp.tif
309,/sftp/uploads/Reno_Street_Art/MuralCompe_Blanco.tif
130,/sftp/uploads/Reno_Street_Art/MuralMarathon_Full-JF.tif
97,/sftp/uploads/Reno_Street_Art/Musician-JF.tif
109,/sftp/uploads/Reno_Street_Art/Nanook_Craft_JF.tif
518,/sftp/uploads/Reno_Street_Art/NathanielBenjamin_MuralExpo.tif
94,/sftp/uploads/Reno_Street_Art/NevFineArt_Nook.tif
381,/sftp/uploads/Reno_Street_Art/NevFineArts_Bryce.tif
190,/sftp/uploads/Reno_Street_Art/NevFineArts_Burke.tif
273,/sftp/uploads/Reno_Street_Art/NevFineArts_Fitz.tif
194,/sftp/uploads/Reno_Street_Art/NevFineArts_Full-JF.tif
65,/sftp/uploads/Reno_Street_Art/NevFineArts_JoeC.tif
494,/sftp/uploads/Reno_Street_Art/NevFineArts_KP.tif
244,/sftp/uploads/Reno_Street_Art/NevFineArts-full-rightangle.tif
90,/sftp/uploads/Reno_Street_Art/NevFineArts-leftangle.tif
242,/sftp/uploads/Reno_Street_Art/NevFineArts-pano.tif
235,/sftp/uploads/Reno_Street_Art/OneLove-JF.tif
475,/sftp/uploads/Reno_Street_Art/Pan-JF.tif
308,/sftp/uploads/Reno_Street_Art/Peeless_Closeup.tif
140,/sftp/uploads/Reno_Street_Art/Peerless_Closeup2.tif
267,/sftp/uploads/Reno_Street_Art/Peerless_Closeup3.tif
256,/sftp/uploads/Reno_Street_Art/Peerless_Closeup4.tif
500,/sftp/uploads/Reno_Street_Art/Peerless.tif
519,/sftp/uploads/Reno_Street_Art/PlumasGym_close-JF.tif
10,/sftp/uploads/Reno_Street_Art/PlumasGym-JF.tif
434,/sftp/uploads/Reno_Street_Art/Pos4thSt-JF.tif
420,/sftp/uploads/Reno_Street_Art/PotentialistWorkshop-JF.tif
435,/sftp/uploads/Reno_Street_Art/Professor_CharterSchool-JF.tif
42,/sftp/uploads/Reno_Street_Art/RecycledRecords-angles.tif
287,/sftp/uploads/Reno_Street_Art/RecycledRecords-JF.tif
217,/sftp/uploads/Reno_Street_Art/RecycledRecords.tif
425,/sftp/uploads/Reno_Street_Art/RedBalloons_WestStMarketAlley.tif
493,/sftp/uploads/Reno_Street_Art/Reid_MuralExpo.tif
118,/sftp/uploads/Reno_Street_Art/ReidKurtCoffy_MuralExpo.tif
543,/sftp/uploads/Reno_Street_Art/RenoPaintMart.tif
278,/sftp/uploads/Reno_Street_Art/RickyLeeGordon_MuralExpo-closeup.tif
123,/sftp/uploads/Reno_Street_Art/RickyLeeGordon_MuralExpo.tif
522,/sftp/uploads/Reno_Street_Art/RiverofDream-back.tif
254,/sftp/uploads/Reno_Street_Art/RiverofDreams-front.tif
327,/sftp/uploads/Reno_Street_Art/RiverofDreams-left.tif
328,/sftp/uploads/Reno_Street_Art/RiverofDreams-right.tif
5,/sftp/uploads/Reno_Street_Art/Robin-back.tif
491,/sftp/uploads/Reno_Street_Art/Robin-front.tif
503,/sftp/uploads/Reno_Street_Art/Robin-left.tif
537,/sftp/uploads/Reno_Street_Art/Robin-right.tif
106,/sftp/uploads/Reno_Street_Art/RRR_Elephant-JF.tif
135,/sftp/uploads/Reno_Street_Art/RylerMartz-angle.tif
155,/sftp/uploads/Reno_Street_Art/RylerMartz.tif
564,/sftp/uploads/Reno_Street_Art/SebastionCoolidge_MuralExpo-full-JF.tif
565,/sftp/uploads/Reno_Street_Art/SebastionCoolidge_MuralExpo-JF.tif
369,/sftp/uploads/Reno_Street_Art/Sheas-JF.tif
133,/sftp/uploads/Reno_Street_Art/ShootersSaloon_angle.tif
154,/sftp/uploads/Reno_Street_Art/ShootersSaloon-closeup.tif
184,/sftp/uploads/Reno_Street_Art/ShootersSaloon-full.tif
223,/sftp/uploads/Reno_Street_Art/Sierra&2nd_MuralExpo-JF.tif
222,/sftp/uploads/Reno_Street_Art/SleepyTime_WestStMarketAlley.tif
364,/sftp/uploads/Reno_Street_Art/SmokingCaterpillar-closeup.tif
501,/sftp/uploads/Reno_Street_Art/SmokingCaterpillar.tif
8,/sftp/uploads/Reno_Street_Art/SprayPositive_full.tif
125,/sftp/uploads/Reno_Street_Art/SprayPositive_Mid.tif
74,/sftp/uploads/Reno_Street_Art/SprayPositive_Westside.tif
219,/sftp/uploads/Reno_Street_Art/SprayPositive-southside.tif
270,/sftp/uploads/Reno_Street_Art/Stephane_MuralExpo-closeup-JF.tif
248,/sftp/uploads/Reno_Street_Art/Stephane_MuralExpo-JF.tif
247,/sftp/uploads/Reno_Street_Art/Stephane_MuralExpo-straight-JF.tif
41,/sftp/uploads/Reno_Street_Art/StephaneCellier_MuralExpo.tif
50,/sftp/uploads/Reno_Street_Art/StephaneCellier-angle.tif
84,/sftp/uploads/Reno_Street_Art/StephaneCellier.tif
337,/sftp/uploads/Reno_Street_Art/StingRay_closeup.tif
329,/sftp/uploads/Reno_Street_Art/Sun&Swirls_WestSteetMarketAlley.tif
105,/sftp/uploads/Reno_Street_Art/TA_BugCity-JF.tif
139,/sftp/uploads/Reno_Street_Art/Taylor-Alley-Photo-Pano.tif
443,/sftp/uploads/Reno_Street_Art/TaylorAlley_Bug.tif
414,/sftp/uploads/Reno_Street_Art/TaylorAlley_Dirt.tif
183,/sftp/uploads/Reno_Street_Art/TaylorAlley_Full-JF.tif
62,/sftp/uploads/Reno_Street_Art/TaylorAlley_HS&UTI.tif
505,/sftp/uploads/Reno_Street_Art/TaylorAlley_Mummy.tif
211,/sftp/uploads/Reno_Street_Art/TaylorAlley_rightangle.tif
442,/sftp/uploads/Reno_Street_Art/TaylorAlley_Saeme&WaiUtI.tif
169,/sftp/uploads/Reno_Street_Art/TaylorAlley_Skeleton.tif
388,/sftp/uploads/Reno_Street_Art/TaylorAlley_SkeletonMummy-closeup.tif
243,/sftp/uploads/Reno_Street_Art/TaylorAlley_Vaka-closeup.tif
293,/sftp/uploads/Reno_Street_Art/TaylorAlley_Vaka.tif
89,/sftp/uploads/Reno_Street_Art/TayloreAlley_EagleWoman.tif
31,/sftp/uploads/Reno_Street_Art/Trout_Full-JF.tif
201,/sftp/uploads/Reno_Street_Art/Trout-JF.tif
15,/sftp/uploads/Reno_Street_Art/Umbrellas_left.tif
466,/sftp/uploads/Reno_Street_Art/Umbrellas_right.tif
516,/sftp/uploads/Reno_Street_Art/Unbrellas_front.tif
320,/sftp/uploads/Reno_Street_Art/UrbanTerrorInvasion_JF.tif
489,/sftp/uploads/Reno_Street_Art/UrbanTerrorInvasion2-JF.tif
159,/sftp/uploads/Reno_Street_Art/UTI_TaAdjacent-JF.tif
330,/sftp/uploads/Reno_Street_Art/UTICrew_BackofCandyShop-closeup.tif
157,/sftp/uploads/Reno_Street_Art/UTICrew_BackofCandyShop-monikers.tif
279,/sftp/uploads/Reno_Street_Art/UTICrew_BackofCandyShop.tif
136,/sftp/uploads/Reno_Street_Art/UTICrew_MuralExpo-JF.tif
345,/sftp/uploads/Reno_Street_Art/UTICrew_thecrawlsign.tif
233,/sftp/uploads/Reno_Street_Art/UTICrew-leftangle.tif
161,/sftp/uploads/Reno_Street_Art/UTICrew-leftangle2.tif
361,/sftp/uploads/Reno_Street_Art/UTICrewHQ_MuralExpo-rightangle.tif
484,/sftp/uploads/Reno_Street_Art/UTICrewHQ_MuralExpo-rightanglecloseup.tif
349,/sftp/uploads/Reno_Street_Art/Vaka_AsiEsMiTeirra-closeup.tif
513,/sftp/uploads/Reno_Street_Art/Vaka_AsiEsMiTierra-rightangle.tif
527,/sftp/uploads/Reno_Street_Art/Vaka_AsiEsMiTierra.tif
85,/sftp/uploads/Reno_Street_Art/Vaka_Juicys-back.tif
51,/sftp/uploads/Reno_Street_Art/Vaka_Juicys-backangle.tif
418,/sftp/uploads/Reno_Street_Art/Vaka_Juicys-front.tif
226,/sftp/uploads/Reno_Street_Art/Vaka_Juicys-frontangle.tif
116,/sftp/uploads/Reno_Street_Art/Vaka_Juicys-frontangle2.tif
43,/sftp/uploads/Reno_Street_Art/Vaka_Juicys-left.tif
492,/sftp/uploads/Reno_Street_Art/Vaka_Rodea-front.tif
464,/sftp/uploads/Reno_Street_Art/Vaka_Rodeo-back.tif
54,/sftp/uploads/Reno_Street_Art/Vaka_Rodeo-left.tif
358,/sftp/uploads/Reno_Street_Art/Vaka_Rodeo-right.tif
416,/sftp/uploads/Reno_Street_Art/Vaka_StingRay-closeup.tif
356,/sftp/uploads/Reno_Street_Art/Vaka_StingRay-entrance.tif
108,/sftp/uploads/Reno_Street_Art/Vaka_StingRay-northeastcorner.tif
272,/sftp/uploads/Reno_Street_Art/Vaka_TortasShop-full.tif
180,/sftp/uploads/Reno_Street_Art/Vaka_TortasShop-fulllcloseup.tif
104,/sftp/uploads/Reno_Street_Art/Vaka_TortasShop-leftangle.tif
486,/sftp/uploads/Reno_Street_Art/Vaka_TortasShop-moniker.tif
379,/sftp/uploads/Reno_Street_Art/Vaka_TortasShop-rightend.tif
544,/sftp/uploads/Reno_Street_Art/Vaka_WellsBridge-back.tif
30,/sftp/uploads/Reno_Street_Art/Vaka_WellsBridge-front.tif
351,/sftp/uploads/Reno_Street_Art/Vaka_WellsBridge-left.tif
143,/sftp/uploads/Reno_Street_Art/Vaka_WellsBridge-right.tif
167,/sftp/uploads/Reno_Street_Art/Vaka_Wolf-back.tif
402,/sftp/uploads/Reno_Street_Art/Vaka_Wolf-front.tif
290,/sftp/uploads/Reno_Street_Art/VakaWolf_angle2.tif
151,/sftp/uploads/Reno_Street_Art/VakaWolf_leftside.tif
284,/sftp/uploads/Reno_Street_Art/VakaWolf_rightside.tif
23,/sftp/uploads/Reno_Street_Art/ValorParlor-JF.tif
311,/sftp/uploads/Reno_Street_Art/vanderSluijs&Lovegate-angle.tif
232,/sftp/uploads/Reno_Street_Art/vanderSluijs&Lovegate-closeup.tif
502,/sftp/uploads/Reno_Street_Art/vanderSluijs&Lovegates.tif
191,/sftp/uploads/Reno_Street_Art/WaterLand-front.tif
49,/sftp/uploads/Reno_Street_Art/WaterLand-left.tif
480,/sftp/uploads/Reno_Street_Art/WaterLand-right.tif
452,/sftp/uploads/Reno_Street_Art/WeAreChange_MuralExpo-close-JF.tif
29,/sftp/uploads/Reno_Street_Art/WeArePowerful_MuralExpo-JF.tif
536,/sftp/uploads/Reno_Street_Art/WelcomeToDickerson_rightangle.tif
348,/sftp/uploads/Reno_Street_Art/WelcomeToDickerson-full.tif
24,/sftp/uploads/Reno_Street_Art/WelcomeToDickerson-leftanlge.tif
171,/sftp/uploads/Reno_Street_Art/WeMakeClothesFit.tif
126,/sftp/uploads/Reno_Street_Art/WestStAlleyMarket_Mountains&BigHorn-JF.tif
101,/sftp/uploads/Reno_Street_Art/WestStMarketAlley_Full-JF.tif
250,/sftp/uploads/Reno_Street_Art/WhitneyPeakPG_full-JF.tif
195,/sftp/uploads/Reno_Street_Art/WildeOrchid_Full-JF.tif
367,/sftp/uploads/Reno_Street_Art/WildOrchid_Rightside-JF.tif
229,/sftp/uploads/Reno_Street_Art/YaleWolf&TiptonPower_MuralExpo.tif
189,/sftp/uploads/Reno_Street_Art/YelloRose-front.tif
213,/sftp/uploads/Reno_Street_Art/YellowRose-back.tif
0,/sftp/uploads/Reno_Street_Art/YellowRose-left.tif
313,/sftp/uploads/Reno_Street_Art/YellowRose-right.tif
403,/sftp/uploads/Reno_Street_Art/Zombies-back.tif
100,/sftp/uploads/Reno_Street_Art/Zombies-front.tif
340,/sftp/uploads/Reno_Street_Art/Zombies-left.tif
385,/sftp/uploads/Reno_Street_Art/Zombies-right.tif
